mode: set
github.com/linuxdeepin/lastore-daemon/src/internal/ratelimit/ratelimit.go:63.55,64.21 1 1
github.com/linuxdeepin/lastore-daemon/src/internal/ratelimit/ratelimit.go:64.21,66.3 1 1
github.com/linuxdeepin/lastore-daemon/src/internal/ratelimit/ratelimit.go:67.2,68.68 2 1
github.com/linuxdeepin/lastore-daemon/src/internal/ratelimit/ratelimit.go:68.68,70.3 1 1
github.com/linuxdeepin/lastore-daemon/src/internal/ratelimit/ratelimit.go:71.2,71.21 1 1
github.com/linuxdeepin/lastore-daemon/src/internal/ratelimit/ratelimit.go:72.23,73.46 1 1
github.com/linuxdeepin/lastore-daemon/src/internal/ratelimit/ratelimit.go:74.26,75.85 1 1
github.com/linuxdeepin/lastore-daemon/src/internal/ratelimit/ratelimit.go:77.2,77.14 1 1
github.com/linuxdeepin/lastore-daemon/src/internal/ratelimit/ratelimit.go:95.79,99.98 1 0
github.com/linuxdeepin/lastore-daemon/src/internal/ratelimit/ratelimit.go:99.98,101.3 1 0
github.com/linuxdeepin/lastore-daemon/src/internal/ratelimit/ratelimit.go:102.2,102.94 1 0
github.com/linuxdeepin/lastore-daemon/src/internal/ratelimit/ratelimit.go:102.94,104.3 1 0
github.com/linuxdeepin/lastore-daemon/src/internal/ratelimit/ratelimit.go:105.2,105.94 1 0
github.com/linuxdeepin/lastore-daemon/src/internal/ratelimit/ratelimit.go:105.94,107.3 1 0
github.com/linuxdeepin/lastore-daemon/src/internal/ratelimit/ratelimit.go:108.2,108.92 1 0
github.com/linuxdeepin/lastore-daemon/src/internal/ratelimit/ratelimit.go:108.92,110.3 1 0
github.com/linuxdeepin/lastore-daemon/src/internal/ratelimit/ratelimit.go:111.2,111.92 1 0
github.com/linuxdeepin/lastore-daemon/src/internal/ratelimit/ratelimit.go:111.92,113.3 1 0
github.com/linuxdeepin/lastore-daemon/src/internal/ratelimit/ratelimit.go:115.2,115.102 1 0
github.com/linuxdeepin/lastore-daemon/src/internal/ratelimit/ratelimit.go:115.102,117.3 1 0
github.com/linuxdeepin/lastore-daemon/src/internal/ratelimit/ratelimit.go:118.2,118.98 1 0
github.com/linuxdeepin/lastore-daemon/src/internal/ratelimit/ratelimit.go:118.98,120.3 1 0
github.com/linuxdeepin/lastore-daemon/src/internal/ratelimit/ratelimit.go:121.2,121.98 1 0
github.com/linuxdeepin/lastore-daemon/src/internal/ratelimit/ratelimit.go:121.98,123.3 1 0
github.com/linuxdeepin/lastore-daemon/src/internal/ratelimit/ratelimit.go:124.2,124.96 1 0
github.com/linuxdeepin/lastore-daemon/src/internal/ratelimit/ratelimit.go:124.96,126.3 1 0
github.com/linuxdeepin/lastore-daemon/src/internal/ratelimit/ratelimit.go:127.2,127.96 1 0
github.com/linuxdeepin/lastore-daemon/src/internal/ratelimit/ratelimit.go:127.96,129.3 1 0
github.com/linuxdeepin/lastore-daemon/src/internal/ratelimit/ratelimit.go:131.2,132.16 2 0
github.com/linuxdeepin/lastore-daemon/src/internal/ratelimit/ratelimit.go:132.16,134.3 1 0
github.com/linuxdeepin/lastore-daemon/src/internal/ratelimit/ratelimit.go:135.2,136.16 2 0
github.com/linuxdeepin/lastore-daemon/src/internal/ratelimit/ratelimit.go:136.16,138.3 1 0
github.com/linuxdeepin/lastore-daemon/src/internal/ratelimit/ratelimit.go:139.2,142.16 4 0
github.com/linuxdeepin/lastore-daemon/src/internal/ratelimit/ratelimit.go:142.16,144.3 1 0
github.com/linuxdeepin/lastore-daemon/src/internal/ratelimit/ratelimit.go:145.2,146.153 2 0
github.com/linuxdeepin/lastore-daemon/src/internal/ratelimit/ratelimit.go:146.153,148.3 1 0
github.com/linuxdeepin/lastore-daemon/src/internal/ratelimit/ratelimit.go:149.2,149.12 1 0
github.com/linuxdeepin/lastore-daemon/src/internal/ratelimit/ratelimit.go:154.47,156.16 2 0
github.com/linuxdeepin/lastore-daemon/src/internal/ratelimit/ratelimit.go:156.16,158.3 1 0
github.com/linuxdeepin/lastore-daemon/src/internal/ratelimit/ratelimit.go:159.2,160.105 2 0
github.com/linuxdeepin/lastore-daemon/src/internal/ratelimit/ratelimit.go:160.105,162.3 1 0
github.com/linuxdeepin/lastore-daemon/src/internal/ratelimit/ratelimit.go:163.2,163.12 1 0
github.com/linuxdeepin/lastore-daemon/src/internal/ratelimit/ratelimit.go:168.45,170.16 2 0
github.com/linuxdeepin/lastore-daemon/src/internal/ratelimit/ratelimit.go:170.16,172.3 1 0
github.com/linuxdeepin/lastore-daemon/src/internal/ratelimit/ratelimit.go:173.2,174.103 2 0
github.com/linuxdeepin/lastore-daemon/src/internal/ratelimit/ratelimit.go:174.103,176.3 1 0
github.com/linuxdeepin/lastore-daemon/src/internal/ratelimit/ratelimit.go:177.2,177.12 1 0
github.com/linuxdeepin/lastore-daemon/src/internal/ratelimit/ratelimit.go:180.58,182.2 1 0
github.com/linuxdeepin/lastore-daemon/src/internal/ratelimit/ratelimit.go:184.60,186.2 1 0
github.com/linuxdeepin/lastore-daemon/src/internal/ratelimit/ratelimit.go:188.65,190.16 2 0
github.com/linuxdeepin/lastore-daemon/src/internal/ratelimit/ratelimit.go:190.16,192.3 1 0
github.com/linuxdeepin/lastore-daemon/src/internal/ratelimit/ratelimit.go:193.2,195.16 3 0
github.com/linuxdeepin/lastore-daemon/src/internal/ratelimit/ratelimit.go:195.16,197.3 1 0
github.com/linuxdeepin/lastore-daemon/src/internal/ratelimit/ratelimit.go:199.2,201.22 3 0
github.com/linuxdeepin/lastore-daemon/src/internal/ratelimit/ratelimit.go:201.22,203.3 1 0
github.com/linuxdeepin/lastore-daemon/src/internal/ratelimit/ratelimit.go:204.2,204.70 1 0
github.com/linuxdeepin/lastore-daemon/src/internal/ratelimit/ratelimit.go:204.70,206.3 1 0
github.com/linuxdeepin/lastore-daemon/src/internal/ratelimit/ratelimit.go:207.2,207.22 1 0
github.com/linuxdeepin/lastore-daemon/src/internal/ratelimit/ratelimit.go:210.78,212.38 2 1
github.com/linuxdeepin/lastore-daemon/src/internal/ratelimit/ratelimit.go:212.38,214.22 2 1
github.com/linuxdeepin/lastore-daemon/src/internal/ratelimit/ratelimit.go:214.22,216.4 1 1
github.com/linuxdeepin/lastore-daemon/src/internal/ratelimit/ratelimit.go:218.2,218.81 1 1
github.com/linuxdeepin/lastore-daemon/src/internal/ratelimit/ratelimit.go:218.81,220.22 2 1
github.com/linuxdeepin/lastore-daemon/src/internal/ratelimit/ratelimit.go:220.22,222.4 1 1
github.com/linuxdeepin/lastore-daemon/src/internal/ratelimit/ratelimit.go:224.2,224.81 1 1
github.com/linuxdeepin/lastore-daemon/src/internal/ratelimit/ratelimit.go:224.81,226.22 2 1
github.com/linuxdeepin/lastore-daemon/src/internal/ratelimit/ratelimit.go:226.22,228.4 1 1
github.com/linuxdeepin/lastore-daemon/src/internal/ratelimit/ratelimit.go:230.2,230.23 1 1
github.com/linuxdeepin/lastore-daemon/src/internal/ratelimit/ratelimit.go:233.76,234.17 1 1
github.com/linuxdeepin/lastore-daemon/src/internal/ratelimit/ratelimit.go:234.17,236.3 1 1
github.com/linuxdeepin/lastore-daemon/src/internal/ratelimit/ratelimit.go:237.2,238.20 2 1
github.com/linuxdeepin/lastore-daemon/src/internal/ratelimit/ratelimit.go:238.20,242.3 3 1
github.com/linuxdeepin/lastore-daemon/src/internal/ratelimit/ratelimit.go:242.8,246.3 3 1
github.com/linuxdeepin/lastore-daemon/src/internal/ratelimit/ratelimit.go:248.2,248.26 1 1
github.com/linuxdeepin/lastore-daemon/src/internal/ratelimit/ratelimit.go:248.26,250.17 2 1
github.com/linuxdeepin/lastore-daemon/src/internal/ratelimit/ratelimit.go:250.17,252.4 1 1
github.com/linuxdeepin/lastore-daemon/src/internal/ratelimit/ratelimit.go:254.2,254.24 1 1
github.com/linuxdeepin/lastore-daemon/src/internal/ratelimit/ratelimit.go:254.24,256.17 2 1
github.com/linuxdeepin/lastore-daemon/src/internal/ratelimit/ratelimit.go:256.17,258.4 1 1
github.com/linuxdeepin/lastore-daemon/src/internal/ratelimit/ratelimit.go:260.2,260.18 1 1
github.com/linuxdeepin/lastore-daemon/src/internal/ratelimit/ratelimit.go:269.39,270.17 1 1
github.com/linuxdeepin/lastore-daemon/src/internal/ratelimit/ratelimit.go:270.17,272.3 1 1
github.com/linuxdeepin/lastore-daemon/src/internal/ratelimit/ratelimit.go:273.2,273.68 1 1
github.com/linuxdeepin/lastore-daemon/src/internal/ratelimit/ratelimit.go:273.68,275.3 1 1
github.com/linuxdeepin/lastore-daemon/src/internal/ratelimit/ratelimit.go:276.2,276.72 1 1
github.com/linuxdeepin/lastore-daemon/src/internal/ratelimit/ratelimit.go:276.72,278.3 1 1
github.com/linuxdeepin/lastore-daemon/src/internal/ratelimit/ratelimit.go:281.43,285.2 3 1
github.com/linuxdeepin/lastore-daemon/src/internal/ratelimit/ratelimit.go:287.101,290.23 2 1
github.com/linuxdeepin/lastore-daemon/src/internal/ratelimit/ratelimit.go:290.23,292.72 2 1
github.com/linuxdeepin/lastore-daemon/src/internal/ratelimit/ratelimit.go:292.72,294.4 1 1
github.com/linuxdeepin/lastore-daemon/src/internal/ratelimit/ratelimit.go:296.2,296.21 1 1
github.com/linuxdeepin/lastore-daemon/src/internal/ratelimit/ratelimit.go:296.21,298.70 2 1
github.com/linuxdeepin/lastore-daemon/src/internal/ratelimit/ratelimit.go:298.70,300.4 1 1
github.com/linuxdeepin/lastore-daemon/src/internal/ratelimit/ratelimit.go:302.2,302.24 1 1
github.com/linuxdeepin/lastore-daemon/src/internal/ratelimit/ratelimit.go:302.24,304.73 2 1
github.com/linuxdeepin/lastore-daemon/src/internal/ratelimit/ratelimit.go:304.73,306.4 1 1
github.com/linuxdeepin/lastore-daemon/src/internal/ratelimit/ratelimit.go:309.2,309.16 1 1
github.com/linuxdeepin/lastore-daemon/src/internal/system/apt/apt.go:22.49,23.38 1 1
github.com/linuxdeepin/lastore-daemon/src/internal/system/apt/apt.go:23.38,26.3 2 1
github.com/linuxdeepin/lastore-daemon/src/internal/system/apt/apt.go:27.2,28.27 2 1
github.com/linuxdeepin/lastore-daemon/src/internal/system/apt/apt.go:30.42,32.9 2 1
github.com/linuxdeepin/lastore-daemon/src/internal/system/apt/apt.go:32.9,35.3 2 1
github.com/linuxdeepin/lastore-daemon/src/internal/system/apt/apt.go:36.2,37.22 2 1
github.com/linuxdeepin/lastore-daemon/src/internal/system/apt/apt.go:39.56,41.2 1 1
github.com/linuxdeepin/lastore-daemon/src/internal/system/apt/apt.go:43.68,50.86 3 1
github.com/linuxdeepin/lastore-daemon/src/internal/system/apt/apt.go:50.86,53.3 2 1
github.com/linuxdeepin/lastore-daemon/src/internal/system/apt/apt.go:55.2,55.28 1 1
github.com/linuxdeepin/lastore-daemon/src/internal/system/apt/apt.go:55.28,57.3 1 1
github.com/linuxdeepin/lastore-daemon/src/internal/system/apt/apt.go:58.2,58.17 1 1
github.com/linuxdeepin/lastore-daemon/src/internal/system/apt/apt.go:59.29,62.34 3 1
github.com/linuxdeepin/lastore-daemon/src/internal/system/apt/apt.go:63.40,66.34 3 1
github.com/linuxdeepin/lastore-daemon/src/internal/system/apt/apt.go:67.33,71.34 4 1
github.com/linuxdeepin/lastore-daemon/src/internal/system/apt/apt.go:72.28,75.34 3 1
github.com/linuxdeepin/lastore-daemon/src/internal/system/apt/apt.go:76.30,79.34 3 1
github.com/linuxdeepin/lastore-daemon/src/internal/system/apt/apt.go:80.34,83.51 3 1
github.com/linuxdeepin/lastore-daemon/src/internal/system/apt/apt.go:84.27,85.52 1 1
github.com/linuxdeepin/lastore-daemon/src/internal/system/apt/apt.go:86.28,87.96 1 1
github.com/linuxdeepin/lastore-daemon/src/internal/system/apt/apt.go:88.41,91.62 3 1
github.com/linuxdeepin/lastore-daemon/src/internal/system/apt/apt.go:92.39,95.62 3 1
github.com/linuxdeepin/lastore-daemon/src/internal/system/apt/apt.go:96.30,98.24 2 1
github.com/linuxdeepin/lastore-daemon/src/internal/system/apt/apt.go:98.24,100.4 1 1
github.com/linuxdeepin/lastore-daemon/src/internal/system/apt/apt.go:102.3,104.23 3 1
github.com/linuxdeepin/lastore-daemon/src/internal/system/apt/apt.go:104.23,107.4 2 0
github.com/linuxdeepin/lastore-daemon/src/internal/system/apt/apt.go:108.3,108.18 1 1
github.com/linuxdeepin/lastore-daemon/src/internal/system/apt/apt.go:109.36,110.124 1 1
github.com/linuxdeepin/lastore-daemon/src/internal/system/apt/apt.go:111.39,114.37 3 1
github.com/linuxdeepin/lastore-daemon/src/internal/system/apt/apt.go:115.11,116.42 1 1
github.com/linuxdeepin/lastore-daemon/src/internal/system/apt/apt.go:120.2,120.41 1 1
github.com/linuxdeepin/lastore-daemon/src/internal/system/apt/apt.go:123.168,143.2 6 0
github.com/linuxdeepin/lastore-daemon/src/internal/system/apt/apt.go:145.73,146.9 1 1
github.com/linuxdeepin/lastore-daemon/src/internal/system/apt/apt.go:147.54,148.76 1 1
github.com/linuxdeepin/lastore-daemon/src/internal/system/apt/apt.go:148.76,153.4 1 1
github.com/linuxdeepin/lastore-daemon/src/internal/system/apt/apt.go:154.3,154.61 1 1
github.com/linuxdeepin/lastore-daemon/src/internal/system/apt/apt.go:154.61,159.4 1 1
github.com/linuxdeepin/lastore-daemon/src/internal/system/apt/apt.go:160.3,163.4 1 1
github.com/linuxdeepin/lastore-daemon/src/internal/system/apt/apt.go:167.80,170.16 3 1
github.com/linuxdeepin/lastore-daemon/src/internal/system/apt/apt.go:170.16,172.4 1 1
github.com/linuxdeepin/lastore-daemon/src/internal/system/apt/apt.go:172.9,174.4 1 0
github.com/linuxdeepin/lastore-daemon/src/internal/system/apt/apt.go:176.3,179.4 1 1
github.com/linuxdeepin/lastore-daemon/src/internal/system/apt/apt.go:181.63,185.4 1 1
github.com/linuxdeepin/lastore-daemon/src/internal/system/apt/apt.go:188.37,193.16 3 1
github.com/linuxdeepin/lastore-daemon/src/internal/system/apt/apt.go:193.16,195.4 1 0
github.com/linuxdeepin/lastore-daemon/src/internal/system/apt/apt.go:195.9,197.4 1 1
github.com/linuxdeepin/lastore-daemon/src/internal/system/apt/apt.go:198.3,201.4 1 1
github.com/linuxdeepin/lastore-daemon/src/internal/system/apt/apt.go:203.68,207.4 1 1
github.com/linuxdeepin/lastore-daemon/src/internal/system/apt/apt.go:209.129,213.4 1 1
github.com/linuxdeepin/lastore-daemon/src/internal/system/apt/apt.go:215.74,219.4 1 1
github.com/linuxdeepin/lastore-daemon/src/internal/system/apt/apt.go:221.48,225.4 1 1
github.com/linuxdeepin/lastore-daemon/src/internal/system/apt/apt.go:227.70,231.4 1 1
github.com/linuxdeepin/lastore-daemon/src/internal/system/apt/apt.go:233.104,237.4 1 1
github.com/linuxdeepin/lastore-daemon/src/internal/system/apt/apt.go:239.56,243.4 1 1
github.com/linuxdeepin/lastore-daemon/src/internal/system/apt/apt.go:245.53,249.4 1 1
github.com/linuxdeepin/lastore-daemon/src/internal/system/apt/apt.go:251.76,256.4 2 1
github.com/linuxdeepin/lastore-daemon/src/internal/system/apt/apt.go:258.10,262.4 1 1
github.com/linuxdeepin/lastore-daemon/src/internal/system/apt/apt.go:266.112,268.28 2 0
github.com/linuxdeepin/lastore-daemon/src/internal/system/apt/apt.go:268.28,270.3 1 0
github.com/linuxdeepin/lastore-daemon/src/internal/system/apt/apt.go:272.2,278.16 7 0
github.com/linuxdeepin/lastore-daemon/src/internal/system/apt/apt.go:278.16,280.3 1 0
github.com/linuxdeepin/lastore-daemon/src/internal/system/apt/apt.go:281.2,287.16 7 0
github.com/linuxdeepin/lastore-daemon/src/internal/system/apt/apt.go:287.16,289.3 1 0
github.com/linuxdeepin/lastore-daemon/src/internal/system/apt/apt.go:290.2,290.21 1 0
github.com/linuxdeepin/lastore-daemon/src/internal/system/apt/apt.go:294.56,296.22 2 0
github.com/linuxdeepin/lastore-daemon/src/internal/system/apt/apt.go:296.22,298.3 1 0
github.com/linuxdeepin/lastore-daemon/src/internal/system/apt/apt.go:300.2,301.16 2 0
github.com/linuxdeepin/lastore-daemon/src/internal/system/apt/apt.go:301.16,304.30 3 0
github.com/linuxdeepin/lastore-daemon/src/internal/system/apt/apt.go:304.30,307.18 3 0
github.com/linuxdeepin/lastore-daemon/src/internal/system/apt/apt.go:307.18,309.19 2 0
github.com/linuxdeepin/lastore-daemon/src/internal/system/apt/apt.go:309.19,310.20 1 0
github.com/linuxdeepin/lastore-daemon/src/internal/system/apt/apt.go:310.20,312.7 1 0
github.com/linuxdeepin/lastore-daemon/src/internal/system/apt/apt.go:317.2,317.14 1 0
github.com/linuxdeepin/lastore-daemon/src/internal/system/apt/proxy.go:35.99,39.2 3 0
github.com/linuxdeepin/lastore-daemon/src/internal/system/apt/proxy.go:41.89,50.2 3 0
github.com/linuxdeepin/lastore-daemon/src/internal/system/apt/proxy.go:52.52,54.16 2 1
github.com/linuxdeepin/lastore-daemon/src/internal/system/apt/proxy.go:54.16,56.3 1 1
github.com/linuxdeepin/lastore-daemon/src/internal/system/apt/proxy.go:57.2,57.22 1 1
github.com/linuxdeepin/lastore-daemon/src/internal/system/apt/proxy.go:60.89,61.42 1 1
github.com/linuxdeepin/lastore-daemon/src/internal/system/apt/proxy.go:61.42,71.24 10 1
github.com/linuxdeepin/lastore-daemon/src/internal/system/apt/proxy.go:71.24,73.4 1 1
github.com/linuxdeepin/lastore-daemon/src/internal/system/apt/proxy.go:74.3,74.30 1 1
github.com/linuxdeepin/lastore-daemon/src/internal/system/apt/proxy.go:74.30,76.20 2 1
github.com/linuxdeepin/lastore-daemon/src/internal/system/apt/proxy.go:76.20,77.13 1 0
github.com/linuxdeepin/lastore-daemon/src/internal/system/apt/proxy.go:79.4,82.61 3 1
github.com/linuxdeepin/lastore-daemon/src/internal/system/apt/proxy.go:82.61,83.13 1 1
github.com/linuxdeepin/lastore-daemon/src/internal/system/apt/proxy.go:84.10,84.32 1 1
github.com/linuxdeepin/lastore-daemon/src/internal/system/apt/proxy.go:84.32,86.19 2 1
github.com/linuxdeepin/lastore-daemon/src/internal/system/apt/proxy.go:86.19,89.6 2 1
github.com/linuxdeepin/lastore-daemon/src/internal/system/apt/proxy.go:90.10,90.29 1 1
github.com/linuxdeepin/lastore-daemon/src/internal/system/apt/proxy.go:90.29,92.5 1 1
github.com/linuxdeepin/lastore-daemon/src/internal/system/apt/proxy.go:92.10,92.29 1 1
github.com/linuxdeepin/lastore-daemon/src/internal/system/apt/proxy.go:92.29,94.5 1 1
github.com/linuxdeepin/lastore-daemon/src/internal/system/apt/proxy.go:97.3,99.16 3 1
github.com/linuxdeepin/lastore-daemon/src/internal/system/apt/proxy.go:99.16,101.4 1 1
github.com/linuxdeepin/lastore-daemon/src/internal/system/apt/proxy.go:101.9,103.4 1 1
github.com/linuxdeepin/lastore-daemon/src/internal/system/apt/proxy.go:104.3,104.38 1 1
github.com/linuxdeepin/lastore-daemon/src/internal/system/apt/proxy.go:106.2,106.55 1 1
github.com/linuxdeepin/lastore-daemon/src/internal/system/apt/proxy.go:109.73,111.18 2 1
github.com/linuxdeepin/lastore-daemon/src/internal/system/apt/proxy.go:111.18,113.3 1 1
github.com/linuxdeepin/lastore-daemon/src/internal/system/apt/proxy.go:115.2,116.16 2 1
github.com/linuxdeepin/lastore-daemon/src/internal/system/apt/proxy.go:116.16,118.3 1 0
github.com/linuxdeepin/lastore-daemon/src/internal/system/apt/proxy.go:119.2,126.18 5 1
github.com/linuxdeepin/lastore-daemon/src/internal/system/apt/proxy.go:127.15,128.32 1 1
github.com/linuxdeepin/lastore-daemon/src/internal/system/apt/proxy.go:129.18,131.32 2 1
github.com/linuxdeepin/lastore-daemon/src/internal/system/apt/proxy.go:132.18,135.21 3 1
github.com/linuxdeepin/lastore-daemon/src/internal/system/apt/proxy.go:136.17,138.38 2 1
github.com/linuxdeepin/lastore-daemon/src/internal/system/apt/proxy.go:138.38,140.4 1 1
github.com/linuxdeepin/lastore-daemon/src/internal/system/apt/proxy.go:142.10,145.43 1 1
github.com/linuxdeepin/lastore-daemon/src/internal/system/apt/proxy.go:149.2,155.8 1 1
github.com/linuxdeepin/lastore-daemon/src/internal/system/apt/proxy.go:158.57,160.2 1 0
github.com/linuxdeepin/lastore-daemon/src/internal/system/apt/proxy.go:162.73,164.2 1 0
github.com/linuxdeepin/lastore-daemon/src/internal/system/apt/proxy.go:166.28,167.6 1 0
github.com/linuxdeepin/lastore-daemon/src/internal/system/apt/proxy.go:167.6,169.11 2 0
github.com/linuxdeepin/lastore-daemon/src/internal/system/apt/proxy.go:169.11,173.12 3 0
github.com/linuxdeepin/lastore-daemon/src/internal/system/apt/proxy.go:176.3,177.11 2 0
github.com/linuxdeepin/lastore-daemon/src/internal/system/apt/proxy.go:177.11,181.12 3 0
github.com/linuxdeepin/lastore-daemon/src/internal/system/apt/proxy.go:184.3,184.9 1 0
github.com/linuxdeepin/lastore-daemon/src/internal/system/apt/proxy.go:189.49,191.2 1 1
github.com/linuxdeepin/lastore-daemon/src/internal/system/apt/proxy.go:193.49,194.19 1 1
github.com/linuxdeepin/lastore-daemon/src/internal/system/apt/proxy.go:194.19,196.3 1 1
github.com/linuxdeepin/lastore-daemon/src/internal/system/apt/proxy.go:197.2,197.9 1 1
github.com/linuxdeepin/lastore-daemon/src/internal/system/apt/proxy.go:198.59,202.4 1 1
github.com/linuxdeepin/lastore-daemon/src/internal/system/apt/proxy.go:204.106,208.16 3 1
github.com/linuxdeepin/lastore-daemon/src/internal/system/apt/proxy.go:208.16,211.4 1 1
github.com/linuxdeepin/lastore-daemon/src/internal/system/apt/proxy.go:211.9,213.4 1 1
github.com/linuxdeepin/lastore-daemon/src/internal/system/apt/proxy.go:215.3,218.4 1 1
github.com/linuxdeepin/lastore-daemon/src/internal/system/apt/proxy.go:220.76,225.4 2 1
github.com/linuxdeepin/lastore-daemon/src/internal/system/apt/proxy.go:227.10,232.4 2 1
github.com/linuxdeepin/lastore-daemon/src/internal/system/apt/proxy.go:236.71,238.11 2 0
github.com/linuxdeepin/lastore-daemon/src/internal/system/apt/proxy.go:238.11,241.3 1 0
github.com/linuxdeepin/lastore-daemon/src/internal/system/apt/proxy.go:243.2,244.10 2 0
github.com/linuxdeepin/lastore-daemon/src/internal/system/apt/proxy.go:244.10,247.3 1 0
github.com/linuxdeepin/lastore-daemon/src/internal/system/apt/proxy.go:248.2,252.15 5 0
github.com/linuxdeepin/lastore-daemon/src/internal/system/apt/proxy.go:252.15,257.3 1 0
github.com/linuxdeepin/lastore-daemon/src/internal/system/apt/proxy.go:259.2,264.16 3 0
github.com/linuxdeepin/lastore-daemon/src/internal/system/apt/proxy.go:264.16,266.3 1 0
github.com/linuxdeepin/lastore-daemon/src/internal/system/apt/proxy.go:267.2,267.88 1 0
github.com/linuxdeepin/lastore-daemon/src/internal/system/apt/proxy.go:267.88,268.53 1 0
github.com/linuxdeepin/lastore-daemon/src/internal/system/apt/proxy.go:268.53,273.4 1 0
github.com/linuxdeepin/lastore-daemon/src/internal/system/apt/proxy.go:273.9,278.4 1 0
github.com/linuxdeepin/lastore-daemon/src/internal/system/apt/proxy.go:279.3,279.19 1 0
github.com/linuxdeepin/lastore-daemon/src/internal/system/apt/proxy.go:282.2,290.15 3 0
github.com/linuxdeepin/lastore-daemon/src/internal/system/apt/proxy.go:293.41,306.16 9 0
github.com/linuxdeepin/lastore-daemon/src/internal/system/apt/proxy.go:306.16,308.3 1 0
github.com/linuxdeepin/lastore-daemon/src/internal/system/apt/proxy.go:309.2,309.12 1 0
github.com/linuxdeepin/lastore-daemon/src/internal/system/apt/proxy.go:309.12,311.17 2 0
github.com/linuxdeepin/lastore-daemon/src/internal/system/apt/proxy.go:311.17,315.4 3 0
github.com/linuxdeepin/lastore-daemon/src/internal/system/apt/proxy.go:319.3,319.86 1 0
github.com/linuxdeepin/lastore-daemon/src/internal/system/apt/proxy.go:319.86,322.4 2 0
github.com/linuxdeepin/lastore-daemon/src/internal/system/apt/proxy.go:325.3,326.17 2 0
github.com/linuxdeepin/lastore-daemon/src/internal/system/apt/proxy.go:326.17,329.4 1 0
github.com/linuxdeepin/lastore-daemon/src/internal/system/apt/proxy.go:331.2,331.12 1 0
github.com/linuxdeepin/lastore-daemon/src/internal/system/apt/proxy.go:353.52,354.31 1 1
github.com/linuxdeepin/lastore-daemon/src/internal/system/apt/proxy.go:354.31,355.38 1 1
github.com/linuxdeepin/lastore-daemon/src/internal/system/apt/proxy.go:355.38,357.4 1 1
github.com/linuxdeepin/lastore-daemon/src/internal/system/apt/proxy.go:359.2,359.12 1 1
github.com/linuxdeepin/lastore-daemon/src/internal/system/apt/proxy.go:362.55,364.34 2 1
github.com/linuxdeepin/lastore-daemon/src/internal/system/apt/proxy.go:364.34,367.3 2 1
github.com/linuxdeepin/lastore-daemon/src/internal/system/apt/proxy.go:368.2,368.13 1 1
github.com/linuxdeepin/lastore-daemon/src/internal/system/apt/proxy.go:371.128,372.55 1 0
github.com/linuxdeepin/lastore-daemon/src/internal/system/apt/proxy.go:372.55,374.3 1 0
github.com/linuxdeepin/lastore-daemon/src/internal/system/apt/proxy.go:375.2,376.16 2 0
github.com/linuxdeepin/lastore-daemon/src/internal/system/apt/proxy.go:376.16,378.3 1 0
github.com/linuxdeepin/lastore-daemon/src/internal/system/apt/proxy.go:379.2,381.18 3 0
github.com/linuxdeepin/lastore-daemon/src/internal/system/apt/proxy.go:384.126,385.55 1 0
github.com/linuxdeepin/lastore-daemon/src/internal/system/apt/proxy.go:385.55,387.3 1 0
github.com/linuxdeepin/lastore-daemon/src/internal/system/apt/proxy.go:396.2,396.25 1 0
github.com/linuxdeepin/lastore-daemon/src/internal/system/apt/proxy.go:396.25,399.9 3 0
github.com/linuxdeepin/lastore-daemon/src/internal/system/apt/proxy.go:399.9,401.4 1 0
github.com/linuxdeepin/lastore-daemon/src/internal/system/apt/proxy.go:403.3,406.17 4 0
github.com/linuxdeepin/lastore-daemon/src/internal/system/apt/proxy.go:406.17,410.4 1 0
github.com/linuxdeepin/lastore-daemon/src/internal/system/apt/proxy.go:411.3,416.19 5 0
github.com/linuxdeepin/lastore-daemon/src/internal/system/apt/proxy.go:418.2,420.18 3 0
github.com/linuxdeepin/lastore-daemon/src/internal/system/apt/proxy.go:423.94,424.55 1 0
github.com/linuxdeepin/lastore-daemon/src/internal/system/apt/proxy.go:424.55,426.3 1 0
github.com/linuxdeepin/lastore-daemon/src/internal/system/apt/proxy.go:427.2,429.16 3 0
github.com/linuxdeepin/lastore-daemon/src/internal/system/apt/proxy.go:429.16,431.3 1 0
github.com/linuxdeepin/lastore-daemon/src/internal/system/apt/proxy.go:433.2,436.21 4 0
github.com/linuxdeepin/lastore-daemon/src/internal/system/apt/proxy.go:439.119,440.55 1 0
github.com/linuxdeepin/lastore-daemon/src/internal/system/apt/proxy.go:440.55,442.3 1 0
github.com/linuxdeepin/lastore-daemon/src/internal/system/apt/proxy.go:443.2,445.16 3 0
github.com/linuxdeepin/lastore-daemon/src/internal/system/apt/proxy.go:445.16,447.3 1 0
github.com/linuxdeepin/lastore-daemon/src/internal/system/apt/proxy.go:448.2,451.21 4 0
github.com/linuxdeepin/lastore-daemon/src/internal/system/apt/proxy.go:454.123,455.55 1 0
github.com/linuxdeepin/lastore-daemon/src/internal/system/apt/proxy.go:455.55,457.3 1 0
github.com/linuxdeepin/lastore-daemon/src/internal/system/apt/proxy.go:458.2,460.16 3 0
github.com/linuxdeepin/lastore-daemon/src/internal/system/apt/proxy.go:460.16,464.65 3 0
github.com/linuxdeepin/lastore-daemon/src/internal/system/apt/proxy.go:464.65,466.4 1 0
github.com/linuxdeepin/lastore-daemon/src/internal/system/apt/proxy.go:469.2,469.25 1 0
github.com/linuxdeepin/lastore-daemon/src/internal/system/apt/proxy.go:469.25,473.9 4 0
github.com/linuxdeepin/lastore-daemon/src/internal/system/apt/proxy.go:473.9,475.4 1 0
github.com/linuxdeepin/lastore-daemon/src/internal/system/apt/proxy.go:477.3,480.17 4 0
github.com/linuxdeepin/lastore-daemon/src/internal/system/apt/proxy.go:480.17,484.4 1 0
github.com/linuxdeepin/lastore-daemon/src/internal/system/apt/proxy.go:485.3,490.19 5 0
github.com/linuxdeepin/lastore-daemon/src/internal/system/apt/proxy.go:493.2,496.21 4 0
github.com/linuxdeepin/lastore-daemon/src/internal/system/apt/proxy.go:499.105,500.25 1 0
github.com/linuxdeepin/lastore-daemon/src/internal/system/apt/proxy.go:500.25,503.17 3 0
github.com/linuxdeepin/lastore-daemon/src/internal/system/apt/proxy.go:503.17,505.4 1 0
github.com/linuxdeepin/lastore-daemon/src/internal/system/apt/proxy.go:507.2,508.27 2 0
github.com/linuxdeepin/lastore-daemon/src/internal/system/apt/proxy.go:508.27,510.122 1 0
github.com/linuxdeepin/lastore-daemon/src/internal/system/apt/proxy.go:510.122,511.75 1 0
github.com/linuxdeepin/lastore-daemon/src/internal/system/apt/proxy.go:511.75,513.5 1 0
github.com/linuxdeepin/lastore-daemon/src/internal/system/apt/proxy.go:513.10,515.5 1 0
github.com/linuxdeepin/lastore-daemon/src/internal/system/apt/proxy.go:516.4,516.15 1 0
github.com/linuxdeepin/lastore-daemon/src/internal/system/apt/proxy.go:518.3,518.15 1 0
github.com/linuxdeepin/lastore-daemon/src/internal/system/apt/proxy.go:520.2,521.18 2 0
github.com/linuxdeepin/lastore-daemon/src/internal/system/apt/proxy.go:524.47,527.2 2 0
github.com/linuxdeepin/lastore-daemon/src/internal/system/apt/proxy.go:529.47,530.37 1 0
github.com/linuxdeepin/lastore-daemon/src/internal/system/apt/proxy.go:530.37,532.3 1 0
github.com/linuxdeepin/lastore-daemon/src/internal/system/apt/proxy.go:533.2,533.47 1 0
github.com/linuxdeepin/lastore-daemon/src/internal/system/apt/proxy.go:536.57,537.37 1 0
github.com/linuxdeepin/lastore-daemon/src/internal/system/apt/proxy.go:537.37,539.3 1 0
github.com/linuxdeepin/lastore-daemon/src/internal/system/apt/proxy.go:540.2,540.47 1 0
github.com/linuxdeepin/lastore-daemon/src/internal/system/apt/proxy.go:543.117,548.68 5 0
github.com/linuxdeepin/lastore-daemon/src/internal/system/apt/proxy.go:548.68,550.3 1 0
github.com/linuxdeepin/lastore-daemon/src/internal/system/apt/proxy.go:552.2,552.65 1 0
github.com/linuxdeepin/lastore-daemon/src/internal/system/apt/proxy.go:552.65,555.17 3 0
github.com/linuxdeepin/lastore-daemon/src/internal/system/apt/proxy.go:555.17,557.4 1 0
github.com/linuxdeepin/lastore-daemon/src/internal/system/apt/proxy.go:560.2,560.18 1 0
github.com/linuxdeepin/lastore-daemon/src/internal/system/apt/proxy.go:563.125,565.2 1 0
github.com/linuxdeepin/lastore-daemon/src/internal/system/apt/proxy.go:567.77,569.16 2 0
github.com/linuxdeepin/lastore-daemon/src/internal/system/apt/proxy.go:569.16,571.3 1 0
github.com/linuxdeepin/lastore-daemon/src/internal/system/apt/proxy.go:572.2,573.16 2 0
github.com/linuxdeepin/lastore-daemon/src/internal/system/apt/proxy.go:573.16,575.3 1 0
github.com/linuxdeepin/lastore-daemon/src/internal/system/apt/proxy.go:578.63,594.58 10 0
github.com/linuxdeepin/lastore-daemon/src/internal/system/apt/proxy.go:594.58,597.3 2 0
github.com/linuxdeepin/lastore-daemon/src/internal/system/apt/proxy.go:599.2,600.17 2 0
github.com/linuxdeepin/lastore-daemon/src/internal/system/apt/proxy.go:608.152,617.23 5 0
github.com/linuxdeepin/lastore-daemon/src/internal/system/apt/proxy.go:617.23,619.3 1 0
github.com/linuxdeepin/lastore-daemon/src/internal/system/apt/proxy.go:620.2,626.16 7 0
github.com/linuxdeepin/lastore-daemon/src/internal/system/apt/proxy.go:626.16,629.3 2 0
github.com/linuxdeepin/lastore-daemon/src/internal/system/apt/proxy.go:630.2,635.51 4 0
github.com/linuxdeepin/lastore-daemon/src/internal/system/apt/proxy.go:635.51,638.32 2 0
github.com/linuxdeepin/lastore-daemon/src/internal/system/apt/proxy.go:638.32,640.24 2 0
github.com/linuxdeepin/lastore-daemon/src/internal/system/apt/proxy.go:640.24,642.5 1 0
github.com/linuxdeepin/lastore-daemon/src/internal/system/apt/proxy.go:643.4,643.25 1 0
github.com/linuxdeepin/lastore-daemon/src/internal/system/apt/proxy.go:643.25,649.5 1 0
github.com/linuxdeepin/lastore-daemon/src/internal/system/apt/proxy.go:649.10,651.32 2 0
github.com/linuxdeepin/lastore-daemon/src/internal/system/apt/proxy.go:651.32,657.6 1 0
github.com/linuxdeepin/lastore-daemon/src/internal/system/apt/proxy.go:661.2,661.48 1 0
github.com/linuxdeepin/lastore-daemon/src/internal/system/apt/proxy.go:666.84,672.50 2 0
github.com/linuxdeepin/lastore-daemon/src/internal/system/apt/proxy.go:672.50,673.19 1 0
github.com/linuxdeepin/lastore-daemon/src/internal/system/apt/proxy.go:673.19,676.4 2 0
github.com/linuxdeepin/lastore-daemon/src/internal/system/apt/proxy.go:676.9,679.4 2 0
github.com/linuxdeepin/lastore-daemon/src/internal/system/apt/proxy.go:680.8,682.3 1 0
github.com/linuxdeepin/lastore-daemon/src/internal/system/apt/proxy.go:683.2,695.56 11 0
github.com/linuxdeepin/lastore-daemon/src/internal/system/apt/proxy.go:695.56,700.3 3 0
github.com/linuxdeepin/lastore-daemon/src/internal/system/apt/proxy.go:702.2,703.17 2 0
github.com/linuxdeepin/lastore-daemon/src/internal/system/apt/proxy.go:706.59,715.17 6 1
github.com/linuxdeepin/lastore-daemon/src/internal/system/apt/proxy.go:715.17,717.58 2 1
github.com/linuxdeepin/lastore-daemon/src/internal/system/apt/proxy.go:717.58,719.12 2 1
github.com/linuxdeepin/lastore-daemon/src/internal/system/apt/proxy.go:722.3,722.10 1 1
github.com/linuxdeepin/lastore-daemon/src/internal/system/apt/proxy.go:722.10,723.12 1 1
github.com/linuxdeepin/lastore-daemon/src/internal/system/apt/proxy.go:726.3,726.36 1 1
github.com/linuxdeepin/lastore-daemon/src/internal/system/apt/proxy.go:726.36,727.9 1 1
github.com/linuxdeepin/lastore-daemon/src/internal/system/apt/proxy.go:730.3,730.42 1 1
github.com/linuxdeepin/lastore-daemon/src/internal/system/apt/proxy.go:730.42,732.4 1 1
github.com/linuxdeepin/lastore-daemon/src/internal/system/apt/proxy.go:735.2,735.10 1 1
github.com/linuxdeepin/lastore-daemon/src/internal/system/apt/proxy.go:752.79,755.16 3 1
github.com/linuxdeepin/lastore-daemon/src/internal/system/apt/proxy.go:755.16,761.3 1 1
github.com/linuxdeepin/lastore-daemon/src/internal/system/apt/proxy.go:762.2,762.22 1 1
github.com/linuxdeepin/lastore-daemon/src/internal/system/apt/proxy.go:762.22,766.3 2 1
github.com/linuxdeepin/lastore-daemon/src/internal/system/apt/proxy.go:769.2,770.25 2 1
github.com/linuxdeepin/lastore-daemon/src/internal/system/apt/proxy.go:770.25,773.3 1 1
github.com/linuxdeepin/lastore-daemon/src/internal/system/apt/proxy.go:773.8,776.3 1 1
github.com/linuxdeepin/lastore-daemon/src/internal/system/apt/proxy.go:778.2,782.3 1 1
github.com/linuxdeepin/lastore-daemon/src/internal/system/apt/proxy.go:785.50,788.78 3 0
github.com/linuxdeepin/lastore-daemon/src/internal/system/apt/proxy.go:788.78,796.58 4 0
github.com/linuxdeepin/lastore-daemon/src/internal/system/apt/proxy.go:796.58,798.4 1 0
github.com/linuxdeepin/lastore-daemon/src/internal/system/apt/proxy.go:799.3,805.9 1 0
github.com/linuxdeepin/lastore-daemon/src/internal/system/apt/proxy.go:807.2,810.48 2 0
github.com/linuxdeepin/lastore-daemon/src/internal/system/apt/proxy.go:810.48,812.22 2 0
github.com/linuxdeepin/lastore-daemon/src/internal/system/apt/proxy.go:812.22,813.12 1 0
github.com/linuxdeepin/lastore-daemon/src/internal/system/apt/proxy.go:815.3,815.31 1 0
github.com/linuxdeepin/lastore-daemon/src/internal/system/apt/proxy.go:818.2,825.18 3 0
github.com/linuxdeepin/lastore-daemon/src/dev-tools/iup-tool/cmd_get_current_packages.go:23.13,27.2 3 1
github.com/linuxdeepin/lastore-daemon/src/dev-tools/iup-tool/cmd_get_current_packages.go:29.63,30.30 1 0
github.com/linuxdeepin/lastore-daemon/src/dev-tools/iup-tool/cmd_get_current_packages.go:30.30,33.3 2 0
github.com/linuxdeepin/lastore-daemon/src/dev-tools/iup-tool/cmd_get_current_packages.go:35.2,36.16 2 0
github.com/linuxdeepin/lastore-daemon/src/dev-tools/iup-tool/cmd_get_current_packages.go:36.16,39.3 2 0
github.com/linuxdeepin/lastore-daemon/src/dev-tools/iup-tool/cmd_get_current_packages.go:41.2,42.16 2 0
github.com/linuxdeepin/lastore-daemon/src/dev-tools/iup-tool/cmd_get_current_packages.go:42.16,45.3 2 0
github.com/linuxdeepin/lastore-daemon/src/dev-tools/iup-tool/cmd_get_current_packages.go:47.2,48.17 2 0
github.com/linuxdeepin/lastore-daemon/src/dev-tools/iup-tool/cmd_get_current_packages.go:48.17,51.3 2 0
github.com/linuxdeepin/lastore-daemon/src/dev-tools/iup-tool/cmd_get_current_packages.go:53.2,60.62 8 0
github.com/linuxdeepin/lastore-daemon/src/dev-tools/iup-tool/cmd_get_current_packages.go:63.93,70.16 7 1
github.com/linuxdeepin/lastore-daemon/src/dev-tools/iup-tool/cmd_get_current_packages.go:70.16,72.3 1 0
github.com/linuxdeepin/lastore-daemon/src/dev-tools/iup-tool/cmd_get_current_packages.go:73.2,75.27 3 1
github.com/linuxdeepin/lastore-daemon/src/dev-tools/iup-tool/cmd_get_current_packages.go:78.72,81.16 3 1
github.com/linuxdeepin/lastore-daemon/src/dev-tools/iup-tool/cmd_get_current_packages.go:81.16,84.3 2 1
github.com/linuxdeepin/lastore-daemon/src/dev-tools/iup-tool/cmd_get_current_packages.go:85.2,85.12 1 1
github.com/linuxdeepin/lastore-daemon/src/dev-tools/iup-tool/cmd_get_cve_info.go:23.13,26.2 2 1
github.com/linuxdeepin/lastore-daemon/src/dev-tools/iup-tool/cmd_get_cve_info.go:28.55,30.16 2 0
github.com/linuxdeepin/lastore-daemon/src/dev-tools/iup-tool/cmd_get_cve_info.go:30.16,33.3 2 0
github.com/linuxdeepin/lastore-daemon/src/dev-tools/iup-tool/cmd_get_cve_info.go:35.2,36.16 2 0
github.com/linuxdeepin/lastore-daemon/src/dev-tools/iup-tool/cmd_get_cve_info.go:36.16,39.3 2 0
github.com/linuxdeepin/lastore-daemon/src/dev-tools/iup-tool/cmd_get_cve_info.go:41.2,42.20 2 0
github.com/linuxdeepin/lastore-daemon/src/dev-tools/iup-tool/cmd_get_cve_info.go:42.20,45.3 2 0
github.com/linuxdeepin/lastore-daemon/src/dev-tools/iup-tool/cmd_get_cve_info.go:47.2,53.43 5 0
github.com/linuxdeepin/lastore-daemon/src/dev-tools/iup-tool/cmd_get_cve_info.go:53.43,54.18 1 0
github.com/linuxdeepin/lastore-daemon/src/dev-tools/iup-tool/cmd_get_cve_info.go:54.18,56.9 2 0
github.com/linuxdeepin/lastore-daemon/src/dev-tools/iup-tool/cmd_get_cve_info.go:58.3,60.10 3 0
github.com/linuxdeepin/lastore-daemon/src/dev-tools/iup-tool/cmd_get_cve_info.go:64.85,71.16 7 1
github.com/linuxdeepin/lastore-daemon/src/dev-tools/iup-tool/cmd_get_cve_info.go:71.16,73.3 1 0
github.com/linuxdeepin/lastore-daemon/src/dev-tools/iup-tool/cmd_get_cve_info.go:74.2,76.27 3 1
github.com/linuxdeepin/lastore-daemon/src/dev-tools/iup-tool/cmd_get_cve_info.go:79.48,82.16 3 1
github.com/linuxdeepin/lastore-daemon/src/dev-tools/iup-tool/cmd_get_cve_info.go:82.16,85.3 2 1
github.com/linuxdeepin/lastore-daemon/src/dev-tools/iup-tool/cmd_get_cve_info.go:86.2,86.12 1 1
github.com/linuxdeepin/lastore-daemon/src/dev-tools/iup-tool/cmd_get_update_log.go:27.13,32.2 4 1
github.com/linuxdeepin/lastore-daemon/src/dev-tools/iup-tool/cmd_get_update_log.go:34.57,35.29 1 0
github.com/linuxdeepin/lastore-daemon/src/dev-tools/iup-tool/cmd_get_update_log.go:35.29,38.3 2 0
github.com/linuxdeepin/lastore-daemon/src/dev-tools/iup-tool/cmd_get_update_log.go:40.2,41.16 2 0
github.com/linuxdeepin/lastore-daemon/src/dev-tools/iup-tool/cmd_get_update_log.go:41.16,44.3 2 0
github.com/linuxdeepin/lastore-daemon/src/dev-tools/iup-tool/cmd_get_update_log.go:46.2,47.16 2 0
github.com/linuxdeepin/lastore-daemon/src/dev-tools/iup-tool/cmd_get_update_log.go:47.16,50.3 2 0
github.com/linuxdeepin/lastore-daemon/src/dev-tools/iup-tool/cmd_get_update_log.go:52.2,53.17 2 0
github.com/linuxdeepin/lastore-daemon/src/dev-tools/iup-tool/cmd_get_update_log.go:53.17,56.3 2 0
github.com/linuxdeepin/lastore-daemon/src/dev-tools/iup-tool/cmd_get_update_log.go:57.2,57.56 1 0
github.com/linuxdeepin/lastore-daemon/src/dev-tools/iup-tool/cmd_get_update_log.go:60.103,68.16 8 1
github.com/linuxdeepin/lastore-daemon/src/dev-tools/iup-tool/cmd_get_update_log.go:68.16,70.3 1 0
github.com/linuxdeepin/lastore-daemon/src/dev-tools/iup-tool/cmd_get_update_log.go:71.2,73.27 3 1
github.com/linuxdeepin/lastore-daemon/src/dev-tools/iup-tool/cmd_get_update_log.go:76.61,79.16 3 1
github.com/linuxdeepin/lastore-daemon/src/dev-tools/iup-tool/cmd_get_update_log.go:79.16,82.3 2 1
github.com/linuxdeepin/lastore-daemon/src/dev-tools/iup-tool/cmd_get_update_log.go:83.2,83.12 1 1
github.com/linuxdeepin/lastore-daemon/src/dev-tools/iup-tool/cmd_get_version.go:15.58,18.16 3 1
github.com/linuxdeepin/lastore-daemon/src/dev-tools/iup-tool/cmd_get_version.go:18.16,21.3 2 1
github.com/linuxdeepin/lastore-daemon/src/dev-tools/iup-tool/cmd_get_version.go:22.2,22.12 1 1
github.com/linuxdeepin/lastore-daemon/src/dev-tools/iup-tool/cmd_get_version.go:26.78,30.16 4 1
github.com/linuxdeepin/lastore-daemon/src/dev-tools/iup-tool/cmd_get_version.go:30.16,32.3 1 0
github.com/linuxdeepin/lastore-daemon/src/dev-tools/iup-tool/cmd_get_version.go:33.2,36.27 4 1
github.com/linuxdeepin/lastore-daemon/src/dev-tools/iup-tool/cmd_get_version.go:40.64,42.16 2 1
github.com/linuxdeepin/lastore-daemon/src/dev-tools/iup-tool/cmd_get_version.go:42.16,44.3 1 1
github.com/linuxdeepin/lastore-daemon/src/dev-tools/iup-tool/cmd_get_version.go:45.2,47.16 3 1
github.com/linuxdeepin/lastore-daemon/src/dev-tools/iup-tool/cmd_get_version.go:47.16,49.3 1 1
github.com/linuxdeepin/lastore-daemon/src/dev-tools/iup-tool/cmd_get_version.go:50.2,52.12 3 1
github.com/linuxdeepin/lastore-daemon/src/dev-tools/iup-tool/cmd_get_version.go:59.47,61.17 2 0
github.com/linuxdeepin/lastore-daemon/src/dev-tools/iup-tool/cmd_get_version.go:61.17,64.4 2 0
github.com/linuxdeepin/lastore-daemon/src/dev-tools/iup-tool/cmd_get_version.go:68.13,70.2 1 1
github.com/linuxdeepin/lastore-daemon/src/dev-tools/iup-tool/cmd_post_process.go:46.13,56.2 9 1
github.com/linuxdeepin/lastore-daemon/src/dev-tools/iup-tool/cmd_post_process.go:58.56,60.30 1 0
github.com/linuxdeepin/lastore-daemon/src/dev-tools/iup-tool/cmd_post_process.go:60.30,63.3 2 0
github.com/linuxdeepin/lastore-daemon/src/dev-tools/iup-tool/cmd_post_process.go:66.2,67.27 2 0
github.com/linuxdeepin/lastore-daemon/src/dev-tools/iup-tool/cmd_post_process.go:67.27,70.17 2 0
github.com/linuxdeepin/lastore-daemon/src/dev-tools/iup-tool/cmd_post_process.go:70.17,73.4 2 0
github.com/linuxdeepin/lastore-daemon/src/dev-tools/iup-tool/cmd_post_process.go:74.3,74.30 1 0
github.com/linuxdeepin/lastore-daemon/src/dev-tools/iup-tool/cmd_post_process.go:75.8,87.17 4 0
github.com/linuxdeepin/lastore-daemon/src/dev-tools/iup-tool/cmd_post_process.go:87.17,90.4 2 0
github.com/linuxdeepin/lastore-daemon/src/dev-tools/iup-tool/cmd_post_process.go:91.3,92.30 2 0
github.com/linuxdeepin/lastore-daemon/src/dev-tools/iup-tool/cmd_post_process.go:96.2,103.16 5 0
github.com/linuxdeepin/lastore-daemon/src/dev-tools/iup-tool/cmd_post_process.go:103.16,106.3 2 0
github.com/linuxdeepin/lastore-daemon/src/dev-tools/iup-tool/cmd_post_process.go:108.2,109.16 2 0
github.com/linuxdeepin/lastore-daemon/src/dev-tools/iup-tool/cmd_post_process.go:109.16,112.3 2 0
github.com/linuxdeepin/lastore-daemon/src/dev-tools/iup-tool/cmd_post_process.go:114.2,115.50 2 0
github.com/linuxdeepin/lastore-daemon/src/dev-tools/iup-tool/cmd_post_process.go:118.37,122.29 2 0
github.com/linuxdeepin/lastore-daemon/src/dev-tools/iup-tool/cmd_post_process.go:122.29,123.42 1 0
github.com/linuxdeepin/lastore-daemon/src/dev-tools/iup-tool/cmd_post_process.go:123.42,126.4 2 0
github.com/linuxdeepin/lastore-daemon/src/dev-tools/iup-tool/cmd_post_process.go:130.2,132.16 3 0
github.com/linuxdeepin/lastore-daemon/src/dev-tools/iup-tool/cmd_post_process.go:132.16,135.3 2 0
github.com/linuxdeepin/lastore-daemon/src/dev-tools/iup-tool/cmd_post_process.go:138.2,139.16 2 0
github.com/linuxdeepin/lastore-daemon/src/dev-tools/iup-tool/cmd_post_process.go:139.16,142.3 2 0
github.com/linuxdeepin/lastore-daemon/src/dev-tools/iup-tool/cmd_post_process.go:143.2,148.16 4 0
github.com/linuxdeepin/lastore-daemon/src/dev-tools/iup-tool/cmd_post_process.go:148.16,151.3 2 0
github.com/linuxdeepin/lastore-daemon/src/dev-tools/iup-tool/cmd_post_process.go:153.2,154.16 2 0
github.com/linuxdeepin/lastore-daemon/src/dev-tools/iup-tool/cmd_post_process.go:154.16,157.3 2 0
github.com/linuxdeepin/lastore-daemon/src/dev-tools/iup-tool/cmd_post_process.go:159.2,163.18 3 0
github.com/linuxdeepin/lastore-daemon/src/dev-tools/iup-tool/cmd_post_process.go:163.18,165.3 1 0
github.com/linuxdeepin/lastore-daemon/src/dev-tools/iup-tool/cmd_post_process.go:168.111,173.18 3 0
github.com/linuxdeepin/lastore-daemon/src/dev-tools/iup-tool/cmd_post_process.go:173.18,175.3 1 0
github.com/linuxdeepin/lastore-daemon/src/dev-tools/iup-tool/cmd_post_process.go:178.2,179.16 2 0
github.com/linuxdeepin/lastore-daemon/src/dev-tools/iup-tool/cmd_post_process.go:179.16,181.3 1 0
github.com/linuxdeepin/lastore-daemon/src/dev-tools/iup-tool/cmd_post_process.go:183.2,186.36 4 0
github.com/linuxdeepin/lastore-daemon/src/dev-tools/iup-tool/cmd_post_process.go:186.36,189.3 2 0
github.com/linuxdeepin/lastore-daemon/src/dev-tools/iup-tool/cmd_post_process.go:190.2,197.16 5 0
github.com/linuxdeepin/lastore-daemon/src/dev-tools/iup-tool/cmd_post_process.go:197.16,199.3 1 0
github.com/linuxdeepin/lastore-daemon/src/dev-tools/iup-tool/cmd_post_process.go:200.2,207.16 5 0
github.com/linuxdeepin/lastore-daemon/src/dev-tools/iup-tool/cmd_post_process.go:207.16,209.3 1 0
github.com/linuxdeepin/lastore-daemon/src/dev-tools/iup-tool/cmd_post_process.go:212.2,220.27 8 0
github.com/linuxdeepin/lastore-daemon/src/dev-tools/iup-tool/cmd_post_process_event.go:32.13,41.2 8 1
github.com/linuxdeepin/lastore-daemon/src/dev-tools/iup-tool/cmd_post_process_event.go:43.61,47.25 2 0
github.com/linuxdeepin/lastore-daemon/src/dev-tools/iup-tool/cmd_post_process_event.go:47.25,49.17 2 0
github.com/linuxdeepin/lastore-daemon/src/dev-tools/iup-tool/cmd_post_process_event.go:49.17,52.4 2 0
github.com/linuxdeepin/lastore-daemon/src/dev-tools/iup-tool/cmd_post_process_event.go:53.3,55.17 3 0
github.com/linuxdeepin/lastore-daemon/src/dev-tools/iup-tool/cmd_post_process_event.go:55.17,58.4 2 0
github.com/linuxdeepin/lastore-daemon/src/dev-tools/iup-tool/cmd_post_process_event.go:59.8,66.3 1 0
github.com/linuxdeepin/lastore-daemon/src/dev-tools/iup-tool/cmd_post_process_event.go:69.2,69.36 1 0
github.com/linuxdeepin/lastore-daemon/src/dev-tools/iup-tool/cmd_post_process_event.go:69.36,71.3 1 0
github.com/linuxdeepin/lastore-daemon/src/dev-tools/iup-tool/cmd_post_process_event.go:74.2,74.32 1 0
github.com/linuxdeepin/lastore-daemon/src/dev-tools/iup-tool/cmd_post_process_event.go:74.32,78.51 3 0
github.com/linuxdeepin/lastore-daemon/src/dev-tools/iup-tool/cmd_post_process_event.go:78.51,80.4 1 0
github.com/linuxdeepin/lastore-daemon/src/dev-tools/iup-tool/cmd_post_process_event.go:81.3,82.13 2 0
github.com/linuxdeepin/lastore-daemon/src/dev-tools/iup-tool/cmd_post_process_event.go:85.2,92.16 5 0
github.com/linuxdeepin/lastore-daemon/src/dev-tools/iup-tool/cmd_post_process_event.go:92.16,95.3 2 0
github.com/linuxdeepin/lastore-daemon/src/dev-tools/iup-tool/cmd_post_process_event.go:97.2,98.16 2 0
github.com/linuxdeepin/lastore-daemon/src/dev-tools/iup-tool/cmd_post_process_event.go:98.16,101.3 2 0
github.com/linuxdeepin/lastore-daemon/src/dev-tools/iup-tool/cmd_post_process_event.go:103.2,104.50 2 0
github.com/linuxdeepin/lastore-daemon/src/dev-tools/iup-tool/cmd_post_process_event.go:107.105,113.16 4 0
github.com/linuxdeepin/lastore-daemon/src/dev-tools/iup-tool/cmd_post_process_event.go:113.16,115.3 1 0
github.com/linuxdeepin/lastore-daemon/src/dev-tools/iup-tool/cmd_post_process_event.go:117.2,121.16 3 0
github.com/linuxdeepin/lastore-daemon/src/dev-tools/iup-tool/cmd_post_process_event.go:121.16,123.3 1 0
github.com/linuxdeepin/lastore-daemon/src/dev-tools/iup-tool/cmd_post_process_event.go:126.2,128.16 3 0
github.com/linuxdeepin/lastore-daemon/src/dev-tools/iup-tool/cmd_post_process_event.go:128.16,130.3 1 0
github.com/linuxdeepin/lastore-daemon/src/dev-tools/iup-tool/cmd_post_process_event.go:133.2,139.27 6 0
github.com/linuxdeepin/lastore-daemon/src/dev-tools/iup-tool/cmd_post_result.go:33.13,41.2 7 1
github.com/linuxdeepin/lastore-daemon/src/dev-tools/iup-tool/cmd_post_result.go:43.55,47.26 2 0
github.com/linuxdeepin/lastore-daemon/src/dev-tools/iup-tool/cmd_post_result.go:47.26,49.17 2 0
github.com/linuxdeepin/lastore-daemon/src/dev-tools/iup-tool/cmd_post_result.go:49.17,52.4 2 0
github.com/linuxdeepin/lastore-daemon/src/dev-tools/iup-tool/cmd_post_result.go:53.3,55.17 3 0
github.com/linuxdeepin/lastore-daemon/src/dev-tools/iup-tool/cmd_post_result.go:55.17,58.4 2 0
github.com/linuxdeepin/lastore-daemon/src/dev-tools/iup-tool/cmd_post_result.go:59.8,78.3 1 0
github.com/linuxdeepin/lastore-daemon/src/dev-tools/iup-tool/cmd_post_result.go:79.2,82.16 3 0
github.com/linuxdeepin/lastore-daemon/src/dev-tools/iup-tool/cmd_post_result.go:82.16,85.3 2 0
github.com/linuxdeepin/lastore-daemon/src/dev-tools/iup-tool/cmd_post_result.go:87.2,88.16 2 0
github.com/linuxdeepin/lastore-daemon/src/dev-tools/iup-tool/cmd_post_result.go:88.16,91.3 2 0
github.com/linuxdeepin/lastore-daemon/src/dev-tools/iup-tool/cmd_post_result.go:93.2,94.50 2 0
github.com/linuxdeepin/lastore-daemon/src/dev-tools/iup-tool/cmd_post_result.go:98.102,103.16 4 0
github.com/linuxdeepin/lastore-daemon/src/dev-tools/iup-tool/cmd_post_result.go:103.16,105.3 1 0
github.com/linuxdeepin/lastore-daemon/src/dev-tools/iup-tool/cmd_post_result.go:107.2,111.16 3 0
github.com/linuxdeepin/lastore-daemon/src/dev-tools/iup-tool/cmd_post_result.go:111.16,113.3 1 0
github.com/linuxdeepin/lastore-daemon/src/dev-tools/iup-tool/cmd_post_result.go:116.2,119.16 3 0
github.com/linuxdeepin/lastore-daemon/src/dev-tools/iup-tool/cmd_post_result.go:119.16,121.3 1 0
github.com/linuxdeepin/lastore-daemon/src/dev-tools/iup-tool/cmd_post_result.go:123.2,124.27 2 0
github.com/linuxdeepin/lastore-daemon/src/dev-tools/iup-tool/iup-tool.go:16.27,23.2 2 0
github.com/linuxdeepin/lastore-daemon/src/dev-tools/iup-tool/iup-tool.go:29.60,31.18 1 0
github.com/linuxdeepin/lastore-daemon/src/dev-tools/iup-tool/iup-tool.go:31.18,33.4 1 0
github.com/linuxdeepin/lastore-daemon/src/dev-tools/iup-tool/iup-tool.go:33.9,35.4 1 0
github.com/linuxdeepin/lastore-daemon/src/dev-tools/iup-tool/iup-tool.go:36.3,39.23 2 0
github.com/linuxdeepin/lastore-daemon/src/dev-tools/iup-tool/iup-tool.go:48.13,52.2 2 1
github.com/linuxdeepin/lastore-daemon/src/dev-tools/iup-tool/iup-tool.go:54.13,55.42 1 0
github.com/linuxdeepin/lastore-daemon/src/dev-tools/iup-tool/iup-tool.go:55.42,58.3 2 0
github.com/linuxdeepin/lastore-daemon/src/dev-tools/iup-tool/types.go:23.38,25.2 1 1
github.com/linuxdeepin/lastore-daemon/src/dev-tools/iup-tool/types.go:95.35,96.11 1 1
github.com/linuxdeepin/lastore-daemon/src/dev-tools/iup-tool/types.go:97.21,98.25 1 1
github.com/linuxdeepin/lastore-daemon/src/dev-tools/iup-tool/types.go:99.20,100.24 1 1
github.com/linuxdeepin/lastore-daemon/src/dev-tools/iup-tool/types.go:101.17,102.21 1 1
github.com/linuxdeepin/lastore-daemon/src/dev-tools/iup-tool/types.go:103.22,104.26 1 1
github.com/linuxdeepin/lastore-daemon/src/dev-tools/iup-tool/types.go:105.23,106.27 1 1
github.com/linuxdeepin/lastore-daemon/src/dev-tools/iup-tool/types.go:107.10,108.40 1 1
github.com/linuxdeepin/lastore-daemon/src/dev-tools/iup-tool/types.go:236.43,237.11 1 1
github.com/linuxdeepin/lastore-daemon/src/dev-tools/iup-tool/types.go:238.16,239.20 1 1
github.com/linuxdeepin/lastore-daemon/src/dev-tools/iup-tool/types.go:240.22,241.26 1 1
github.com/linuxdeepin/lastore-daemon/src/dev-tools/iup-tool/types.go:242.21,243.25 1 1
github.com/linuxdeepin/lastore-daemon/src/dev-tools/iup-tool/types.go:244.24,245.28 1 1
github.com/linuxdeepin/lastore-daemon/src/dev-tools/iup-tool/types.go:246.19,247.23 1 1
github.com/linuxdeepin/lastore-daemon/src/dev-tools/iup-tool/types.go:248.22,249.26 1 1
github.com/linuxdeepin/lastore-daemon/src/dev-tools/iup-tool/types.go:250.20,251.24 1 1
github.com/linuxdeepin/lastore-daemon/src/dev-tools/iup-tool/types.go:252.10,253.48 1 1
github.com/linuxdeepin/lastore-daemon/src/dev-tools/iup-tool/types.go:258.42,260.2 1 1
github.com/linuxdeepin/lastore-daemon/src/dev-tools/iup-tool/types.go:287.40,288.11 1 1
github.com/linuxdeepin/lastore-daemon/src/dev-tools/iup-tool/types.go:289.22,290.26 1 1
github.com/linuxdeepin/lastore-daemon/src/dev-tools/iup-tool/types.go:291.21,292.25 1 1
github.com/linuxdeepin/lastore-daemon/src/dev-tools/iup-tool/types.go:293.19,294.23 1 1
github.com/linuxdeepin/lastore-daemon/src/dev-tools/iup-tool/types.go:295.10,296.19 1 1
github.com/linuxdeepin/lastore-daemon/src/dev-tools/iup-tool/utils.go:40.35,44.2 1 1
github.com/linuxdeepin/lastore-daemon/src/dev-tools/iup-tool/utils.go:47.37,50.16 3 0
github.com/linuxdeepin/lastore-daemon/src/dev-tools/iup-tool/utils.go:50.16,53.3 2 0
github.com/linuxdeepin/lastore-daemon/src/dev-tools/iup-tool/utils.go:56.2,57.16 2 0
github.com/linuxdeepin/lastore-daemon/src/dev-tools/iup-tool/utils.go:57.16,60.3 2 0
github.com/linuxdeepin/lastore-daemon/src/dev-tools/iup-tool/utils.go:63.2,64.20 2 0
github.com/linuxdeepin/lastore-daemon/src/dev-tools/iup-tool/utils.go:64.20,67.3 2 0
github.com/linuxdeepin/lastore-daemon/src/dev-tools/iup-tool/utils.go:68.2,69.40 2 0
github.com/linuxdeepin/lastore-daemon/src/dev-tools/iup-tool/utils.go:69.40,72.3 2 0
github.com/linuxdeepin/lastore-daemon/src/dev-tools/iup-tool/utils.go:74.2,76.14 3 0
github.com/linuxdeepin/lastore-daemon/src/dev-tools/iup-tool/utils.go:79.53,80.17 1 1
github.com/linuxdeepin/lastore-daemon/src/dev-tools/iup-tool/utils.go:80.17,82.3 1 1
github.com/linuxdeepin/lastore-daemon/src/dev-tools/iup-tool/utils.go:85.2,86.31 2 1
github.com/linuxdeepin/lastore-daemon/src/dev-tools/iup-tool/utils.go:86.31,88.37 2 1
github.com/linuxdeepin/lastore-daemon/src/dev-tools/iup-tool/utils.go:88.37,92.4 3 1
github.com/linuxdeepin/lastore-daemon/src/dev-tools/iup-tool/utils.go:95.2,96.11 2 1
github.com/linuxdeepin/lastore-daemon/src/dev-tools/iup-tool/utils.go:100.43,102.16 2 0
github.com/linuxdeepin/lastore-daemon/src/dev-tools/iup-tool/utils.go:102.16,105.3 2 0
github.com/linuxdeepin/lastore-daemon/src/dev-tools/iup-tool/utils.go:107.2,109.16 3 0
github.com/linuxdeepin/lastore-daemon/src/dev-tools/iup-tool/utils.go:109.16,112.3 2 0
github.com/linuxdeepin/lastore-daemon/src/dev-tools/iup-tool/utils.go:114.2,115.16 2 0
github.com/linuxdeepin/lastore-daemon/src/dev-tools/iup-tool/utils.go:115.16,118.3 2 0
github.com/linuxdeepin/lastore-daemon/src/dev-tools/iup-tool/utils.go:120.2,121.16 2 0
github.com/linuxdeepin/lastore-daemon/src/dev-tools/iup-tool/utils.go:121.16,124.3 2 0
github.com/linuxdeepin/lastore-daemon/src/dev-tools/iup-tool/utils.go:126.2,128.12 3 0
github.com/linuxdeepin/lastore-daemon/src/dev-tools/iup-tool/utils.go:132.60,135.2 2 1
github.com/linuxdeepin/lastore-daemon/src/dev-tools/iup-tool/utils.go:138.93,139.42 1 1
github.com/linuxdeepin/lastore-daemon/src/dev-tools/iup-tool/utils.go:139.42,141.17 2 1
github.com/linuxdeepin/lastore-daemon/src/dev-tools/iup-tool/utils.go:141.17,143.4 1 0
github.com/linuxdeepin/lastore-daemon/src/dev-tools/iup-tool/utils.go:144.3,147.17 4 1
github.com/linuxdeepin/lastore-daemon/src/dev-tools/iup-tool/utils.go:147.17,150.4 2 1
github.com/linuxdeepin/lastore-daemon/src/dev-tools/iup-tool/utils.go:151.3,151.18 1 1
github.com/linuxdeepin/lastore-daemon/src/dev-tools/iup-tool/utils.go:151.18,155.18 4 1
github.com/linuxdeepin/lastore-daemon/src/dev-tools/iup-tool/utils.go:155.18,157.5 1 0
github.com/linuxdeepin/lastore-daemon/src/dev-tools/iup-tool/utils.go:158.4,158.115 1 1
github.com/linuxdeepin/lastore-daemon/src/dev-tools/iup-tool/utils.go:160.3,160.23 1 1
github.com/linuxdeepin/lastore-daemon/src/dev-tools/iup-tool/utils.go:161.8,163.3 1 1
github.com/linuxdeepin/lastore-daemon/src/dev-tools/iup-tool/utils.go:167.49,169.2 1 1
github.com/linuxdeepin/lastore-daemon/src/dev-tools/iup-tool/utils.go:172.47,174.42 2 1
github.com/linuxdeepin/lastore-daemon/src/dev-tools/iup-tool/utils.go:174.42,175.32 1 1
github.com/linuxdeepin/lastore-daemon/src/dev-tools/iup-tool/utils.go:175.32,177.4 1 1
github.com/linuxdeepin/lastore-daemon/src/dev-tools/iup-tool/utils.go:182.53,185.16 2 1
github.com/linuxdeepin/lastore-daemon/src/dev-tools/iup-tool/utils.go:185.16,187.3 1 1
github.com/linuxdeepin/lastore-daemon/src/dev-tools/iup-tool/utils.go:188.2,195.33 4 1
github.com/linuxdeepin/lastore-daemon/src/dev-tools/iup-tool/utils.go:195.33,197.17 2 1
github.com/linuxdeepin/lastore-daemon/src/dev-tools/iup-tool/utils.go:197.17,199.4 1 1
github.com/linuxdeepin/lastore-daemon/src/dev-tools/iup-tool/utils.go:200.3,204.17 3 1
github.com/linuxdeepin/lastore-daemon/src/dev-tools/iup-tool/utils.go:204.17,206.4 1 0
github.com/linuxdeepin/lastore-daemon/src/dev-tools/iup-tool/utils.go:209.3,217.55 2 1
github.com/linuxdeepin/lastore-daemon/src/dev-tools/iup-tool/utils.go:217.55,219.4 1 0
github.com/linuxdeepin/lastore-daemon/src/dev-tools/iup-tool/utils.go:222.3,222.53 1 1
github.com/linuxdeepin/lastore-daemon/src/dev-tools/iup-tool/utils.go:222.53,224.4 1 0
github.com/linuxdeepin/lastore-daemon/src/dev-tools/iup-tool/utils.go:227.2,227.12 1 1
github.com/linuxdeepin/lastore-daemon/src/dev-tools/iup-tool/utils.go:239.46,242.16 2 1
github.com/linuxdeepin/lastore-daemon/src/dev-tools/iup-tool/utils.go:242.16,244.3 1 0
github.com/linuxdeepin/lastore-daemon/src/dev-tools/iup-tool/utils.go:245.2,251.16 4 1
github.com/linuxdeepin/lastore-daemon/src/dev-tools/iup-tool/utils.go:251.16,254.3 2 0
github.com/linuxdeepin/lastore-daemon/src/dev-tools/iup-tool/utils.go:255.2,259.41 5 1
github.com/linuxdeepin/lastore-daemon/src/dev-tools/iup-tool/utils.go:259.41,261.3 1 0
github.com/linuxdeepin/lastore-daemon/src/dev-tools/iup-tool/utils.go:262.2,263.21 2 1
github.com/linuxdeepin/lastore-daemon/src/dev-tools/iup-tool/utils.go:267.53,270.18 3 1
github.com/linuxdeepin/lastore-daemon/src/dev-tools/iup-tool/utils.go:270.18,272.3 1 0
github.com/linuxdeepin/lastore-daemon/src/dev-tools/iup-tool/utils.go:274.2,276.37 2 1
github.com/linuxdeepin/lastore-daemon/src/dev-tools/iup-tool/utils.go:280.52,283.16 3 1
github.com/linuxdeepin/lastore-daemon/src/dev-tools/iup-tool/utils.go:283.16,286.3 2 0
github.com/linuxdeepin/lastore-daemon/src/dev-tools/iup-tool/utils.go:287.2,287.17 1 1
github.com/linuxdeepin/lastore-daemon/src/dev-tools/iup-tool/utils.go:291.55,292.15 1 1
github.com/linuxdeepin/lastore-daemon/src/dev-tools/iup-tool/utils.go:292.15,294.3 1 1
github.com/linuxdeepin/lastore-daemon/src/dev-tools/iup-tool/utils.go:295.2,295.16 1 1
github.com/linuxdeepin/lastore-daemon/src/dev-tools/iup-tool/utils.go:295.16,297.3 1 1
github.com/linuxdeepin/lastore-daemon/src/dev-tools/iup-tool/utils.go:299.2,304.23 4 1
github.com/linuxdeepin/lastore-daemon/src/dev-tools/iup-tool/utils.go:304.23,306.3 1 1
github.com/linuxdeepin/lastore-daemon/src/dev-tools/iup-tool/utils.go:307.2,307.25 1 1
github.com/linuxdeepin/lastore-daemon/src/dev-tools/iup-tool/utils.go:307.25,309.3 1 1
github.com/linuxdeepin/lastore-daemon/src/dev-tools/iup-tool/utils.go:311.2,311.46 1 1
github.com/linuxdeepin/lastore-daemon/src/internal/querydesktop/desktopfile.go:26.34,28.2 1 1
github.com/linuxdeepin/lastore-daemon/src/internal/querydesktop/desktopfile.go:29.39,31.2 1 1
github.com/linuxdeepin/lastore-daemon/src/internal/querydesktop/desktopfile.go:32.44,34.14 2 1
github.com/linuxdeepin/lastore-daemon/src/internal/querydesktop/desktopfile.go:34.14,36.3 1 0
github.com/linuxdeepin/lastore-daemon/src/internal/querydesktop/desktopfile.go:37.2,37.16 1 1
github.com/linuxdeepin/lastore-daemon/src/internal/querydesktop/desktopfile.go:40.41,41.24 1 1
github.com/linuxdeepin/lastore-daemon/src/internal/querydesktop/desktopfile.go:41.24,43.3 1 0
github.com/linuxdeepin/lastore-daemon/src/internal/querydesktop/desktopfile.go:44.2,45.34 2 1
github.com/linuxdeepin/lastore-daemon/src/internal/querydesktop/desktopfile.go:48.41,51.16 3 1
github.com/linuxdeepin/lastore-daemon/src/internal/querydesktop/desktopfile.go:51.16,53.3 1 0
github.com/linuxdeepin/lastore-daemon/src/internal/querydesktop/desktopfile.go:55.2,56.41 2 1
github.com/linuxdeepin/lastore-daemon/src/internal/querydesktop/desktopfile.go:56.41,58.3 1 1
github.com/linuxdeepin/lastore-daemon/src/internal/querydesktop/desktopfile.go:60.2,63.41 2 1
github.com/linuxdeepin/lastore-daemon/src/internal/querydesktop/desktopfile.go:63.41,65.3 1 0
github.com/linuxdeepin/lastore-daemon/src/internal/querydesktop/desktopfile.go:66.2,66.50 1 1
github.com/linuxdeepin/lastore-daemon/src/internal/querydesktop/desktopfile.go:66.50,68.3 1 1
github.com/linuxdeepin/lastore-daemon/src/internal/querydesktop/desktopfile.go:68.8,70.3 1 0
github.com/linuxdeepin/lastore-daemon/src/internal/querydesktop/desktopfile.go:72.2,72.42 1 1
github.com/linuxdeepin/lastore-daemon/src/internal/querydesktop/desktopfile.go:72.42,74.3 1 0
github.com/linuxdeepin/lastore-daemon/src/internal/querydesktop/desktopfile.go:75.2,75.51 1 1
github.com/linuxdeepin/lastore-daemon/src/internal/querydesktop/desktopfile.go:75.51,77.3 1 1
github.com/linuxdeepin/lastore-daemon/src/internal/querydesktop/desktopfile.go:78.2,78.48 1 1
github.com/linuxdeepin/lastore-daemon/src/internal/querydesktop/desktopfile.go:78.48,80.3 1 1
github.com/linuxdeepin/lastore-daemon/src/internal/querydesktop/desktopfile.go:81.2,81.39 1 1
github.com/linuxdeepin/lastore-daemon/src/internal/querydesktop/desktopfile.go:81.39,83.3 1 1
github.com/linuxdeepin/lastore-daemon/src/internal/querydesktop/desktopfile.go:83.8,85.3 1 0
github.com/linuxdeepin/lastore-daemon/src/internal/querydesktop/desktopfile.go:87.2,87.49 1 1
github.com/linuxdeepin/lastore-daemon/src/internal/querydesktop/desktopfile.go:87.49,89.3 1 0
github.com/linuxdeepin/lastore-daemon/src/internal/querydesktop/desktopfile.go:94.2,102.69 2 1
github.com/linuxdeepin/lastore-daemon/src/internal/querydesktop/desktopfile.go:102.69,104.3 1 1
github.com/linuxdeepin/lastore-daemon/src/internal/querydesktop/desktopfile.go:105.2,105.24 1 1
github.com/linuxdeepin/lastore-daemon/src/internal/querydesktop/desktopfile.go:105.24,106.35 1 1
github.com/linuxdeepin/lastore-daemon/src/internal/querydesktop/desktopfile.go:106.35,108.4 1 0
github.com/linuxdeepin/lastore-daemon/src/internal/querydesktop/desktopfile.go:113.2,113.44 1 1
github.com/linuxdeepin/lastore-daemon/src/internal/querydesktop/desktopfile.go:113.44,115.3 1 0
github.com/linuxdeepin/lastore-daemon/src/internal/querydesktop/desktopfile.go:116.2,116.52 1 1
github.com/linuxdeepin/lastore-daemon/src/internal/querydesktop/desktopfile.go:116.52,118.3 1 0
github.com/linuxdeepin/lastore-daemon/src/internal/querydesktop/desktopfile.go:119.2,119.42 1 1
github.com/linuxdeepin/lastore-daemon/src/internal/querydesktop/desktopfile.go:119.42,121.3 1 0
github.com/linuxdeepin/lastore-daemon/src/internal/querydesktop/desktopfile.go:122.2,122.45 1 1
github.com/linuxdeepin/lastore-daemon/src/internal/querydesktop/desktopfile.go:122.45,124.3 1 0
github.com/linuxdeepin/lastore-daemon/src/internal/querydesktop/desktopfile.go:125.2,125.42 1 1
github.com/linuxdeepin/lastore-daemon/src/internal/querydesktop/desktopfile.go:125.42,127.3 1 0
github.com/linuxdeepin/lastore-daemon/src/internal/querydesktop/desktopfile.go:130.2,130.14 1 1
github.com/linuxdeepin/lastore-daemon/src/internal/querydesktop/desktopfile.go:141.42,142.49 1 0
github.com/linuxdeepin/lastore-daemon/src/internal/querydesktop/desktopfile.go:142.49,145.28 3 0
github.com/linuxdeepin/lastore-daemon/src/internal/querydesktop/desktopfile.go:145.28,147.58 2 0
github.com/linuxdeepin/lastore-daemon/src/internal/querydesktop/desktopfile.go:147.58,149.40 2 0
github.com/linuxdeepin/lastore-daemon/src/internal/querydesktop/desktopfile.go:149.40,151.6 1 0
github.com/linuxdeepin/lastore-daemon/src/internal/querydesktop/desktopfile.go:156.3,156.28 1 0
github.com/linuxdeepin/lastore-daemon/src/internal/querydesktop/desktopfile.go:156.28,157.18 1 0
github.com/linuxdeepin/lastore-daemon/src/internal/querydesktop/desktopfile.go:157.18,158.13 1 0
github.com/linuxdeepin/lastore-daemon/src/internal/querydesktop/desktopfile.go:160.4,163.18 4 0
github.com/linuxdeepin/lastore-daemon/src/internal/querydesktop/desktopfile.go:163.18,164.13 1 0
github.com/linuxdeepin/lastore-daemon/src/internal/querydesktop/desktopfile.go:166.4,168.55 2 0
github.com/linuxdeepin/lastore-daemon/src/internal/querydesktop/desktopfile.go:168.55,170.5 1 0
github.com/linuxdeepin/lastore-daemon/src/internal/querydesktop/desktopfile.go:174.2,176.15 3 0
github.com/linuxdeepin/lastore-daemon/src/internal/querydesktop/desktopfile.go:176.15,178.3 1 0
github.com/linuxdeepin/lastore-daemon/src/internal/querydesktop/desktopfile.go:179.2,179.12 1 0
github.com/linuxdeepin/lastore-daemon/src/internal/querydesktop/dpkg.go:17.62,21.26 4 0
github.com/linuxdeepin/lastore-daemon/src/internal/querydesktop/dpkg.go:21.26,22.53 1 0
github.com/linuxdeepin/lastore-daemon/src/internal/querydesktop/dpkg.go:22.53,23.40 1 0
github.com/linuxdeepin/lastore-daemon/src/internal/querydesktop/dpkg.go:23.40,26.5 2 0
github.com/linuxdeepin/lastore-daemon/src/internal/querydesktop/dpkg.go:27.4,27.40 1 0
github.com/linuxdeepin/lastore-daemon/src/internal/querydesktop/dpkg.go:27.40,29.5 1 0
github.com/linuxdeepin/lastore-daemon/src/internal/querydesktop/dpkg.go:32.2,32.41 1 0
github.com/linuxdeepin/lastore-daemon/src/internal/querydesktop/dpkg.go:42.99,44.16 2 0
github.com/linuxdeepin/lastore-daemon/src/internal/querydesktop/dpkg.go:44.16,47.3 2 0
github.com/linuxdeepin/lastore-daemon/src/internal/querydesktop/dpkg.go:49.2,49.12 1 0
github.com/linuxdeepin/lastore-daemon/src/internal/querydesktop/dpkg.go:49.12,51.60 2 0
github.com/linuxdeepin/lastore-daemon/src/internal/querydesktop/dpkg.go:51.60,52.27 1 0
github.com/linuxdeepin/lastore-daemon/src/internal/querydesktop/dpkg.go:52.27,53.13 1 0
github.com/linuxdeepin/lastore-daemon/src/internal/querydesktop/dpkg.go:56.4,56.40 1 0
github.com/linuxdeepin/lastore-daemon/src/internal/querydesktop/dpkg.go:56.40,57.13 1 0
github.com/linuxdeepin/lastore-daemon/src/internal/querydesktop/dpkg.go:60.4,61.11 2 0
github.com/linuxdeepin/lastore-daemon/src/internal/querydesktop/dpkg.go:62.18,63.11 1 0
github.com/linuxdeepin/lastore-daemon/src/internal/querydesktop/dpkg.go:64.17,64.17 0 0
github.com/linuxdeepin/lastore-daemon/src/internal/querydesktop/dpkg.go:67.4,67.59 1 0
github.com/linuxdeepin/lastore-daemon/src/internal/querydesktop/dpkg.go:67.59,69.12 2 0
github.com/linuxdeepin/lastore-daemon/src/internal/querydesktop/dpkg.go:70.19,71.12 1 0
github.com/linuxdeepin/lastore-daemon/src/internal/querydesktop/dpkg.go:72.18,72.18 0 0
github.com/linuxdeepin/lastore-daemon/src/internal/querydesktop/dpkg.go:78.2,78.11 1 0
github.com/linuxdeepin/lastore-daemon/src/internal/querydesktop/dpkg.go:81.44,83.60 2 0
github.com/linuxdeepin/lastore-daemon/src/internal/querydesktop/dpkg.go:83.60,84.39 1 0
github.com/linuxdeepin/lastore-daemon/src/internal/querydesktop/dpkg.go:84.39,86.4 1 0
github.com/linuxdeepin/lastore-daemon/src/internal/querydesktop/dpkg.go:88.2,88.12 1 0
github.com/linuxdeepin/lastore-daemon/src/internal/querydesktop/dpkg.go:91.44,92.20 1 0
github.com/linuxdeepin/lastore-daemon/src/internal/querydesktop/dpkg.go:92.20,94.3 1 0
github.com/linuxdeepin/lastore-daemon/src/internal/querydesktop/dpkg.go:95.2,96.16 2 0
github.com/linuxdeepin/lastore-daemon/src/internal/querydesktop/dpkg.go:96.16,98.3 1 0
github.com/linuxdeepin/lastore-daemon/src/internal/querydesktop/dpkg.go:99.2,99.31 1 0
github.com/linuxdeepin/lastore-daemon/src/internal/querydesktop/dpkg.go:102.47,104.9 2 0
github.com/linuxdeepin/lastore-daemon/src/internal/querydesktop/dpkg.go:104.9,106.3 1 0
github.com/linuxdeepin/lastore-daemon/src/internal/querydesktop/dpkg.go:107.2,107.21 1 0
github.com/linuxdeepin/lastore-daemon/src/internal/querydesktop/dpkg.go:113.15,115.2 1 1
github.com/linuxdeepin/lastore-daemon/src/internal/querydesktop/dpkg.go:117.63,121.16 4 1
github.com/linuxdeepin/lastore-daemon/src/internal/querydesktop/dpkg.go:121.16,123.3 1 0
github.com/linuxdeepin/lastore-daemon/src/internal/querydesktop/dpkg.go:125.2,125.46 1 1
github.com/linuxdeepin/lastore-daemon/src/internal/querydesktop/dpkg.go:125.46,128.22 3 1
github.com/linuxdeepin/lastore-daemon/src/internal/querydesktop/dpkg.go:129.10,131.13 2 1
github.com/linuxdeepin/lastore-daemon/src/internal/querydesktop/dpkg.go:132.10,134.19 2 1
github.com/linuxdeepin/lastore-daemon/src/internal/querydesktop/dpkg.go:135.10,137.19 2 1
github.com/linuxdeepin/lastore-daemon/src/internal/querydesktop/dpkg.go:138.11,139.12 1 0
github.com/linuxdeepin/lastore-daemon/src/internal/querydesktop/dpkg.go:141.3,142.35 2 1
github.com/linuxdeepin/lastore-daemon/src/internal/querydesktop/dpkg.go:144.2,144.17 1 1
github.com/linuxdeepin/lastore-daemon/src/internal/system/command.go:77.35,80.2 1 1
github.com/linuxdeepin/lastore-daemon/src/internal/system/command.go:82.55,83.22 1 1
github.com/linuxdeepin/lastore-daemon/src/internal/system/command.go:83.22,85.3 1 1
github.com/linuxdeepin/lastore-daemon/src/internal/system/command.go:87.2,88.35 2 1
github.com/linuxdeepin/lastore-daemon/src/internal/system/command.go:88.35,90.21 2 1
github.com/linuxdeepin/lastore-daemon/src/internal/system/command.go:90.21,92.4 1 1
github.com/linuxdeepin/lastore-daemon/src/internal/system/command.go:96.2,96.36 1 1
github.com/linuxdeepin/lastore-daemon/src/internal/system/command.go:96.36,97.31 1 1
github.com/linuxdeepin/lastore-daemon/src/internal/system/command.go:97.31,99.4 1 1
github.com/linuxdeepin/lastore-daemon/src/internal/system/command.go:102.2,103.33 2 1
github.com/linuxdeepin/lastore-daemon/src/internal/system/command.go:103.33,105.3 1 1
github.com/linuxdeepin/lastore-daemon/src/internal/system/command.go:107.2,107.25 1 1
github.com/linuxdeepin/lastore-daemon/src/internal/system/command.go:110.33,113.16 3 0
github.com/linuxdeepin/lastore-daemon/src/internal/system/command.go:113.16,115.3 1 0
github.com/linuxdeepin/lastore-daemon/src/internal/system/command.go:117.2,117.15 1 0
github.com/linuxdeepin/lastore-daemon/src/internal/system/command.go:117.15,119.3 1 0
github.com/linuxdeepin/lastore-daemon/src/internal/system/command.go:121.2,122.16 2 0
github.com/linuxdeepin/lastore-daemon/src/internal/system/command.go:122.16,125.3 2 0
github.com/linuxdeepin/lastore-daemon/src/internal/system/command.go:127.2,142.16 10 0
github.com/linuxdeepin/lastore-daemon/src/internal/system/command.go:142.16,147.3 4 0
github.com/linuxdeepin/lastore-daemon/src/internal/system/command.go:149.2,154.12 4 0
github.com/linuxdeepin/lastore-daemon/src/internal/system/command.go:154.12,156.3 1 0
github.com/linuxdeepin/lastore-daemon/src/internal/system/command.go:158.2,158.12 1 0
github.com/linuxdeepin/lastore-daemon/src/internal/system/command.go:161.38,163.29 2 0
github.com/linuxdeepin/lastore-daemon/src/internal/system/command.go:163.29,164.17 1 0
github.com/linuxdeepin/lastore-daemon/src/internal/system/command.go:164.17,167.4 2 0
github.com/linuxdeepin/lastore-daemon/src/internal/system/command.go:167.9,169.4 1 0
github.com/linuxdeepin/lastore-daemon/src/internal/system/command.go:171.2,172.12 2 0
github.com/linuxdeepin/lastore-daemon/src/internal/system/command.go:181.28,183.16 2 0
github.com/linuxdeepin/lastore-daemon/src/internal/system/command.go:183.16,185.3 1 0
github.com/linuxdeepin/lastore-daemon/src/internal/system/command.go:187.2,188.16 2 0
github.com/linuxdeepin/lastore-daemon/src/internal/system/command.go:188.16,190.3 1 0
github.com/linuxdeepin/lastore-daemon/src/internal/system/command.go:192.2,193.16 2 0
github.com/linuxdeepin/lastore-daemon/src/internal/system/command.go:193.16,195.3 1 0
github.com/linuxdeepin/lastore-daemon/src/internal/system/command.go:197.2,198.20 2 0
github.com/linuxdeepin/lastore-daemon/src/internal/system/command.go:199.19,200.24 1 0
github.com/linuxdeepin/lastore-daemon/src/internal/system/command.go:201.19,202.23 1 0
github.com/linuxdeepin/lastore-daemon/src/internal/system/command.go:203.17,204.23 1 0
github.com/linuxdeepin/lastore-daemon/src/internal/system/command.go:205.10,206.24 1 0
github.com/linuxdeepin/lastore-daemon/src/internal/system/command.go:209.2,218.23 5 0
github.com/linuxdeepin/lastore-daemon/src/internal/system/command.go:218.23,220.19 2 0
github.com/linuxdeepin/lastore-daemon/src/internal/system/command.go:220.19,222.4 1 0
github.com/linuxdeepin/lastore-daemon/src/internal/system/command.go:225.2,225.20 1 0
github.com/linuxdeepin/lastore-daemon/src/internal/system/command.go:226.19,232.5 1 0
github.com/linuxdeepin/lastore-daemon/src/internal/system/command.go:233.19,235.79 1 0
github.com/linuxdeepin/lastore-daemon/src/internal/system/command.go:235.79,247.4 2 0
github.com/linuxdeepin/lastore-daemon/src/internal/system/command.go:247.9,256.4 1 0
github.com/linuxdeepin/lastore-daemon/src/internal/system/command.go:258.17,264.5 1 0
github.com/linuxdeepin/lastore-daemon/src/internal/system/command.go:268.91,288.2 6 0
github.com/linuxdeepin/lastore-daemon/src/internal/system/command.go:290.33,292.2 1 0
github.com/linuxdeepin/lastore-daemon/src/internal/system/command.go:294.43,296.2 1 0
github.com/linuxdeepin/lastore-daemon/src/internal/system/command.go:298.48,299.18 1 0
github.com/linuxdeepin/lastore-daemon/src/internal/system/command.go:299.18,302.27 3 0
github.com/linuxdeepin/lastore-daemon/src/internal/system/command.go:302.27,304.4 1 0
github.com/linuxdeepin/lastore-daemon/src/internal/system/command.go:306.3,307.17 2 0
github.com/linuxdeepin/lastore-daemon/src/internal/system/command.go:307.17,309.4 1 0
github.com/linuxdeepin/lastore-daemon/src/internal/system/command.go:309.9,311.4 1 0
github.com/linuxdeepin/lastore-daemon/src/internal/system/command.go:312.3,314.17 3 0
github.com/linuxdeepin/lastore-daemon/src/internal/system/command.go:314.17,316.4 1 0
github.com/linuxdeepin/lastore-daemon/src/internal/system/command.go:317.3,317.32 1 0
github.com/linuxdeepin/lastore-daemon/src/internal/system/command.go:319.2,319.24 1 0
github.com/linuxdeepin/lastore-daemon/src/internal/system/command.go:322.36,324.6 2 0
github.com/linuxdeepin/lastore-daemon/src/internal/system/command.go:324.6,326.17 2 0
github.com/linuxdeepin/lastore-daemon/src/internal/system/command.go:326.17,328.4 1 0
github.com/linuxdeepin/lastore-daemon/src/internal/system/command.go:330.3,331.17 2 0
github.com/linuxdeepin/lastore-daemon/src/internal/system/command.go:331.17,337.12 3 0
github.com/linuxdeepin/lastore-daemon/src/internal/system/command.go:339.3,341.20 3 0
github.com/linuxdeepin/lastore-daemon/src/internal/system/command.go:345.34,347.6 2 0
github.com/linuxdeepin/lastore-daemon/src/internal/system/command.go:347.6,349.17 2 0
github.com/linuxdeepin/lastore-daemon/src/internal/system/command.go:349.17,351.4 1 0
github.com/linuxdeepin/lastore-daemon/src/internal/system/command.go:353.3,353.43 1 0
github.com/linuxdeepin/lastore-daemon/src/internal/system/command.go:353.43,355.18 2 0
github.com/linuxdeepin/lastore-daemon/src/internal/system/command.go:355.18,357.13 2 0
github.com/linuxdeepin/lastore-daemon/src/internal/system/command.go:359.4,359.37 1 0
github.com/linuxdeepin/lastore-daemon/src/internal/system/common.go:53.34,55.86 2 1
github.com/linuxdeepin/lastore-daemon/src/internal/system/common.go:55.86,57.13 2 1
github.com/linuxdeepin/lastore-daemon/src/internal/system/common.go:57.13,59.4 1 1
github.com/linuxdeepin/lastore-daemon/src/internal/system/common.go:60.3,60.36 1 1
github.com/linuxdeepin/lastore-daemon/src/internal/system/common.go:64.52,67.16 2 1
github.com/linuxdeepin/lastore-daemon/src/internal/system/common.go:67.16,69.3 1 1
github.com/linuxdeepin/lastore-daemon/src/internal/system/common.go:70.2,70.15 1 1
github.com/linuxdeepin/lastore-daemon/src/internal/system/common.go:70.15,72.3 1 1
github.com/linuxdeepin/lastore-daemon/src/internal/system/common.go:74.2,74.38 1 1
github.com/linuxdeepin/lastore-daemon/src/internal/system/common.go:77.52,79.16 2 1
github.com/linuxdeepin/lastore-daemon/src/internal/system/common.go:79.16,81.3 1 1
github.com/linuxdeepin/lastore-daemon/src/internal/system/common.go:82.2,82.15 1 1
github.com/linuxdeepin/lastore-daemon/src/internal/system/common.go:82.15,84.3 1 1
github.com/linuxdeepin/lastore-daemon/src/internal/system/common.go:86.2,86.37 1 1
github.com/linuxdeepin/lastore-daemon/src/internal/system/common.go:89.42,91.16 2 1
github.com/linuxdeepin/lastore-daemon/src/internal/system/common.go:91.16,93.3 1 1
github.com/linuxdeepin/lastore-daemon/src/internal/system/common.go:94.2,94.18 1 1
github.com/linuxdeepin/lastore-daemon/src/internal/system/common.go:94.18,96.3 1 1
github.com/linuxdeepin/lastore-daemon/src/internal/system/common.go:97.2,97.13 1 1
github.com/linuxdeepin/lastore-daemon/src/internal/system/common.go:117.39,119.2 1 1
github.com/linuxdeepin/lastore-daemon/src/internal/system/common.go:173.55,175.10 2 0
github.com/linuxdeepin/lastore-daemon/src/internal/system/common.go:175.10,177.3 1 0
github.com/linuxdeepin/lastore-daemon/src/internal/system/common.go:178.2,183.16 4 0
github.com/linuxdeepin/lastore-daemon/src/internal/system/common.go:183.16,185.3 1 0
github.com/linuxdeepin/lastore-daemon/src/internal/system/common.go:232.26,234.16 2 0
github.com/linuxdeepin/lastore-daemon/src/internal/system/common.go:234.16,236.3 1 0
github.com/linuxdeepin/lastore-daemon/src/internal/system/common.go:238.2,238.28 1 0
github.com/linuxdeepin/lastore-daemon/src/internal/system/common.go:238.28,240.3 1 0
github.com/linuxdeepin/lastore-daemon/src/internal/system/common.go:241.2,242.16 2 0
github.com/linuxdeepin/lastore-daemon/src/internal/system/common.go:242.16,245.3 2 0
github.com/linuxdeepin/lastore-daemon/src/internal/system/common.go:246.2,248.16 3 0
github.com/linuxdeepin/lastore-daemon/src/internal/system/common.go:248.16,251.3 2 0
github.com/linuxdeepin/lastore-daemon/src/internal/system/common.go:252.2,252.83 1 0
github.com/linuxdeepin/lastore-daemon/src/internal/system/common.go:252.83,254.3 1 0
github.com/linuxdeepin/lastore-daemon/src/internal/system/common.go:255.2,255.14 1 0
github.com/linuxdeepin/lastore-daemon/src/internal/system/common.go:258.31,260.16 2 0
github.com/linuxdeepin/lastore-daemon/src/internal/system/common.go:260.16,263.3 2 0
github.com/linuxdeepin/lastore-daemon/src/internal/system/common.go:264.2,266.16 3 0
github.com/linuxdeepin/lastore-daemon/src/internal/system/common.go:266.16,269.3 2 0
github.com/linuxdeepin/lastore-daemon/src/internal/system/common.go:270.2,270.38 1 0
github.com/linuxdeepin/lastore-daemon/src/internal/system/common.go:273.41,276.16 2 1
github.com/linuxdeepin/lastore-daemon/src/internal/system/common.go:276.16,279.3 2 1
github.com/linuxdeepin/lastore-daemon/src/internal/system/common.go:280.2,280.15 1 1
github.com/linuxdeepin/lastore-daemon/src/internal/system/common.go:280.15,282.3 1 1
github.com/linuxdeepin/lastore-daemon/src/internal/system/common.go:284.2,292.16 3 1
github.com/linuxdeepin/lastore-daemon/src/internal/system/common.go:292.16,295.3 2 0
github.com/linuxdeepin/lastore-daemon/src/internal/system/common.go:297.2,297.36 1 1
github.com/linuxdeepin/lastore-daemon/src/internal/system/common.go:297.36,299.3 1 0
github.com/linuxdeepin/lastore-daemon/src/internal/system/common.go:301.2,301.18 1 1
github.com/linuxdeepin/lastore-daemon/src/internal/system/common.go:304.39,307.16 3 0
github.com/linuxdeepin/lastore-daemon/src/internal/system/common.go:307.16,309.3 1 0
github.com/linuxdeepin/lastore-daemon/src/internal/system/common.go:310.2,311.16 2 0
github.com/linuxdeepin/lastore-daemon/src/internal/system/common.go:311.16,313.3 1 0
github.com/linuxdeepin/lastore-daemon/src/internal/system/common.go:314.2,314.25 1 0
github.com/linuxdeepin/lastore-daemon/src/internal/system/common.go:318.49,320.16 2 1
github.com/linuxdeepin/lastore-daemon/src/internal/system/common.go:320.16,324.22 4 1
github.com/linuxdeepin/lastore-daemon/src/internal/system/common.go:324.22,325.22 1 1
github.com/linuxdeepin/lastore-daemon/src/internal/system/common.go:325.22,327.10 2 1
github.com/linuxdeepin/lastore-daemon/src/internal/system/common.go:329.4,329.15 1 1
github.com/linuxdeepin/lastore-daemon/src/internal/system/common.go:331.3,334.17 4 1
github.com/linuxdeepin/lastore-daemon/src/internal/system/common.go:334.17,337.4 2 1
github.com/linuxdeepin/lastore-daemon/src/internal/system/common.go:337.9,339.4 1 0
github.com/linuxdeepin/lastore-daemon/src/internal/system/common.go:341.2,341.98 1 0
github.com/linuxdeepin/lastore-daemon/src/internal/system/func.go:15.80,16.22 1 1
github.com/linuxdeepin/lastore-daemon/src/internal/system/func.go:16.22,18.3 1 1
github.com/linuxdeepin/lastore-daemon/src/internal/system/func.go:19.2,23.3 1 1
github.com/linuxdeepin/lastore-daemon/src/internal/system/func.go:27.34,28.17 1 1
github.com/linuxdeepin/lastore-daemon/src/internal/system/func.go:28.17,30.3 1 1
github.com/linuxdeepin/lastore-daemon/src/internal/system/func.go:31.2,31.12 1 1
github.com/linuxdeepin/lastore-daemon/src/internal/system/func.go:31.12,34.3 2 1
github.com/linuxdeepin/lastore-daemon/src/internal/system/func.go:35.2,35.12 1 1
github.com/linuxdeepin/lastore-daemon/src/internal/system/func.go:38.37,39.24 1 1
github.com/linuxdeepin/lastore-daemon/src/internal/system/func.go:39.24,42.3 2 1
github.com/linuxdeepin/lastore-daemon/src/internal/system/func.go:43.2,47.16 2 1
github.com/linuxdeepin/lastore-daemon/src/internal/system/func.go:47.16,59.3 6 1
github.com/linuxdeepin/lastore-daemon/src/internal/system/func.go:61.2,63.23 3 1
github.com/linuxdeepin/lastore-daemon/src/internal/system/system.go:117.44,120.2 1 1
github.com/linuxdeepin/lastore-daemon/src/internal/system/system.go:130.43,132.2 1 1
github.com/linuxdeepin/lastore-daemon/src/internal/system/system.go:136.48,138.2 1 1
github.com/linuxdeepin/lastore-daemon/src/internal/system/system.go:173.37,175.2 1 1
github.com/linuxdeepin/lastore-daemon/src/internal/system/system.go:177.39,179.2 1 1
github.com/linuxdeepin/lastore-daemon/src/internal/system/system.go:181.35,183.2 1 1
github.com/linuxdeepin/lastore-daemon/src/internal/system/system.go:185.34,187.16 2 1
github.com/linuxdeepin/lastore-daemon/src/internal/system/system.go:187.16,189.3 1 1
github.com/linuxdeepin/lastore-daemon/src/internal/system/system.go:190.2,190.26 1 0
github.com/linuxdeepin/lastore-daemon/src/internal/system/system_apt.go:48.51,53.21 1 0
github.com/linuxdeepin/lastore-daemon/src/internal/system/system_apt.go:53.21,53.36 1 0
github.com/linuxdeepin/lastore-daemon/src/internal/system/system_apt.go:55.2,55.16 1 0
github.com/linuxdeepin/lastore-daemon/src/internal/system/system_apt.go:55.16,57.3 1 0
github.com/linuxdeepin/lastore-daemon/src/internal/system/system_apt.go:58.2,58.21 1 0
github.com/linuxdeepin/lastore-daemon/src/internal/system/system_apt.go:62.54,65.16 2 0
github.com/linuxdeepin/lastore-daemon/src/internal/system/system_apt.go:65.16,67.3 1 0
github.com/linuxdeepin/lastore-daemon/src/internal/system/system_apt.go:68.2,71.51 3 0
github.com/linuxdeepin/lastore-daemon/src/internal/system/system_apt.go:71.51,72.39 1 0
github.com/linuxdeepin/lastore-daemon/src/internal/system/system_apt.go:72.39,74.4 1 0
github.com/linuxdeepin/lastore-daemon/src/internal/system/system_apt.go:76.2,76.10 1 0
github.com/linuxdeepin/lastore-daemon/src/internal/system/system_apt.go:87.56,91.16 3 0
github.com/linuxdeepin/lastore-daemon/src/internal/system/system_apt.go:91.16,93.3 1 0
github.com/linuxdeepin/lastore-daemon/src/internal/system/system_apt.go:94.2,98.29 4 0
github.com/linuxdeepin/lastore-daemon/src/internal/system/system_apt.go:98.29,100.22 2 0
github.com/linuxdeepin/lastore-daemon/src/internal/system/system_apt.go:100.22,101.20 1 0
github.com/linuxdeepin/lastore-daemon/src/internal/system/system_apt.go:102.53,105.25 3 0
github.com/linuxdeepin/lastore-daemon/src/internal/system/system_apt.go:105.25,106.16 1 0
github.com/linuxdeepin/lastore-daemon/src/internal/system/system_apt.go:111.2,112.15 2 0
github.com/linuxdeepin/lastore-daemon/src/internal/system/system_apt.go:112.15,114.3 1 0
github.com/linuxdeepin/lastore-daemon/src/internal/system/system_apt.go:116.2,117.20 2 0
github.com/linuxdeepin/lastore-daemon/src/internal/system/system_apt.go:117.20,119.3 1 0
github.com/linuxdeepin/lastore-daemon/src/internal/system/system_apt.go:120.2,121.28 2 0
github.com/linuxdeepin/lastore-daemon/src/internal/system/system_apt.go:121.28,123.3 1 0
github.com/linuxdeepin/lastore-daemon/src/internal/system/system_apt.go:125.2,125.60 1 0
github.com/linuxdeepin/lastore-daemon/src/internal/system/system_apt.go:129.55,132.16 2 0
github.com/linuxdeepin/lastore-daemon/src/internal/system/system_apt.go:132.16,134.3 1 0
github.com/linuxdeepin/lastore-daemon/src/internal/system/system_apt.go:135.2,136.21 2 0
github.com/linuxdeepin/lastore-daemon/src/internal/system/system_apt.go:136.21,138.3 1 0
github.com/linuxdeepin/lastore-daemon/src/internal/system/system_apt.go:139.2,139.15 1 0
github.com/linuxdeepin/lastore-daemon/src/internal/system/system_apt.go:144.100,146.24 2 0
github.com/linuxdeepin/lastore-daemon/src/internal/system/system_apt.go:146.24,149.3 2 0
github.com/linuxdeepin/lastore-daemon/src/internal/system/system_apt.go:150.2,153.79 4 0
github.com/linuxdeepin/lastore-daemon/src/internal/system/system_apt.go:153.79,154.16 1 0
github.com/linuxdeepin/lastore-daemon/src/internal/system/system_apt.go:154.16,155.20 1 0
github.com/linuxdeepin/lastore-daemon/src/internal/system/system_apt.go:155.20,157.5 1 0
github.com/linuxdeepin/lastore-daemon/src/internal/system/system_apt.go:159.3,160.25 2 0
github.com/linuxdeepin/lastore-daemon/src/internal/system/system_apt.go:160.25,167.4 1 0
github.com/linuxdeepin/lastore-daemon/src/internal/system/system_apt.go:167.9,174.4 1 0
github.com/linuxdeepin/lastore-daemon/src/internal/system/system_apt.go:176.3,176.85 1 0
github.com/linuxdeepin/lastore-daemon/src/internal/system/system_apt.go:176.85,179.4 2 0
github.com/linuxdeepin/lastore-daemon/src/internal/system/system_apt.go:180.3,180.36 1 0
github.com/linuxdeepin/lastore-daemon/src/internal/system/system_apt.go:180.36,182.4 1 0
github.com/linuxdeepin/lastore-daemon/src/internal/system/system_apt.go:184.3,184.22 1 0
github.com/linuxdeepin/lastore-daemon/src/internal/system/system_apt.go:184.22,186.18 2 0
github.com/linuxdeepin/lastore-daemon/src/internal/system/system_apt.go:186.18,189.5 2 0
github.com/linuxdeepin/lastore-daemon/src/internal/system/system_apt.go:190.4,191.36 2 0
github.com/linuxdeepin/lastore-daemon/src/internal/system/system_apt.go:193.3,193.13 1 0
github.com/linuxdeepin/lastore-daemon/src/internal/system/system_apt.go:195.2,195.16 1 0
github.com/linuxdeepin/lastore-daemon/src/internal/system/system_apt.go:195.16,198.3 2 0
github.com/linuxdeepin/lastore-daemon/src/internal/system/system_apt.go:199.2,200.44 2 0
github.com/linuxdeepin/lastore-daemon/src/internal/system/system_apt.go:204.97,208.79 4 0
github.com/linuxdeepin/lastore-daemon/src/internal/system/system_apt.go:208.79,209.16 1 0
github.com/linuxdeepin/lastore-daemon/src/internal/system/system_apt.go:209.16,210.20 1 0
github.com/linuxdeepin/lastore-daemon/src/internal/system/system_apt.go:210.20,212.5 1 0
github.com/linuxdeepin/lastore-daemon/src/internal/system/system_apt.go:214.3,215.25 2 0
github.com/linuxdeepin/lastore-daemon/src/internal/system/system_apt.go:215.25,221.4 1 0
github.com/linuxdeepin/lastore-daemon/src/internal/system/system_apt.go:221.9,227.4 1 0
github.com/linuxdeepin/lastore-daemon/src/internal/system/system_apt.go:228.3,230.85 3 0
github.com/linuxdeepin/lastore-daemon/src/internal/system/system_apt.go:230.85,233.4 2 0
github.com/linuxdeepin/lastore-daemon/src/internal/system/system_apt.go:234.3,234.36 1 0
github.com/linuxdeepin/lastore-daemon/src/internal/system/system_apt.go:234.36,236.4 1 0
github.com/linuxdeepin/lastore-daemon/src/internal/system/system_apt.go:238.3,238.22 1 0
github.com/linuxdeepin/lastore-daemon/src/internal/system/system_apt.go:238.22,240.18 2 0
github.com/linuxdeepin/lastore-daemon/src/internal/system/system_apt.go:240.18,243.5 2 0
github.com/linuxdeepin/lastore-daemon/src/internal/system/system_apt.go:244.4,245.29 2 0
github.com/linuxdeepin/lastore-daemon/src/internal/system/system_apt.go:247.3,247.13 1 0
github.com/linuxdeepin/lastore-daemon/src/internal/system/system_apt.go:249.2,249.16 1 0
github.com/linuxdeepin/lastore-daemon/src/internal/system/system_apt.go:249.16,252.3 2 0
github.com/linuxdeepin/lastore-daemon/src/internal/system/system_apt.go:253.2,254.44 2 0
github.com/linuxdeepin/lastore-daemon/src/internal/system/system_apt.go:258.47,262.16 2 1
github.com/linuxdeepin/lastore-daemon/src/internal/system/system_apt.go:262.16,264.3 1 1
github.com/linuxdeepin/lastore-daemon/src/internal/system/system_apt.go:265.2,266.30 2 0
github.com/linuxdeepin/lastore-daemon/src/internal/system/system_apt.go:270.49,272.16 2 0
github.com/linuxdeepin/lastore-daemon/src/internal/system/system_apt.go:272.16,274.3 1 0
github.com/linuxdeepin/lastore-daemon/src/internal/system/system_apt.go:276.2,277.16 2 0
github.com/linuxdeepin/lastore-daemon/src/internal/system/system_apt.go:277.16,279.3 1 0
github.com/linuxdeepin/lastore-daemon/src/internal/system/system_apt.go:280.2,280.56 1 0
github.com/linuxdeepin/lastore-daemon/src/internal/system/system_apt.go:280.56,282.3 1 0
github.com/linuxdeepin/lastore-daemon/src/internal/system/system_apt.go:283.2,283.13 1 0
github.com/linuxdeepin/lastore-daemon/src/internal/system/system_apt.go:286.65,289.79 3 0
github.com/linuxdeepin/lastore-daemon/src/internal/system/system_apt.go:289.79,290.16 1 0
github.com/linuxdeepin/lastore-daemon/src/internal/system/system_apt.go:290.16,291.20 1 0
github.com/linuxdeepin/lastore-daemon/src/internal/system/system_apt.go:291.20,293.5 1 0
github.com/linuxdeepin/lastore-daemon/src/internal/system/system_apt.go:295.3,296.25 2 0
github.com/linuxdeepin/lastore-daemon/src/internal/system/system_apt.go:296.25,302.4 1 0
github.com/linuxdeepin/lastore-daemon/src/internal/system/system_apt.go:302.9,308.4 1 0
github.com/linuxdeepin/lastore-daemon/src/internal/system/system_apt.go:310.3,310.85 1 0
github.com/linuxdeepin/lastore-daemon/src/internal/system/system_apt.go:310.85,313.4 2 0
github.com/linuxdeepin/lastore-daemon/src/internal/system/system_apt.go:314.3,314.36 1 0
github.com/linuxdeepin/lastore-daemon/src/internal/system/system_apt.go:314.36,316.4 1 0
github.com/linuxdeepin/lastore-daemon/src/internal/system/system_apt.go:318.3,318.22 1 0
github.com/linuxdeepin/lastore-daemon/src/internal/system/system_apt.go:318.22,320.18 2 0
github.com/linuxdeepin/lastore-daemon/src/internal/system/system_apt.go:320.18,323.5 2 0
github.com/linuxdeepin/lastore-daemon/src/internal/system/system_apt.go:324.4,324.22 1 0
github.com/linuxdeepin/lastore-daemon/src/internal/system/system_apt.go:326.3,326.13 1 0
github.com/linuxdeepin/lastore-daemon/src/internal/system/system_apt.go:328.2,328.16 1 0
github.com/linuxdeepin/lastore-daemon/src/internal/system/system_apt.go:328.16,331.3 2 0
github.com/linuxdeepin/lastore-daemon/src/internal/system/system_apt.go:332.2,333.22 2 0
github.com/linuxdeepin/lastore-daemon/src/internal/system/system_apt.go:337.52,339.16 2 0
github.com/linuxdeepin/lastore-daemon/src/internal/system/system_apt.go:339.16,341.3 1 0
github.com/linuxdeepin/lastore-daemon/src/internal/system/system_apt.go:343.2,344.16 2 0
github.com/linuxdeepin/lastore-daemon/src/internal/system/system_apt.go:344.16,346.3 1 0
github.com/linuxdeepin/lastore-daemon/src/internal/system/system_apt.go:348.2,349.65 2 0
github.com/linuxdeepin/lastore-daemon/src/internal/system/system_apt.go:349.65,351.3 1 0
github.com/linuxdeepin/lastore-daemon/src/internal/system/system_apt.go:352.2,352.81 1 0
github.com/linuxdeepin/lastore-daemon/src/internal/system/system_apt.go:352.81,353.36 1 0
github.com/linuxdeepin/lastore-daemon/src/internal/system/system_apt.go:353.36,355.4 1 0
github.com/linuxdeepin/lastore-daemon/src/internal/system/system_apt.go:357.2,357.15 1 0
github.com/linuxdeepin/lastore-daemon/src/internal/system/system_apt.go:360.13,362.16 2 1
github.com/linuxdeepin/lastore-daemon/src/internal/system/system_apt.go:362.16,364.3 1 0
github.com/linuxdeepin/lastore-daemon/src/internal/system/system_apt.go:365.2,367.54 3 1
github.com/linuxdeepin/lastore-daemon/src/internal/system/system_apt.go:370.48,371.46 1 1
github.com/linuxdeepin/lastore-daemon/src/internal/system/system_apt.go:371.46,373.18 2 1
github.com/linuxdeepin/lastore-daemon/src/internal/system/system_apt.go:373.18,375.4 1 1
github.com/linuxdeepin/lastore-daemon/src/internal/system/system_apt.go:377.2,377.14 1 1
github.com/linuxdeepin/lastore-daemon/src/internal/system/system_apt.go:398.62,400.17 2 1
github.com/linuxdeepin/lastore-daemon/src/internal/system/system_apt.go:401.9,412.17 6 1
github.com/linuxdeepin/lastore-daemon/src/internal/system/system_apt.go:412.17,414.4 1 0
github.com/linuxdeepin/lastore-daemon/src/internal/system/system_apt.go:415.3,415.22 1 1
github.com/linuxdeepin/lastore-daemon/src/internal/system/system_apt.go:415.22,417.4 1 1
github.com/linuxdeepin/lastore-daemon/src/internal/system/system_apt.go:418.3,418.21 1 1
github.com/linuxdeepin/lastore-daemon/src/internal/system/system_apt.go:418.21,422.18 4 1
github.com/linuxdeepin/lastore-daemon/src/internal/system/system_apt.go:422.18,425.5 2 0
github.com/linuxdeepin/lastore-daemon/src/internal/system/system_apt.go:426.4,426.23 1 1
github.com/linuxdeepin/lastore-daemon/src/internal/system/system_apt.go:426.23,428.5 1 1
github.com/linuxdeepin/lastore-daemon/src/internal/system/system_apt.go:429.9,432.4 2 1
github.com/linuxdeepin/lastore-daemon/src/internal/system/system_apt.go:433.3,435.48 3 1
github.com/linuxdeepin/lastore-daemon/src/internal/system/system_apt.go:437.2,437.65 1 1
github.com/linuxdeepin/lastore-daemon/src/internal/system/system_apt.go:442.56,444.37 1 1
github.com/linuxdeepin/lastore-daemon/src/internal/system/system_apt.go:444.37,446.3 1 1
github.com/linuxdeepin/lastore-daemon/src/internal/system/system_apt.go:447.2,448.17 2 1
github.com/linuxdeepin/lastore-daemon/src/internal/system/system_apt.go:449.9,456.17 4 1
github.com/linuxdeepin/lastore-daemon/src/internal/system/system_apt.go:456.17,458.4 1 0
github.com/linuxdeepin/lastore-daemon/src/internal/system/system_apt.go:459.3,459.22 1 1
github.com/linuxdeepin/lastore-daemon/src/internal/system/system_apt.go:459.22,461.4 1 1
github.com/linuxdeepin/lastore-daemon/src/internal/system/system_apt.go:463.3,464.22 2 1
github.com/linuxdeepin/lastore-daemon/src/internal/system/system_apt.go:466.2,466.52 1 1
github.com/linuxdeepin/lastore-daemon/src/internal/system/system_apt.go:469.54,472.16 3 0
github.com/linuxdeepin/lastore-daemon/src/internal/system/system_apt.go:472.16,474.3 1 0
github.com/linuxdeepin/lastore-daemon/src/internal/system/system_apt.go:475.2,477.16 3 0
github.com/linuxdeepin/lastore-daemon/src/internal/system/system_apt.go:477.16,479.3 1 0
github.com/linuxdeepin/lastore-daemon/src/internal/system/system_apt.go:479.8,481.3 1 0
github.com/linuxdeepin/lastore-daemon/src/internal/system/system_apt.go:482.2,482.20 1 0
github.com/linuxdeepin/lastore-daemon/src/internal/system/update_type.go:25.39,30.2 4 1
github.com/linuxdeepin/lastore-daemon/src/internal/system/update_type.go:32.27,37.2 4 1
github.com/linuxdeepin/lastore-daemon/src/internal/system/update_type.go:39.52,44.19 4 1
github.com/linuxdeepin/lastore-daemon/src/internal/system/update_type.go:44.19,46.3 1 1
github.com/linuxdeepin/lastore-daemon/src/internal/system/update_type.go:48.2,49.16 2 0
github.com/linuxdeepin/lastore-daemon/src/internal/system/update_type.go:49.16,52.3 2 0
github.com/linuxdeepin/lastore-daemon/src/internal/system/update_type.go:54.2,55.16 2 0
github.com/linuxdeepin/lastore-daemon/src/internal/system/update_type.go:55.16,58.3 2 0
github.com/linuxdeepin/lastore-daemon/src/internal/system/update_type.go:60.2,61.32 2 0
github.com/linuxdeepin/lastore-daemon/src/internal/system/update_type.go:61.32,62.43 1 0
github.com/linuxdeepin/lastore-daemon/src/internal/system/update_type.go:62.43,64.4 1 0
github.com/linuxdeepin/lastore-daemon/src/internal/system/update_type.go:67.2,67.26 1 0
github.com/linuxdeepin/lastore-daemon/src/internal/system/update_type.go:67.26,69.32 2 0
github.com/linuxdeepin/lastore-daemon/src/internal/system/update_type.go:69.32,71.18 2 0
github.com/linuxdeepin/lastore-daemon/src/internal/system/update_type.go:71.18,73.13 2 0
github.com/linuxdeepin/lastore-daemon/src/internal/system/update_type.go:76.4,76.48 1 0
github.com/linuxdeepin/lastore-daemon/src/internal/system/update_type.go:76.48,80.42 3 0
github.com/linuxdeepin/lastore-daemon/src/internal/system/update_type.go:80.42,81.33 1 0
github.com/linuxdeepin/lastore-daemon/src/internal/system/update_type.go:81.33,83.65 2 0
github.com/linuxdeepin/lastore-daemon/src/internal/system/update_type.go:83.65,85.8 1 0
github.com/linuxdeepin/lastore-daemon/src/internal/system/update_type.go:85.13,87.8 1 0
github.com/linuxdeepin/lastore-daemon/src/internal/system/update_type.go:94.2,94.32 1 0
github.com/linuxdeepin/lastore-daemon/src/internal/system/update_type.go:94.32,96.44 2 0
github.com/linuxdeepin/lastore-daemon/src/internal/system/update_type.go:96.44,97.12 1 0
github.com/linuxdeepin/lastore-daemon/src/internal/system/update_type.go:99.3,100.55 2 0
github.com/linuxdeepin/lastore-daemon/src/internal/system/update_type.go:100.55,102.62 2 0
github.com/linuxdeepin/lastore-daemon/src/internal/system/update_type.go:102.62,104.5 1 0
github.com/linuxdeepin/lastore-daemon/src/internal/system/update_type.go:104.10,106.5 1 0
github.com/linuxdeepin/lastore-daemon/src/internal/system/update_type.go:131.38,132.11 1 1
github.com/linuxdeepin/lastore-daemon/src/internal/system/update_type.go:133.20,134.30 1 1
github.com/linuxdeepin/lastore-daemon/src/internal/system/update_type.go:135.22,136.32 1 1
github.com/linuxdeepin/lastore-daemon/src/internal/system/update_type.go:137.42,138.32 1 1
github.com/linuxdeepin/lastore-daemon/src/internal/system/update_type.go:139.21,140.31 1 1
github.com/linuxdeepin/lastore-daemon/src/internal/system/update_type.go:141.25,142.29 1 1
github.com/linuxdeepin/lastore-daemon/src/internal/system/update_type.go:143.20,144.29 1 1
github.com/linuxdeepin/lastore-daemon/src/internal/system/update_type.go:145.10,146.12 1 1
github.com/linuxdeepin/lastore-daemon/src/internal/system/update_type.go:150.57,152.38 2 1
github.com/linuxdeepin/lastore-daemon/src/internal/system/update_type.go:152.38,153.22 1 1
github.com/linuxdeepin/lastore-daemon/src/internal/system/update_type.go:153.22,155.4 1 1
github.com/linuxdeepin/lastore-daemon/src/internal/system/update_type.go:157.2,157.12 1 1
github.com/linuxdeepin/lastore-daemon/src/internal/system/update_type.go:160.35,169.2 1 1
github.com/linuxdeepin/lastore-daemon/src/internal/system/update_type.go:172.40,181.2 1 1
github.com/linuxdeepin/lastore-daemon/src/internal/system/update_type.go:184.42,190.2 1 1
github.com/linuxdeepin/lastore-daemon/src/internal/system/update_type.go:217.37,218.14 1 1
github.com/linuxdeepin/lastore-daemon/src/internal/system/update_type.go:218.14,220.3 1 1
github.com/linuxdeepin/lastore-daemon/src/internal/system/update_type.go:220.8,222.3 1 1
github.com/linuxdeepin/lastore-daemon/src/internal/system/update_type.go:226.51,235.2 1 1
github.com/linuxdeepin/lastore-daemon/src/internal/system/update_type.go:243.62,245.16 2 0
github.com/linuxdeepin/lastore-daemon/src/internal/system/update_type.go:245.16,247.3 1 0
github.com/linuxdeepin/lastore-daemon/src/internal/system/update_type.go:249.2,250.16 2 0
github.com/linuxdeepin/lastore-daemon/src/internal/system/update_type.go:250.16,253.3 2 0
github.com/linuxdeepin/lastore-daemon/src/internal/system/update_type.go:254.2,254.26 1 0
github.com/linuxdeepin/lastore-daemon/src/internal/system/update_type.go:254.26,256.3 1 0
github.com/linuxdeepin/lastore-daemon/src/internal/system/update_type.go:258.2,258.38 1 0
github.com/linuxdeepin/lastore-daemon/src/internal/system/update_type.go:258.38,261.17 3 0
github.com/linuxdeepin/lastore-daemon/src/internal/system/update_type.go:261.17,263.4 1 0
github.com/linuxdeepin/lastore-daemon/src/internal/system/update_type.go:265.2,265.12 1 0
github.com/linuxdeepin/lastore-daemon/src/internal/system/update_type.go:270.85,274.16 4 0
github.com/linuxdeepin/lastore-daemon/src/internal/system/update_type.go:274.16,276.3 1 0
github.com/linuxdeepin/lastore-daemon/src/internal/system/update_type.go:277.2,281.16 3 0
github.com/linuxdeepin/lastore-daemon/src/internal/system/update_type.go:281.16,283.3 1 0
github.com/linuxdeepin/lastore-daemon/src/internal/system/update_type.go:284.2,284.29 1 0
github.com/linuxdeepin/lastore-daemon/src/internal/system/update_type.go:284.29,287.32 3 0
github.com/linuxdeepin/lastore-daemon/src/internal/system/update_type.go:287.32,289.18 2 0
github.com/linuxdeepin/lastore-daemon/src/internal/system/update_type.go:289.18,291.13 2 0
github.com/linuxdeepin/lastore-daemon/src/internal/system/update_type.go:293.4,293.38 1 0
github.com/linuxdeepin/lastore-daemon/src/internal/system/update_type.go:293.38,295.13 2 0
github.com/linuxdeepin/lastore-daemon/src/internal/system/update_type.go:297.4,298.18 2 0
github.com/linuxdeepin/lastore-daemon/src/internal/system/update_type.go:298.18,300.5 1 0
github.com/linuxdeepin/lastore-daemon/src/internal/system/update_type.go:301.9,303.18 2 0
github.com/linuxdeepin/lastore-daemon/src/internal/system/update_type.go:303.18,305.5 1 0
github.com/linuxdeepin/lastore-daemon/src/internal/system/update_type.go:307.3,309.17 3 0
github.com/linuxdeepin/lastore-daemon/src/internal/system/update_type.go:309.17,311.4 1 0
github.com/linuxdeepin/lastore-daemon/src/internal/system/update_type.go:314.2,315.16 2 0
github.com/linuxdeepin/lastore-daemon/src/internal/system/update_type.go:315.16,318.3 2 0
github.com/linuxdeepin/lastore-daemon/src/internal/system/update_type.go:319.2,320.16 2 0
github.com/linuxdeepin/lastore-daemon/src/internal/system/update_type.go:320.16,323.3 2 0
github.com/linuxdeepin/lastore-daemon/src/internal/system/update_type.go:324.2,325.16 2 0
github.com/linuxdeepin/lastore-daemon/src/internal/system/update_type.go:325.16,327.3 1 0
github.com/linuxdeepin/lastore-daemon/src/internal/system/update_type.go:328.2,329.12 2 0
github.com/linuxdeepin/lastore-daemon/src/internal/system/update_type.go:332.85,334.37 2 1
github.com/linuxdeepin/lastore-daemon/src/internal/system/update_type.go:334.37,336.20 2 1
github.com/linuxdeepin/lastore-daemon/src/internal/system/update_type.go:336.20,338.4 1 1
github.com/linuxdeepin/lastore-daemon/src/internal/system/update_type.go:340.2,340.27 1 1
github.com/linuxdeepin/lastore-daemon/src/internal/system/update_type.go:340.27,342.3 1 1
github.com/linuxdeepin/lastore-daemon/src/internal/system/update_type.go:344.2,345.52 2 1
github.com/linuxdeepin/lastore-daemon/src/internal/system/update_type.go:345.52,347.57 2 1
github.com/linuxdeepin/lastore-daemon/src/internal/system/update_type.go:347.57,349.12 2 1
github.com/linuxdeepin/lastore-daemon/src/internal/system/update_type.go:351.3,351.30 1 1
github.com/linuxdeepin/lastore-daemon/src/internal/system/update_type.go:353.2,353.34 1 1
github.com/linuxdeepin/lastore-daemon/src/internal/system/update_type.go:356.49,358.31 2 1
github.com/linuxdeepin/lastore-daemon/src/internal/system/update_type.go:358.31,359.37 1 1
github.com/linuxdeepin/lastore-daemon/src/internal/system/update_type.go:359.37,361.4 1 1
github.com/linuxdeepin/lastore-daemon/src/internal/system/update_type.go:363.2,363.11 1 1
github.com/linuxdeepin/lastore-daemon/src/internal/system/update_type.go:366.45,368.15 2 1
github.com/linuxdeepin/lastore-daemon/src/internal/system/update_type.go:368.15,370.3 1 1
github.com/linuxdeepin/lastore-daemon/src/internal/system/update_type.go:371.2,372.38 2 1
github.com/linuxdeepin/lastore-daemon/src/internal/system/update_type.go:375.56,377.43 2 1
github.com/linuxdeepin/lastore-daemon/src/internal/system/update_type.go:377.43,379.3 1 1
github.com/linuxdeepin/lastore-daemon/src/internal/system/update_type.go:380.2,380.35 1 1
github.com/linuxdeepin/lastore-daemon/src/internal/system/update_type.go:380.35,381.40 1 1
github.com/linuxdeepin/lastore-daemon/src/internal/system/update_type.go:381.40,382.12 1 1
github.com/linuxdeepin/lastore-daemon/src/internal/system/update_type.go:384.3,384.10 1 1
github.com/linuxdeepin/lastore-daemon/src/internal/system/update_type.go:385.49,387.36 2 1
github.com/linuxdeepin/lastore-daemon/src/internal/system/update_type.go:388.48,390.36 2 1
github.com/linuxdeepin/lastore-daemon/src/internal/system/update_type.go:391.52,392.15 1 1
github.com/linuxdeepin/lastore-daemon/src/internal/system/update_type.go:395.2,395.13 1 0
github.com/linuxdeepin/lastore-daemon/src/internal/system/update_type.go:398.64,400.16 2 0
github.com/linuxdeepin/lastore-daemon/src/internal/system/update_type.go:400.16,402.3 1 0
github.com/linuxdeepin/lastore-daemon/src/internal/system/update_type.go:404.2,405.16 2 0
github.com/linuxdeepin/lastore-daemon/src/internal/system/update_type.go:405.16,408.3 2 0
github.com/linuxdeepin/lastore-daemon/src/internal/system/update_type.go:409.2,409.26 1 0
github.com/linuxdeepin/lastore-daemon/src/internal/system/update_type.go:409.26,411.3 1 0
github.com/linuxdeepin/lastore-daemon/src/internal/system/update_type.go:413.2,413.38 1 0
github.com/linuxdeepin/lastore-daemon/src/internal/system/update_type.go:413.38,416.17 3 0
github.com/linuxdeepin/lastore-daemon/src/internal/system/update_type.go:416.17,418.4 1 0
github.com/linuxdeepin/lastore-daemon/src/internal/system/update_type.go:420.2,420.12 1 0
github.com/linuxdeepin/lastore-daemon/src/internal/system/update_type.go:423.111,425.20 2 0
github.com/linuxdeepin/lastore-daemon/src/internal/system/update_type.go:426.20,427.38 1 0
github.com/linuxdeepin/lastore-daemon/src/internal/system/update_type.go:428.22,429.32 1 0
github.com/linuxdeepin/lastore-daemon/src/internal/system/update_type.go:431.2,432.16 2 0
github.com/linuxdeepin/lastore-daemon/src/internal/system/update_type.go:432.16,434.3 1 0
github.com/linuxdeepin/lastore-daemon/src/internal/system/update_type.go:436.2,437.16 2 0
github.com/linuxdeepin/lastore-daemon/src/internal/system/update_type.go:437.16,440.3 2 0
github.com/linuxdeepin/lastore-daemon/src/internal/system/update_type.go:441.2,443.80 3 0
github.com/linuxdeepin/lastore-daemon/src/internal/system/update_type.go:447.61,450.16 2 0
github.com/linuxdeepin/lastore-daemon/src/internal/system/update_type.go:450.16,452.3 1 0
github.com/linuxdeepin/lastore-daemon/src/internal/system/update_type.go:453.2,454.16 2 0
github.com/linuxdeepin/lastore-daemon/src/internal/system/update_type.go:454.16,456.3 1 0
github.com/linuxdeepin/lastore-daemon/src/internal/system/update_type.go:458.2,459.16 2 0
github.com/linuxdeepin/lastore-daemon/src/internal/system/update_type.go:459.16,461.3 1 0
github.com/linuxdeepin/lastore-daemon/src/internal/system/update_type.go:463.2,464.16 2 0
github.com/linuxdeepin/lastore-daemon/src/internal/system/update_type.go:464.16,467.3 2 0
github.com/linuxdeepin/lastore-daemon/src/internal/system/update_type.go:469.2,471.16 3 0
github.com/linuxdeepin/lastore-daemon/src/internal/system/update_type.go:471.16,474.3 2 0
github.com/linuxdeepin/lastore-daemon/src/internal/system/update_type.go:475.2,475.30 1 0
github.com/linuxdeepin/lastore-daemon/src/internal/system/update_type.go:475.30,483.3 1 0
github.com/linuxdeepin/lastore-daemon/src/internal/system/update_type.go:484.2,484.46 1 0
github.com/linuxdeepin/lastore-daemon/src/internal/system/update_type.go:484.46,486.39 2 0
github.com/linuxdeepin/lastore-daemon/src/internal/system/update_type.go:486.39,487.38 1 0
github.com/linuxdeepin/lastore-daemon/src/internal/system/update_type.go:487.38,489.5 1 0
github.com/linuxdeepin/lastore-daemon/src/internal/system/update_type.go:494.2,494.50 1 0
github.com/linuxdeepin/lastore-daemon/src/internal/system/update_type.go:494.50,497.17 3 0
github.com/linuxdeepin/lastore-daemon/src/internal/system/update_type.go:497.17,499.4 1 0
github.com/linuxdeepin/lastore-daemon/src/internal/system/update_type.go:501.2,501.12 1 0
github.com/linuxdeepin/lastore-daemon/src/internal/system/update_type.go:505.65,508.16 2 0
github.com/linuxdeepin/lastore-daemon/src/internal/system/update_type.go:508.16,510.3 1 0
github.com/linuxdeepin/lastore-daemon/src/internal/system/update_type.go:511.2,511.31 1 0
github.com/linuxdeepin/lastore-daemon/src/internal/system/update_type.go:511.31,514.3 2 0
github.com/linuxdeepin/lastore-daemon/src/internal/system/update_type.go:516.2,517.16 2 0
github.com/linuxdeepin/lastore-daemon/src/internal/system/update_type.go:517.16,520.3 2 0
github.com/linuxdeepin/lastore-daemon/src/internal/system/update_type.go:522.2,522.43 1 0
github.com/linuxdeepin/lastore-daemon/src/internal/system/update_type.go:522.43,525.17 3 0
github.com/linuxdeepin/lastore-daemon/src/internal/system/update_type.go:525.17,527.4 1 0
github.com/linuxdeepin/lastore-daemon/src/internal/system/update_type.go:529.2,529.12 1 0
github.com/linuxdeepin/lastore-daemon/src/internal/system/update_type.go:533.107,535.41 2 0
github.com/linuxdeepin/lastore-daemon/src/internal/system/update_type.go:535.41,537.20 2 0
github.com/linuxdeepin/lastore-daemon/src/internal/system/update_type.go:537.20,540.4 2 0
github.com/linuxdeepin/lastore-daemon/src/internal/system/update_type.go:546.2,546.29 1 0
github.com/linuxdeepin/lastore-daemon/src/internal/system/update_type.go:547.9,548.61 1 0
github.com/linuxdeepin/lastore-daemon/src/internal/system/update_type.go:549.9,551.26 1 0
github.com/linuxdeepin/lastore-daemon/src/internal/system/update_type.go:551.26,553.4 1 0
github.com/linuxdeepin/lastore-daemon/src/internal/system/update_type.go:554.3,554.43 1 0
github.com/linuxdeepin/lastore-daemon/src/internal/system/update_type.go:555.10,556.26 1 0
github.com/linuxdeepin/lastore-daemon/src/internal/system/update_type.go:556.26,563.30 5 0
github.com/linuxdeepin/lastore-daemon/src/internal/system/update_type.go:563.30,566.5 2 0
github.com/linuxdeepin/lastore-daemon/src/internal/system/update_type.go:567.4,568.20 2 0
github.com/linuxdeepin/lastore-daemon/src/internal/system/update_type.go:568.20,571.19 3 0
github.com/linuxdeepin/lastore-daemon/src/internal/system/update_type.go:571.19,573.6 1 0
github.com/linuxdeepin/lastore-daemon/src/internal/system/update_type.go:575.4,575.17 1 0
github.com/linuxdeepin/lastore-daemon/src/internal/system/update_type.go:575.17,576.31 1 0
github.com/linuxdeepin/lastore-daemon/src/internal/system/update_type.go:576.31,578.6 1 0
github.com/linuxdeepin/lastore-daemon/src/internal/system/update_type.go:580.4,581.40 2 0
github.com/linuxdeepin/lastore-daemon/src/internal/system/update_type.go:581.40,584.31 3 0
github.com/linuxdeepin/lastore-daemon/src/internal/system/update_type.go:584.31,585.14 1 0
github.com/linuxdeepin/lastore-daemon/src/internal/system/update_type.go:587.5,587.25 1 0
github.com/linuxdeepin/lastore-daemon/src/internal/system/update_type.go:587.25,590.32 3 0
github.com/linuxdeepin/lastore-daemon/src/internal/system/update_type.go:590.32,591.15 1 0
github.com/linuxdeepin/lastore-daemon/src/internal/system/update_type.go:593.6,593.53 1 0
github.com/linuxdeepin/lastore-daemon/src/internal/system/update_type.go:593.53,595.43 2 0
github.com/linuxdeepin/lastore-daemon/src/internal/system/update_type.go:595.43,597.8 1 0
github.com/linuxdeepin/lastore-daemon/src/internal/system/update_type.go:599.11,601.6 1 0
github.com/linuxdeepin/lastore-daemon/src/internal/system/update_type.go:605.4,605.48 1 0
github.com/linuxdeepin/lastore-daemon/src/internal/system/update_type.go:605.48,609.31 4 0
github.com/linuxdeepin/lastore-daemon/src/internal/system/update_type.go:609.31,611.6 1 0
github.com/linuxdeepin/lastore-daemon/src/internal/system/update_type.go:613.4,613.41 1 0
github.com/linuxdeepin/lastore-daemon/src/internal/system/update_type.go:615.3,615.43 1 0
github.com/linuxdeepin/lastore-daemon/src/internal/config/config.go:34.30,36.2 1 1
github.com/linuxdeepin/lastore-daemon/src/internal/config/config.go:145.43,148.22 3 1
github.com/linuxdeepin/lastore-daemon/src/internal/config/config.go:148.22,153.17 3 0
github.com/linuxdeepin/lastore-daemon/src/internal/config/config.go:153.17,155.4 1 0
github.com/linuxdeepin/lastore-daemon/src/internal/config/config.go:155.9,158.4 2 0
github.com/linuxdeepin/lastore-daemon/src/internal/config/config.go:159.3,159.31 1 0
github.com/linuxdeepin/lastore-daemon/src/internal/config/config.go:161.2,161.41 1 1
github.com/linuxdeepin/lastore-daemon/src/internal/config/config.go:161.41,163.3 1 0
github.com/linuxdeepin/lastore-daemon/src/internal/config/config.go:164.2,164.22 1 1
github.com/linuxdeepin/lastore-daemon/src/internal/config/config.go:164.22,168.3 3 0
github.com/linuxdeepin/lastore-daemon/src/internal/config/config.go:170.2,170.11 1 1
github.com/linuxdeepin/lastore-daemon/src/internal/config/config.go:249.39,252.16 3 1
github.com/linuxdeepin/lastore-daemon/src/internal/config/config.go:252.16,254.3 1 0
github.com/linuxdeepin/lastore-daemon/src/internal/config/config.go:255.2,257.16 3 1
github.com/linuxdeepin/lastore-daemon/src/internal/config/config.go:257.16,260.3 2 0
github.com/linuxdeepin/lastore-daemon/src/internal/config/config.go:261.2,262.16 2 1
github.com/linuxdeepin/lastore-daemon/src/internal/config/config.go:262.16,265.3 2 0
github.com/linuxdeepin/lastore-daemon/src/internal/config/config.go:266.2,271.16 5 1
github.com/linuxdeepin/lastore-daemon/src/internal/config/config.go:271.16,273.3 1 0
github.com/linuxdeepin/lastore-daemon/src/internal/config/config.go:273.8,275.3 1 1
github.com/linuxdeepin/lastore-daemon/src/internal/config/config.go:277.2,278.16 2 1
github.com/linuxdeepin/lastore-daemon/src/internal/config/config.go:278.16,280.3 1 0
github.com/linuxdeepin/lastore-daemon/src/internal/config/config.go:280.8,282.3 1 1
github.com/linuxdeepin/lastore-daemon/src/internal/config/config.go:284.2,285.16 2 1
github.com/linuxdeepin/lastore-daemon/src/internal/config/config.go:285.16,287.3 1 0
github.com/linuxdeepin/lastore-daemon/src/internal/config/config.go:287.8,289.3 1 1
github.com/linuxdeepin/lastore-daemon/src/internal/config/config.go:291.2,292.16 2 1
github.com/linuxdeepin/lastore-daemon/src/internal/config/config.go:292.16,294.3 1 0
github.com/linuxdeepin/lastore-daemon/src/internal/config/config.go:294.8,296.3 1 1
github.com/linuxdeepin/lastore-daemon/src/internal/config/config.go:298.2,299.16 2 1
github.com/linuxdeepin/lastore-daemon/src/internal/config/config.go:299.16,301.3 1 0
github.com/linuxdeepin/lastore-daemon/src/internal/config/config.go:301.8,303.3 1 1
github.com/linuxdeepin/lastore-daemon/src/internal/config/config.go:305.2,306.16 2 1
github.com/linuxdeepin/lastore-daemon/src/internal/config/config.go:306.16,308.3 1 0
github.com/linuxdeepin/lastore-daemon/src/internal/config/config.go:308.8,310.3 1 1
github.com/linuxdeepin/lastore-daemon/src/internal/config/config.go:312.2,313.16 2 1
github.com/linuxdeepin/lastore-daemon/src/internal/config/config.go:313.16,315.3 1 0
github.com/linuxdeepin/lastore-daemon/src/internal/config/config.go:315.8,317.3 1 1
github.com/linuxdeepin/lastore-daemon/src/internal/config/config.go:319.2,320.16 2 1
github.com/linuxdeepin/lastore-daemon/src/internal/config/config.go:320.16,322.3 1 0
github.com/linuxdeepin/lastore-daemon/src/internal/config/config.go:322.8,324.3 1 1
github.com/linuxdeepin/lastore-daemon/src/internal/config/config.go:326.2,327.16 2 1
github.com/linuxdeepin/lastore-daemon/src/internal/config/config.go:327.16,329.3 1 0
github.com/linuxdeepin/lastore-daemon/src/internal/config/config.go:329.8,331.3 1 1
github.com/linuxdeepin/lastore-daemon/src/internal/config/config.go:333.2,334.16 2 1
github.com/linuxdeepin/lastore-daemon/src/internal/config/config.go:334.16,336.3 1 0
github.com/linuxdeepin/lastore-daemon/src/internal/config/config.go:336.8,338.3 1 1
github.com/linuxdeepin/lastore-daemon/src/internal/config/config.go:340.2,341.16 2 1
github.com/linuxdeepin/lastore-daemon/src/internal/config/config.go:341.16,343.3 1 0
github.com/linuxdeepin/lastore-daemon/src/internal/config/config.go:343.8,345.3 1 1
github.com/linuxdeepin/lastore-daemon/src/internal/config/config.go:347.2,348.16 2 1
github.com/linuxdeepin/lastore-daemon/src/internal/config/config.go:348.16,350.3 1 0
github.com/linuxdeepin/lastore-daemon/src/internal/config/config.go:350.8,352.3 1 1
github.com/linuxdeepin/lastore-daemon/src/internal/config/config.go:354.2,355.16 2 1
github.com/linuxdeepin/lastore-daemon/src/internal/config/config.go:355.16,357.3 1 0
github.com/linuxdeepin/lastore-daemon/src/internal/config/config.go:357.8,358.54 1 1
github.com/linuxdeepin/lastore-daemon/src/internal/config/config.go:358.54,361.4 2 0
github.com/linuxdeepin/lastore-daemon/src/internal/config/config.go:362.3,362.54 1 1
github.com/linuxdeepin/lastore-daemon/src/internal/config/config.go:365.2,366.16 2 1
github.com/linuxdeepin/lastore-daemon/src/internal/config/config.go:366.16,368.3 1 0
github.com/linuxdeepin/lastore-daemon/src/internal/config/config.go:368.8,370.3 1 1
github.com/linuxdeepin/lastore-daemon/src/internal/config/config.go:372.2,373.16 2 1
github.com/linuxdeepin/lastore-daemon/src/internal/config/config.go:373.16,375.3 1 0
github.com/linuxdeepin/lastore-daemon/src/internal/config/config.go:375.8,377.3 1 1
github.com/linuxdeepin/lastore-daemon/src/internal/config/config.go:379.2,380.16 2 1
github.com/linuxdeepin/lastore-daemon/src/internal/config/config.go:380.16,382.3 1 0
github.com/linuxdeepin/lastore-daemon/src/internal/config/config.go:382.8,385.17 3 1
github.com/linuxdeepin/lastore-daemon/src/internal/config/config.go:385.17,387.4 1 0
github.com/linuxdeepin/lastore-daemon/src/internal/config/config.go:390.2,391.16 2 1
github.com/linuxdeepin/lastore-daemon/src/internal/config/config.go:391.16,393.3 1 0
github.com/linuxdeepin/lastore-daemon/src/internal/config/config.go:393.8,396.17 3 1
github.com/linuxdeepin/lastore-daemon/src/internal/config/config.go:396.17,398.4 1 0
github.com/linuxdeepin/lastore-daemon/src/internal/config/config.go:401.2,402.16 2 1
github.com/linuxdeepin/lastore-daemon/src/internal/config/config.go:402.16,404.3 1 0
github.com/linuxdeepin/lastore-daemon/src/internal/config/config.go:404.8,407.17 3 1
github.com/linuxdeepin/lastore-daemon/src/internal/config/config.go:407.17,409.4 1 0
github.com/linuxdeepin/lastore-daemon/src/internal/config/config.go:412.2,413.16 2 1
github.com/linuxdeepin/lastore-daemon/src/internal/config/config.go:413.16,415.3 1 0
github.com/linuxdeepin/lastore-daemon/src/internal/config/config.go:415.8,417.3 1 1
github.com/linuxdeepin/lastore-daemon/src/internal/config/config.go:419.2,420.16 2 1
github.com/linuxdeepin/lastore-daemon/src/internal/config/config.go:420.16,422.3 1 0
github.com/linuxdeepin/lastore-daemon/src/internal/config/config.go:422.8,424.3 1 1
github.com/linuxdeepin/lastore-daemon/src/internal/config/config.go:426.2,427.16 2 1
github.com/linuxdeepin/lastore-daemon/src/internal/config/config.go:427.16,429.3 1 0
github.com/linuxdeepin/lastore-daemon/src/internal/config/config.go:429.8,431.3 1 1
github.com/linuxdeepin/lastore-daemon/src/internal/config/config.go:433.2,434.16 2 1
github.com/linuxdeepin/lastore-daemon/src/internal/config/config.go:434.16,436.3 1 0
github.com/linuxdeepin/lastore-daemon/src/internal/config/config.go:436.8,438.3 1 1
github.com/linuxdeepin/lastore-daemon/src/internal/config/config.go:440.2,441.16 2 1
github.com/linuxdeepin/lastore-daemon/src/internal/config/config.go:441.16,443.3 1 0
github.com/linuxdeepin/lastore-daemon/src/internal/config/config.go:443.8,444.48 1 1
github.com/linuxdeepin/lastore-daemon/src/internal/config/config.go:444.48,446.4 1 1
github.com/linuxdeepin/lastore-daemon/src/internal/config/config.go:449.2,450.16 2 1
github.com/linuxdeepin/lastore-daemon/src/internal/config/config.go:450.16,452.3 1 0
github.com/linuxdeepin/lastore-daemon/src/internal/config/config.go:452.8,455.17 3 1
github.com/linuxdeepin/lastore-daemon/src/internal/config/config.go:455.17,457.4 1 1
github.com/linuxdeepin/lastore-daemon/src/internal/config/config.go:460.2,461.16 2 1
github.com/linuxdeepin/lastore-daemon/src/internal/config/config.go:461.16,463.3 1 0
github.com/linuxdeepin/lastore-daemon/src/internal/config/config.go:463.8,465.3 1 1
github.com/linuxdeepin/lastore-daemon/src/internal/config/config.go:467.2,468.16 2 1
github.com/linuxdeepin/lastore-daemon/src/internal/config/config.go:468.16,470.3 1 0
github.com/linuxdeepin/lastore-daemon/src/internal/config/config.go:470.8,471.48 1 1
github.com/linuxdeepin/lastore-daemon/src/internal/config/config.go:471.48,473.4 1 1
github.com/linuxdeepin/lastore-daemon/src/internal/config/config.go:476.2,477.16 2 1
github.com/linuxdeepin/lastore-daemon/src/internal/config/config.go:477.16,479.3 1 0
github.com/linuxdeepin/lastore-daemon/src/internal/config/config.go:479.8,480.48 1 1
github.com/linuxdeepin/lastore-daemon/src/internal/config/config.go:480.48,482.4 1 1
github.com/linuxdeepin/lastore-daemon/src/internal/config/config.go:485.2,486.16 2 1
github.com/linuxdeepin/lastore-daemon/src/internal/config/config.go:486.16,488.3 1 0
github.com/linuxdeepin/lastore-daemon/src/internal/config/config.go:488.8,490.3 1 1
github.com/linuxdeepin/lastore-daemon/src/internal/config/config.go:492.2,493.16 2 1
github.com/linuxdeepin/lastore-daemon/src/internal/config/config.go:493.16,495.3 1 1
github.com/linuxdeepin/lastore-daemon/src/internal/config/config.go:495.8,497.3 1 0
github.com/linuxdeepin/lastore-daemon/src/internal/config/config.go:499.2,500.16 2 1
github.com/linuxdeepin/lastore-daemon/src/internal/config/config.go:500.16,502.3 1 1
github.com/linuxdeepin/lastore-daemon/src/internal/config/config.go:502.8,504.3 1 0
github.com/linuxdeepin/lastore-daemon/src/internal/config/config.go:506.2,507.16 2 1
github.com/linuxdeepin/lastore-daemon/src/internal/config/config.go:507.16,509.3 1 1
github.com/linuxdeepin/lastore-daemon/src/internal/config/config.go:509.8,511.3 1 0
github.com/linuxdeepin/lastore-daemon/src/internal/config/config.go:513.2,514.16 2 1
github.com/linuxdeepin/lastore-daemon/src/internal/config/config.go:514.16,516.3 1 1
github.com/linuxdeepin/lastore-daemon/src/internal/config/config.go:516.8,518.3 1 0
github.com/linuxdeepin/lastore-daemon/src/internal/config/config.go:520.2,521.16 2 1
github.com/linuxdeepin/lastore-daemon/src/internal/config/config.go:521.16,523.3 1 1
github.com/linuxdeepin/lastore-daemon/src/internal/config/config.go:523.8,525.3 1 0
github.com/linuxdeepin/lastore-daemon/src/internal/config/config.go:527.2,528.16 2 1
github.com/linuxdeepin/lastore-daemon/src/internal/config/config.go:528.16,530.3 1 1
github.com/linuxdeepin/lastore-daemon/src/internal/config/config.go:530.8,532.3 1 0
github.com/linuxdeepin/lastore-daemon/src/internal/config/config.go:534.2,535.16 2 1
github.com/linuxdeepin/lastore-daemon/src/internal/config/config.go:535.16,537.3 1 1
github.com/linuxdeepin/lastore-daemon/src/internal/config/config.go:537.8,539.3 1 0
github.com/linuxdeepin/lastore-daemon/src/internal/config/config.go:541.2,542.16 2 1
github.com/linuxdeepin/lastore-daemon/src/internal/config/config.go:542.16,544.3 1 1
github.com/linuxdeepin/lastore-daemon/src/internal/config/config.go:544.8,546.3 1 0
github.com/linuxdeepin/lastore-daemon/src/internal/config/config.go:548.2,549.16 2 1
github.com/linuxdeepin/lastore-daemon/src/internal/config/config.go:549.16,551.3 1 1
github.com/linuxdeepin/lastore-daemon/src/internal/config/config.go:551.8,553.3 1 0
github.com/linuxdeepin/lastore-daemon/src/internal/config/config.go:555.2,556.16 2 1
github.com/linuxdeepin/lastore-daemon/src/internal/config/config.go:556.16,558.3 1 1
github.com/linuxdeepin/lastore-daemon/src/internal/config/config.go:558.8,560.3 1 0
github.com/linuxdeepin/lastore-daemon/src/internal/config/config.go:562.2,563.16 2 1
github.com/linuxdeepin/lastore-daemon/src/internal/config/config.go:563.16,565.3 1 1
github.com/linuxdeepin/lastore-daemon/src/internal/config/config.go:565.8,567.3 1 0
github.com/linuxdeepin/lastore-daemon/src/internal/config/config.go:569.2,570.16 2 1
github.com/linuxdeepin/lastore-daemon/src/internal/config/config.go:570.16,572.3 1 1
github.com/linuxdeepin/lastore-daemon/src/internal/config/config.go:572.8,574.3 1 0
github.com/linuxdeepin/lastore-daemon/src/internal/config/config.go:576.2,577.16 2 1
github.com/linuxdeepin/lastore-daemon/src/internal/config/config.go:577.16,579.3 1 1
github.com/linuxdeepin/lastore-daemon/src/internal/config/config.go:579.8,581.3 1 0
github.com/linuxdeepin/lastore-daemon/src/internal/config/config.go:583.2,583.38 1 1
github.com/linuxdeepin/lastore-daemon/src/internal/config/config.go:583.38,585.17 2 1
github.com/linuxdeepin/lastore-daemon/src/internal/config/config.go:585.17,587.4 1 0
github.com/linuxdeepin/lastore-daemon/src/internal/config/config.go:587.9,589.4 1 1
github.com/linuxdeepin/lastore-daemon/src/internal/config/config.go:591.2,594.16 3 1
github.com/linuxdeepin/lastore-daemon/src/internal/config/config.go:594.16,596.3 1 0
github.com/linuxdeepin/lastore-daemon/src/internal/config/config.go:596.8,598.3 1 1
github.com/linuxdeepin/lastore-daemon/src/internal/config/config.go:600.2,601.16 2 1
github.com/linuxdeepin/lastore-daemon/src/internal/config/config.go:601.16,603.3 1 0
github.com/linuxdeepin/lastore-daemon/src/internal/config/config.go:603.8,605.3 1 1
github.com/linuxdeepin/lastore-daemon/src/internal/config/config.go:607.2,608.16 2 1
github.com/linuxdeepin/lastore-daemon/src/internal/config/config.go:608.16,610.3 1 0
github.com/linuxdeepin/lastore-daemon/src/internal/config/config.go:610.8,612.3 1 1
github.com/linuxdeepin/lastore-daemon/src/internal/config/config.go:614.2,616.16 3 1
github.com/linuxdeepin/lastore-daemon/src/internal/config/config.go:616.16,618.3 1 0
github.com/linuxdeepin/lastore-daemon/src/internal/config/config.go:618.8,620.3 1 1
github.com/linuxdeepin/lastore-daemon/src/internal/config/config.go:621.2,624.16 3 1
github.com/linuxdeepin/lastore-daemon/src/internal/config/config.go:624.16,626.3 1 0
github.com/linuxdeepin/lastore-daemon/src/internal/config/config.go:626.8,628.3 1 1
github.com/linuxdeepin/lastore-daemon/src/internal/config/config.go:630.2,631.16 2 1
github.com/linuxdeepin/lastore-daemon/src/internal/config/config.go:631.16,633.3 1 0
github.com/linuxdeepin/lastore-daemon/src/internal/config/config.go:633.8,635.3 1 1
github.com/linuxdeepin/lastore-daemon/src/internal/config/config.go:637.2,639.16 3 1
github.com/linuxdeepin/lastore-daemon/src/internal/config/config.go:639.16,641.3 1 0
github.com/linuxdeepin/lastore-daemon/src/internal/config/config.go:641.8,642.48 1 1
github.com/linuxdeepin/lastore-daemon/src/internal/config/config.go:642.48,644.4 1 1
github.com/linuxdeepin/lastore-daemon/src/internal/config/config.go:647.2,647.26 1 1
github.com/linuxdeepin/lastore-daemon/src/internal/config/config.go:647.26,649.3 1 0
github.com/linuxdeepin/lastore-daemon/src/internal/config/config.go:649.8,650.36 1 1
github.com/linuxdeepin/lastore-daemon/src/internal/config/config.go:650.36,652.4 1 1
github.com/linuxdeepin/lastore-daemon/src/internal/config/config.go:652.9,654.4 1 0
github.com/linuxdeepin/lastore-daemon/src/internal/config/config.go:657.2,658.16 2 1
github.com/linuxdeepin/lastore-daemon/src/internal/config/config.go:658.16,661.3 2 0
github.com/linuxdeepin/lastore-daemon/src/internal/config/config.go:661.8,663.3 1 1
github.com/linuxdeepin/lastore-daemon/src/internal/config/config.go:665.2,666.16 2 1
github.com/linuxdeepin/lastore-daemon/src/internal/config/config.go:666.16,668.3 1 0
github.com/linuxdeepin/lastore-daemon/src/internal/config/config.go:668.8,670.3 1 1
github.com/linuxdeepin/lastore-daemon/src/internal/config/config.go:672.2,673.16 2 1
github.com/linuxdeepin/lastore-daemon/src/internal/config/config.go:673.16,675.3 1 0
github.com/linuxdeepin/lastore-daemon/src/internal/config/config.go:675.8,677.3 1 1
github.com/linuxdeepin/lastore-daemon/src/internal/config/config.go:679.2,680.16 2 1
github.com/linuxdeepin/lastore-daemon/src/internal/config/config.go:680.16,682.3 1 0
github.com/linuxdeepin/lastore-daemon/src/internal/config/config.go:682.8,684.3 1 1
github.com/linuxdeepin/lastore-daemon/src/internal/config/config.go:686.2,687.16 2 1
github.com/linuxdeepin/lastore-daemon/src/internal/config/config.go:687.16,689.3 1 0
github.com/linuxdeepin/lastore-daemon/src/internal/config/config.go:689.8,691.3 1 1
github.com/linuxdeepin/lastore-daemon/src/internal/config/config.go:693.2,694.16 2 1
github.com/linuxdeepin/lastore-daemon/src/internal/config/config.go:694.16,696.3 1 0
github.com/linuxdeepin/lastore-daemon/src/internal/config/config.go:696.8,698.3 1 1
github.com/linuxdeepin/lastore-daemon/src/internal/config/config.go:699.2,700.16 2 1
github.com/linuxdeepin/lastore-daemon/src/internal/config/config.go:700.16,702.3 1 0
github.com/linuxdeepin/lastore-daemon/src/internal/config/config.go:702.8,704.3 1 1
github.com/linuxdeepin/lastore-daemon/src/internal/config/config.go:706.2,706.41 1 1
github.com/linuxdeepin/lastore-daemon/src/internal/config/config.go:706.41,708.17 2 1
github.com/linuxdeepin/lastore-daemon/src/internal/config/config.go:708.17,711.4 2 0
github.com/linuxdeepin/lastore-daemon/src/internal/config/config.go:711.9,713.4 1 1
github.com/linuxdeepin/lastore-daemon/src/internal/config/config.go:715.2,718.16 3 1
github.com/linuxdeepin/lastore-daemon/src/internal/config/config.go:718.16,720.3 1 0
github.com/linuxdeepin/lastore-daemon/src/internal/config/config.go:720.8,721.48 1 1
github.com/linuxdeepin/lastore-daemon/src/internal/config/config.go:721.48,723.4 1 0
github.com/linuxdeepin/lastore-daemon/src/internal/config/config.go:726.2,727.16 2 1
github.com/linuxdeepin/lastore-daemon/src/internal/config/config.go:727.16,729.3 1 0
github.com/linuxdeepin/lastore-daemon/src/internal/config/config.go:729.8,730.48 1 1
github.com/linuxdeepin/lastore-daemon/src/internal/config/config.go:730.48,732.4 1 0
github.com/linuxdeepin/lastore-daemon/src/internal/config/config.go:735.2,736.16 2 1
github.com/linuxdeepin/lastore-daemon/src/internal/config/config.go:736.16,738.3 1 0
github.com/linuxdeepin/lastore-daemon/src/internal/config/config.go:738.8,740.3 1 1
github.com/linuxdeepin/lastore-daemon/src/internal/config/config.go:742.2,743.16 2 1
github.com/linuxdeepin/lastore-daemon/src/internal/config/config.go:743.16,745.3 1 0
github.com/linuxdeepin/lastore-daemon/src/internal/config/config.go:745.8,747.3 1 1
github.com/linuxdeepin/lastore-daemon/src/internal/config/config.go:749.2,750.16 2 1
github.com/linuxdeepin/lastore-daemon/src/internal/config/config.go:750.16,752.3 1 0
github.com/linuxdeepin/lastore-daemon/src/internal/config/config.go:752.8,754.3 1 1
github.com/linuxdeepin/lastore-daemon/src/internal/config/config.go:756.2,757.16 2 1
github.com/linuxdeepin/lastore-daemon/src/internal/config/config.go:757.16,759.3 1 0
github.com/linuxdeepin/lastore-daemon/src/internal/config/config.go:761.2,762.16 2 1
github.com/linuxdeepin/lastore-daemon/src/internal/config/config.go:762.16,764.3 1 0
github.com/linuxdeepin/lastore-daemon/src/internal/config/config.go:767.2,768.16 2 1
github.com/linuxdeepin/lastore-daemon/src/internal/config/config.go:768.16,769.26 1 0
github.com/linuxdeepin/lastore-daemon/src/internal/config/config.go:769.26,771.4 1 0
github.com/linuxdeepin/lastore-daemon/src/internal/config/config.go:772.8,775.17 3 1
github.com/linuxdeepin/lastore-daemon/src/internal/config/config.go:775.17,777.4 1 0
github.com/linuxdeepin/lastore-daemon/src/internal/config/config.go:780.2,781.16 2 1
github.com/linuxdeepin/lastore-daemon/src/internal/config/config.go:781.16,782.26 1 0
github.com/linuxdeepin/lastore-daemon/src/internal/config/config.go:782.26,784.4 1 0
github.com/linuxdeepin/lastore-daemon/src/internal/config/config.go:785.8,787.3 1 1
github.com/linuxdeepin/lastore-daemon/src/internal/config/config.go:788.2,791.67 3 1
github.com/linuxdeepin/lastore-daemon/src/internal/config/config.go:791.67,793.14 2 1
github.com/linuxdeepin/lastore-daemon/src/internal/config/config.go:794.35,796.18 2 0
github.com/linuxdeepin/lastore-daemon/src/internal/config/config.go:796.18,798.5 1 0
github.com/linuxdeepin/lastore-daemon/src/internal/config/config.go:798.10,804.18 6 0
github.com/linuxdeepin/lastore-daemon/src/internal/config/config.go:804.18,806.6 1 0
github.com/linuxdeepin/lastore-daemon/src/internal/config/config.go:807.5,807.39 1 0
github.com/linuxdeepin/lastore-daemon/src/internal/config/config.go:809.35,811.18 2 0
github.com/linuxdeepin/lastore-daemon/src/internal/config/config.go:811.18,813.5 1 0
github.com/linuxdeepin/lastore-daemon/src/internal/config/config.go:813.10,819.18 6 0
github.com/linuxdeepin/lastore-daemon/src/internal/config/config.go:819.18,821.6 1 0
github.com/linuxdeepin/lastore-daemon/src/internal/config/config.go:822.5,822.39 1 0
github.com/linuxdeepin/lastore-daemon/src/internal/config/config.go:824.32,826.18 2 0
github.com/linuxdeepin/lastore-daemon/src/internal/config/config.go:826.18,828.5 1 0
github.com/linuxdeepin/lastore-daemon/src/internal/config/config.go:828.10,834.18 6 0
github.com/linuxdeepin/lastore-daemon/src/internal/config/config.go:834.18,836.6 1 0
github.com/linuxdeepin/lastore-daemon/src/internal/config/config.go:837.5,837.39 1 0
github.com/linuxdeepin/lastore-daemon/src/internal/config/config.go:839.42,841.18 2 0
github.com/linuxdeepin/lastore-daemon/src/internal/config/config.go:841.18,843.5 1 0
github.com/linuxdeepin/lastore-daemon/src/internal/config/config.go:843.10,849.18 6 0
github.com/linuxdeepin/lastore-daemon/src/internal/config/config.go:849.18,851.6 1 0
github.com/linuxdeepin/lastore-daemon/src/internal/config/config.go:852.5,852.39 1 0
github.com/linuxdeepin/lastore-daemon/src/internal/config/config.go:854.36,856.18 2 0
github.com/linuxdeepin/lastore-daemon/src/internal/config/config.go:856.18,858.5 1 0
github.com/linuxdeepin/lastore-daemon/src/internal/config/config.go:858.10,864.18 6 0
github.com/linuxdeepin/lastore-daemon/src/internal/config/config.go:864.18,866.6 1 0
github.com/linuxdeepin/lastore-daemon/src/internal/config/config.go:867.5,867.39 1 0
github.com/linuxdeepin/lastore-daemon/src/internal/config/config.go:869.38,871.18 2 0
github.com/linuxdeepin/lastore-daemon/src/internal/config/config.go:871.18,873.5 1 0
github.com/linuxdeepin/lastore-daemon/src/internal/config/config.go:873.10,879.18 6 0
github.com/linuxdeepin/lastore-daemon/src/internal/config/config.go:879.18,881.6 1 0
github.com/linuxdeepin/lastore-daemon/src/internal/config/config.go:882.5,882.39 1 0
github.com/linuxdeepin/lastore-daemon/src/internal/config/config.go:884.40,886.18 2 1
github.com/linuxdeepin/lastore-daemon/src/internal/config/config.go:886.18,888.5 1 0
github.com/linuxdeepin/lastore-daemon/src/internal/config/config.go:888.10,894.18 6 1
github.com/linuxdeepin/lastore-daemon/src/internal/config/config.go:894.18,896.6 1 0
github.com/linuxdeepin/lastore-daemon/src/internal/config/config.go:897.5,897.39 1 1
github.com/linuxdeepin/lastore-daemon/src/internal/config/config.go:899.43,901.18 2 0
github.com/linuxdeepin/lastore-daemon/src/internal/config/config.go:901.18,903.5 1 0
github.com/linuxdeepin/lastore-daemon/src/internal/config/config.go:903.10,909.18 6 0
github.com/linuxdeepin/lastore-daemon/src/internal/config/config.go:909.18,911.6 1 0
github.com/linuxdeepin/lastore-daemon/src/internal/config/config.go:912.5,912.39 1 0
github.com/linuxdeepin/lastore-daemon/src/internal/config/config.go:914.40,918.66 4 0
github.com/linuxdeepin/lastore-daemon/src/internal/config/config.go:918.66,921.18 3 0
github.com/linuxdeepin/lastore-daemon/src/internal/config/config.go:921.18,923.6 1 0
github.com/linuxdeepin/lastore-daemon/src/internal/config/config.go:924.5,924.39 1 0
github.com/linuxdeepin/lastore-daemon/src/internal/config/config.go:928.2,928.16 1 1
github.com/linuxdeepin/lastore-daemon/src/internal/config/config.go:928.16,930.3 1 0
github.com/linuxdeepin/lastore-daemon/src/internal/config/config.go:931.2,931.10 1 1
github.com/linuxdeepin/lastore-daemon/src/internal/config/config.go:934.52,955.2 20 1
github.com/linuxdeepin/lastore-daemon/src/internal/config/config.go:957.86,958.36 1 1
github.com/linuxdeepin/lastore-daemon/src/internal/config/config.go:958.36,960.3 1 1
github.com/linuxdeepin/lastore-daemon/src/internal/config/config.go:961.2,963.36 3 1
github.com/linuxdeepin/lastore-daemon/src/internal/config/config.go:966.46,969.2 2 1
github.com/linuxdeepin/lastore-daemon/src/internal/config/config.go:971.46,974.2 2 1
github.com/linuxdeepin/lastore-daemon/src/internal/config/config.go:976.55,979.2 2 1
github.com/linuxdeepin/lastore-daemon/src/internal/config/config.go:981.51,984.2 2 1
github.com/linuxdeepin/lastore-daemon/src/internal/config/config.go:986.57,989.2 2 1
github.com/linuxdeepin/lastore-daemon/src/internal/config/config.go:991.63,994.2 2 1
github.com/linuxdeepin/lastore-daemon/src/internal/config/config.go:996.53,999.2 2 1
github.com/linuxdeepin/lastore-daemon/src/internal/config/config.go:1001.60,1004.2 2 1
github.com/linuxdeepin/lastore-daemon/src/internal/config/config.go:1006.50,1009.2 2 1
github.com/linuxdeepin/lastore-daemon/src/internal/config/config.go:1011.58,1014.2 2 1
github.com/linuxdeepin/lastore-daemon/src/internal/config/config.go:1016.46,1018.2 1 1
github.com/linuxdeepin/lastore-daemon/src/internal/config/config.go:1020.51,1023.2 2 1
github.com/linuxdeepin/lastore-daemon/src/internal/config/config.go:1025.57,1028.2 2 1
github.com/linuxdeepin/lastore-daemon/src/internal/config/config.go:1030.62,1033.2 2 1
github.com/linuxdeepin/lastore-daemon/src/internal/config/config.go:1035.67,1038.2 2 1
github.com/linuxdeepin/lastore-daemon/src/internal/config/config.go:1040.79,1043.2 2 1
github.com/linuxdeepin/lastore-daemon/src/internal/config/config.go:1045.64,1048.2 2 1
github.com/linuxdeepin/lastore-daemon/src/internal/config/config.go:1050.79,1053.2 2 1
github.com/linuxdeepin/lastore-daemon/src/internal/config/config.go:1055.82,1058.2 2 1
github.com/linuxdeepin/lastore-daemon/src/internal/config/config.go:1060.88,1064.16 4 1
github.com/linuxdeepin/lastore-daemon/src/internal/config/config.go:1064.16,1066.3 1 0
github.com/linuxdeepin/lastore-daemon/src/internal/config/config.go:1067.2,1067.53 1 1
github.com/linuxdeepin/lastore-daemon/src/internal/config/config.go:1070.50,1073.2 2 1
github.com/linuxdeepin/lastore-daemon/src/internal/config/config.go:1075.65,1078.2 2 1
github.com/linuxdeepin/lastore-daemon/src/internal/config/config.go:1080.65,1083.2 2 1
github.com/linuxdeepin/lastore-daemon/src/internal/config/config.go:1085.65,1088.2 2 1
github.com/linuxdeepin/lastore-daemon/src/internal/config/config.go:1090.57,1093.2 2 1
github.com/linuxdeepin/lastore-daemon/src/internal/config/config.go:1095.57,1098.2 2 1
github.com/linuxdeepin/lastore-daemon/src/internal/config/config.go:1105.66,1108.2 2 1
github.com/linuxdeepin/lastore-daemon/src/internal/config/config.go:1110.67,1113.2 2 1
github.com/linuxdeepin/lastore-daemon/src/internal/config/config.go:1115.72,1118.2 2 1
github.com/linuxdeepin/lastore-daemon/src/internal/config/config.go:1120.76,1123.2 2 1
github.com/linuxdeepin/lastore-daemon/src/internal/config/config.go:1125.74,1128.2 2 1
github.com/linuxdeepin/lastore-daemon/src/internal/config/config.go:1130.74,1133.2 2 1
github.com/linuxdeepin/lastore-daemon/src/internal/config/config.go:1135.72,1138.2 2 1
github.com/linuxdeepin/lastore-daemon/src/internal/config/config.go:1140.77,1143.2 2 1
github.com/linuxdeepin/lastore-daemon/src/internal/config/config.go:1145.75,1148.2 2 1
github.com/linuxdeepin/lastore-daemon/src/internal/config/config.go:1150.75,1153.2 2 1
github.com/linuxdeepin/lastore-daemon/src/internal/config/config.go:1155.73,1158.2 2 1
github.com/linuxdeepin/lastore-daemon/src/internal/config/config.go:1160.73,1163.2 2 1
github.com/linuxdeepin/lastore-daemon/src/internal/config/config.go:1165.71,1168.2 2 1
github.com/linuxdeepin/lastore-daemon/src/internal/config/config.go:1170.76,1173.2 2 1
github.com/linuxdeepin/lastore-daemon/src/internal/config/config.go:1175.74,1178.2 2 1
github.com/linuxdeepin/lastore-daemon/src/internal/config/config.go:1180.75,1185.2 4 1
github.com/linuxdeepin/lastore-daemon/src/internal/config/config.go:1188.90,1190.11 2 1
github.com/linuxdeepin/lastore-daemon/src/internal/config/config.go:1190.11,1192.3 1 1
github.com/linuxdeepin/lastore-daemon/src/internal/config/config.go:1192.8,1194.3 1 1
github.com/linuxdeepin/lastore-daemon/src/internal/config/config.go:1195.2,1196.71 2 1
github.com/linuxdeepin/lastore-daemon/src/internal/config/config.go:1199.63,1203.2 3 1
github.com/linuxdeepin/lastore-daemon/src/internal/config/config.go:1205.91,1209.2 3 1
github.com/linuxdeepin/lastore-daemon/src/internal/config/config.go:1211.55,1214.2 2 1
github.com/linuxdeepin/lastore-daemon/src/internal/config/config.go:1216.61,1219.2 2 1
github.com/linuxdeepin/lastore-daemon/src/internal/config/config.go:1221.64,1224.2 2 1
github.com/linuxdeepin/lastore-daemon/src/internal/config/config.go:1226.66,1229.2 2 1
github.com/linuxdeepin/lastore-daemon/src/internal/config/config.go:1231.56,1234.2 2 1
github.com/linuxdeepin/lastore-daemon/src/internal/config/config.go:1236.63,1239.2 2 1
github.com/linuxdeepin/lastore-daemon/src/internal/config/config.go:1241.58,1244.2 2 1
github.com/linuxdeepin/lastore-daemon/src/internal/config/config.go:1246.61,1251.34 3 1
github.com/linuxdeepin/lastore-daemon/src/internal/config/config.go:1251.34,1253.3 1 1
github.com/linuxdeepin/lastore-daemon/src/internal/config/config.go:1255.2,1255.54 1 1
github.com/linuxdeepin/lastore-daemon/src/internal/config/config.go:1258.83,1260.16 2 1
github.com/linuxdeepin/lastore-daemon/src/internal/config/config.go:1260.16,1263.3 2 0
github.com/linuxdeepin/lastore-daemon/src/internal/config/config.go:1264.2,1265.68 2 1
github.com/linuxdeepin/lastore-daemon/src/internal/config/config.go:1268.53,1271.2 2 1
github.com/linuxdeepin/lastore-daemon/src/internal/config/config.go:1273.75,1275.51 2 1
github.com/linuxdeepin/lastore-daemon/src/internal/config/config.go:1275.51,1277.3 1 0
github.com/linuxdeepin/lastore-daemon/src/internal/config/config.go:1278.2,1278.22 1 1
github.com/linuxdeepin/lastore-daemon/src/internal/config/config.go:1278.22,1280.3 1 0
github.com/linuxdeepin/lastore-daemon/src/internal/config/config.go:1281.2,1281.32 1 1
github.com/linuxdeepin/lastore-daemon/src/internal/config/config.go:1284.71,1286.2 1 1
github.com/linuxdeepin/lastore-daemon/src/internal/config/config.go:1288.56,1289.31 1 1
github.com/linuxdeepin/lastore-daemon/src/internal/config/config.go:1289.31,1291.3 1 1
github.com/linuxdeepin/lastore-daemon/src/internal/config/config.go:1292.2,1293.41 2 1
github.com/linuxdeepin/lastore-daemon/src/internal/config/config.go:1296.51,1297.31 1 1
github.com/linuxdeepin/lastore-daemon/src/internal/config/config.go:1297.31,1299.3 1 0
github.com/linuxdeepin/lastore-daemon/src/internal/config/config.go:1300.2,1300.12 1 1
github.com/linuxdeepin/lastore-daemon/src/internal/config/repo_config.go:27.35,28.11 1 1
github.com/linuxdeepin/lastore-daemon/src/internal/config/repo_config.go:29.21,30.25 1 1
github.com/linuxdeepin/lastore-daemon/src/internal/config/repo_config.go:31.22,32.26 1 1
github.com/linuxdeepin/lastore-daemon/src/internal/config/repo_config.go:33.18,34.22 1 1
github.com/linuxdeepin/lastore-daemon/src/internal/config/repo_config.go:35.10,36.12 1 1
github.com/linuxdeepin/lastore-daemon/src/internal/config/repo_config.go:40.34,42.2 1 1
github.com/linuxdeepin/lastore-daemon/src/internal/config/repo_config.go:61.66,69.16 4 1
github.com/linuxdeepin/lastore-daemon/src/internal/config/repo_config.go:69.16,70.25 1 1
github.com/linuxdeepin/lastore-daemon/src/internal/config/repo_config.go:70.25,72.4 1 1
github.com/linuxdeepin/lastore-daemon/src/internal/config/repo_config.go:72.9,74.4 1 0
github.com/linuxdeepin/lastore-daemon/src/internal/config/repo_config.go:75.3,75.18 1 1
github.com/linuxdeepin/lastore-daemon/src/internal/config/repo_config.go:77.2,77.29 1 1
github.com/linuxdeepin/lastore-daemon/src/internal/config/repo_config.go:77.29,78.62 1 1
github.com/linuxdeepin/lastore-daemon/src/internal/config/repo_config.go:78.62,80.12 2 1
github.com/linuxdeepin/lastore-daemon/src/internal/config/repo_config.go:82.3,83.17 2 1
github.com/linuxdeepin/lastore-daemon/src/internal/config/repo_config.go:83.17,85.12 2 0
github.com/linuxdeepin/lastore-daemon/src/internal/config/repo_config.go:87.3,89.17 3 1
github.com/linuxdeepin/lastore-daemon/src/internal/config/repo_config.go:89.17,91.12 2 1
github.com/linuxdeepin/lastore-daemon/src/internal/config/repo_config.go:93.3,94.29 2 1
github.com/linuxdeepin/lastore-daemon/src/internal/config/repo_config.go:95.28,96.38 1 1
github.com/linuxdeepin/lastore-daemon/src/internal/config/repo_config.go:97.30,98.40 1 1
github.com/linuxdeepin/lastore-daemon/src/internal/config/repo_config.go:99.11,101.12 2 1
github.com/linuxdeepin/lastore-daemon/src/internal/config/repo_config.go:104.3,104.28 1 1
github.com/linuxdeepin/lastore-daemon/src/internal/config/repo_config.go:104.28,108.4 3 1
github.com/linuxdeepin/lastore-daemon/src/internal/config/repo_config.go:109.3,112.31 4 1
github.com/linuxdeepin/lastore-daemon/src/internal/config/repo_config.go:116.2,116.47 1 1
github.com/linuxdeepin/lastore-daemon/src/internal/config/repo_config.go:120.71,125.13 5 1
github.com/linuxdeepin/lastore-daemon/src/internal/config/repo_config.go:126.27,130.28 4 1
github.com/linuxdeepin/lastore-daemon/src/internal/config/repo_config.go:130.28,132.4 1 0
github.com/linuxdeepin/lastore-daemon/src/internal/config/repo_config.go:133.29,137.28 4 1
github.com/linuxdeepin/lastore-daemon/src/internal/config/repo_config.go:137.28,139.4 1 0
github.com/linuxdeepin/lastore-daemon/src/internal/config/repo_config.go:140.10,141.56 1 0
github.com/linuxdeepin/lastore-daemon/src/internal/config/repo_config.go:143.2,143.39 1 1
github.com/linuxdeepin/lastore-daemon/src/internal/config/repo_config.go:143.39,146.3 2 1
github.com/linuxdeepin/lastore-daemon/src/internal/config/repo_config.go:148.2,148.41 1 0
github.com/linuxdeepin/lastore-daemon/src/internal/config/repo_config.go:148.41,150.3 1 0
github.com/linuxdeepin/lastore-daemon/src/internal/config/repo_config.go:150.8,152.17 2 0
github.com/linuxdeepin/lastore-daemon/src/internal/config/repo_config.go:152.17,154.4 1 0
github.com/linuxdeepin/lastore-daemon/src/internal/config/repo_config.go:156.2,157.16 2 0
github.com/linuxdeepin/lastore-daemon/src/internal/config/repo_config.go:157.16,160.3 2 0
github.com/linuxdeepin/lastore-daemon/src/internal/config/repo_config.go:161.2,161.35 1 0
github.com/linuxdeepin/lastore-daemon/src/internal/config/repo_config.go:164.40,166.34 2 0
github.com/linuxdeepin/lastore-daemon/src/internal/config/repo_config.go:166.34,168.3 1 0
github.com/linuxdeepin/lastore-daemon/src/internal/config/repo_config.go:169.2,169.36 1 0
github.com/linuxdeepin/lastore-daemon/src/internal/config/repo_config.go:169.36,171.3 1 0
github.com/linuxdeepin/lastore-daemon/src/internal/config/repo_config.go:175.37,178.16 3 0
github.com/linuxdeepin/lastore-daemon/src/internal/config/repo_config.go:178.16,180.3 1 0
github.com/linuxdeepin/lastore-daemon/src/internal/config/repo_config.go:180.8,182.3 1 0
github.com/linuxdeepin/lastore-daemon/src/internal/config/repo_config.go:183.2,185.16 3 0
github.com/linuxdeepin/lastore-daemon/src/internal/config/repo_config.go:185.16,187.3 1 0
github.com/linuxdeepin/lastore-daemon/src/internal/config/repo_config.go:187.8,189.3 1 0
github.com/linuxdeepin/lastore-daemon/src/internal/config/repo_config.go:190.2,191.26 2 0
github.com/linuxdeepin/lastore-daemon/src/internal/config/repo_config.go:192.21,193.64 1 0
github.com/linuxdeepin/lastore-daemon/src/internal/config/repo_config.go:194.22,195.173 1 0
github.com/linuxdeepin/lastore-daemon/src/internal/config/repo_config.go:196.18,197.168 1 0
github.com/linuxdeepin/lastore-daemon/src/internal/config/repo_config.go:199.2,199.16 1 0
github.com/linuxdeepin/lastore-daemon/src/internal/config/repo_config.go:199.16,201.3 1 0
github.com/linuxdeepin/lastore-daemon/src/internal/config/repo_config.go:203.2,203.28 1 0
github.com/linuxdeepin/lastore-daemon/src/internal/config/repo_config.go:204.21,205.68 1 0
github.com/linuxdeepin/lastore-daemon/src/internal/config/repo_config.go:206.22,207.181 1 0
github.com/linuxdeepin/lastore-daemon/src/internal/config/repo_config.go:208.18,209.176 1 0
github.com/linuxdeepin/lastore-daemon/src/internal/config/repo_config.go:212.2,212.16 1 0
github.com/linuxdeepin/lastore-daemon/src/internal/config/repo_config.go:212.16,214.3 1 0
github.com/linuxdeepin/lastore-daemon/src/internal/mirrors/mirrors.go:21.61,23.16 2 0
github.com/linuxdeepin/lastore-daemon/src/internal/mirrors/mirrors.go:23.16,25.3 1 0
github.com/linuxdeepin/lastore-daemon/src/internal/mirrors/mirrors.go:26.2,26.35 1 0
github.com/linuxdeepin/lastore-daemon/src/internal/mirrors/mirrors.go:29.58,31.16 2 0
github.com/linuxdeepin/lastore-daemon/src/internal/mirrors/mirrors.go:31.16,33.3 1 0
github.com/linuxdeepin/lastore-daemon/src/internal/mirrors/mirrors.go:34.2,34.35 1 0
github.com/linuxdeepin/lastore-daemon/src/internal/mirrors/mirrors.go:58.28,60.2 1 1
github.com/linuxdeepin/lastore-daemon/src/internal/mirrors/mirrors.go:62.38,64.2 1 1
github.com/linuxdeepin/lastore-daemon/src/internal/mirrors/mirrors.go:66.33,68.2 1 1
github.com/linuxdeepin/lastore-daemon/src/internal/mirrors/mirrors.go:70.77,74.16 3 1
github.com/linuxdeepin/lastore-daemon/src/internal/mirrors/mirrors.go:74.16,76.3 1 1
github.com/linuxdeepin/lastore-daemon/src/internal/mirrors/mirrors.go:77.2,82.16 5 1
github.com/linuxdeepin/lastore-daemon/src/internal/mirrors/mirrors.go:82.16,84.3 1 1
github.com/linuxdeepin/lastore-daemon/src/internal/mirrors/mirrors.go:86.2,86.37 1 1
github.com/linuxdeepin/lastore-daemon/src/internal/mirrors/mirrors.go:86.37,89.3 1 0
github.com/linuxdeepin/lastore-daemon/src/internal/mirrors/mirrors.go:91.2,92.28 2 1
github.com/linuxdeepin/lastore-daemon/src/internal/mirrors/mirrors.go:96.67,99.15 3 1
github.com/linuxdeepin/lastore-daemon/src/internal/mirrors/mirrors.go:99.15,101.3 1 1
github.com/linuxdeepin/lastore-daemon/src/internal/mirrors/mirrors.go:101.8,104.17 2 0
github.com/linuxdeepin/lastore-daemon/src/internal/mirrors/mirrors.go:104.17,105.26 1 0
github.com/linuxdeepin/lastore-daemon/src/internal/mirrors/mirrors.go:105.26,107.5 1 0
github.com/linuxdeepin/lastore-daemon/src/internal/mirrors/mirrors.go:107.10,109.5 1 0
github.com/linuxdeepin/lastore-daemon/src/internal/mirrors/mirrors.go:110.9,116.18 3 0
github.com/linuxdeepin/lastore-daemon/src/internal/mirrors/mirrors.go:116.18,118.5 1 0
github.com/linuxdeepin/lastore-daemon/src/internal/mirrors/mirrors.go:119.4,119.31 1 0
github.com/linuxdeepin/lastore-daemon/src/internal/mirrors/mirrors.go:123.2,126.16 3 1
github.com/linuxdeepin/lastore-daemon/src/internal/mirrors/mirrors.go:126.16,128.3 1 1
github.com/linuxdeepin/lastore-daemon/src/internal/mirrors/mirrors.go:129.2,134.16 5 1
github.com/linuxdeepin/lastore-daemon/src/internal/mirrors/mirrors.go:134.16,136.3 1 1
github.com/linuxdeepin/lastore-daemon/src/internal/mirrors/mirrors.go:138.2,138.37 1 1
github.com/linuxdeepin/lastore-daemon/src/internal/mirrors/mirrors.go:138.37,141.3 1 0
github.com/linuxdeepin/lastore-daemon/src/internal/mirrors/mirrors.go:143.2,144.30 2 1
github.com/linuxdeepin/lastore-daemon/src/internal/mirrors/mirrors.go:144.30,146.3 1 1
github.com/linuxdeepin/lastore-daemon/src/internal/mirrors/mirrors.go:147.2,147.28 1 1
github.com/linuxdeepin/lastore-daemon/src/internal/mirrors/mirrors.go:150.59,153.24 3 1
github.com/linuxdeepin/lastore-daemon/src/internal/mirrors/mirrors.go:153.24,162.32 2 1
github.com/linuxdeepin/lastore-daemon/src/internal/mirrors/mirrors.go:162.32,164.4 1 1
github.com/linuxdeepin/lastore-daemon/src/internal/mirrors/mirrors.go:166.3,166.25 1 1
github.com/linuxdeepin/lastore-daemon/src/internal/mirrors/mirrors.go:166.25,168.4 1 1
github.com/linuxdeepin/lastore-daemon/src/internal/mirrors/mirrors.go:168.9,168.31 1 1
github.com/linuxdeepin/lastore-daemon/src/internal/mirrors/mirrors.go:168.31,170.4 1 1
github.com/linuxdeepin/lastore-daemon/src/internal/mirrors/mirrors.go:172.3,172.18 1 1
github.com/linuxdeepin/lastore-daemon/src/internal/mirrors/mirrors.go:172.18,174.4 1 1
github.com/linuxdeepin/lastore-daemon/src/internal/mirrors/mirrors.go:176.2,176.15 1 1
github.com/linuxdeepin/lastore-daemon/src/internal/system/dut/dut.go:24.105,28.20 2 0
github.com/linuxdeepin/lastore-daemon/src/internal/system/dut/dut.go:28.20,30.3 1 0
github.com/linuxdeepin/lastore-daemon/src/internal/system/dut/dut.go:32.2,34.13 3 0
github.com/linuxdeepin/lastore-daemon/src/internal/system/dut/dut.go:35.22,36.41 1 0
github.com/linuxdeepin/lastore-daemon/src/internal/system/dut/dut.go:37.23,38.42 1 0
github.com/linuxdeepin/lastore-daemon/src/internal/system/dut/dut.go:39.24,40.43 1 0
github.com/linuxdeepin/lastore-daemon/src/internal/system/dut/dut.go:41.25,42.44 1 0
github.com/linuxdeepin/lastore-daemon/src/internal/system/dut/dut.go:43.22,44.41 1 0
github.com/linuxdeepin/lastore-daemon/src/internal/system/dut/dut.go:45.23,46.42 1 0
github.com/linuxdeepin/lastore-daemon/src/internal/system/dut/dut.go:47.23,48.42 1 0
github.com/linuxdeepin/lastore-daemon/src/internal/system/dut/dut.go:49.23,50.42 1 0
github.com/linuxdeepin/lastore-daemon/src/internal/system/dut/dut.go:51.24,52.39 1 0
github.com/linuxdeepin/lastore-daemon/src/internal/system/dut/dut.go:52.39,54.4 1 0
github.com/linuxdeepin/lastore-daemon/src/internal/system/dut/dut.go:54.9,56.4 1 0
github.com/linuxdeepin/lastore-daemon/src/internal/system/dut/dut.go:58.3,58.43 1 0
github.com/linuxdeepin/lastore-daemon/src/internal/system/dut/dut.go:59.10,65.4 2 0
github.com/linuxdeepin/lastore-daemon/src/internal/system/dut/dut.go:68.2,68.23 1 0
github.com/linuxdeepin/lastore-daemon/src/internal/system/dut/dut.go:68.23,71.3 2 0
github.com/linuxdeepin/lastore-daemon/src/internal/system/dut/dut.go:74.2,74.22 1 0
github.com/linuxdeepin/lastore-daemon/src/internal/system/dut/dut.go:74.22,79.3 1 0
github.com/linuxdeepin/lastore-daemon/src/internal/system/dut/dut.go:81.2,81.53 1 0
github.com/linuxdeepin/lastore-daemon/src/internal/system/dut/dut.go:81.53,83.3 1 0
github.com/linuxdeepin/lastore-daemon/src/internal/system/dut/dut.go:86.2,90.3 1 0
github.com/linuxdeepin/lastore-daemon/src/internal/system/dut/proxy.go:22.99,25.51 3 0
github.com/linuxdeepin/lastore-daemon/src/internal/system/dut/proxy.go:25.51,27.17 2 0
github.com/linuxdeepin/lastore-daemon/src/internal/system/dut/proxy.go:27.17,29.4 1 0
github.com/linuxdeepin/lastore-daemon/src/internal/system/dut/proxy.go:30.3,30.21 1 0
github.com/linuxdeepin/lastore-daemon/src/internal/system/dut/proxy.go:32.2,34.3 1 0
github.com/linuxdeepin/lastore-daemon/src/internal/system/dut/proxy.go:37.55,39.34 2 1
github.com/linuxdeepin/lastore-daemon/src/internal/system/dut/proxy.go:39.34,42.3 2 1
github.com/linuxdeepin/lastore-daemon/src/internal/system/dut/proxy.go:43.2,43.13 1 1
github.com/linuxdeepin/lastore-daemon/src/internal/system/dut/proxy.go:46.105,53.2 1 0
github.com/linuxdeepin/lastore-daemon/src/internal/system/dut/proxy.go:55.123,57.16 2 0
github.com/linuxdeepin/lastore-daemon/src/internal/system/dut/proxy.go:57.16,59.3 1 0
github.com/linuxdeepin/lastore-daemon/src/internal/system/dut/proxy.go:60.2,60.64 1 0
github.com/linuxdeepin/lastore-daemon/src/internal/system/dut/proxy.go:63.117,65.2 1 0
github.com/linuxdeepin/lastore-daemon/src/internal/system/dut/proxy.go:67.50,69.2 1 0
github.com/linuxdeepin/lastore-daemon/src/internal/system/dut/proxy.go:71.125,73.60 1 0
github.com/linuxdeepin/lastore-daemon/src/internal/system/dut/proxy.go:73.60,76.23 2 0
github.com/linuxdeepin/lastore-daemon/src/internal/system/dut/proxy.go:76.23,78.4 1 0
github.com/linuxdeepin/lastore-daemon/src/internal/system/dut/proxy.go:79.3,79.13 1 0
github.com/linuxdeepin/lastore-daemon/src/internal/system/dut/proxy.go:81.2,82.19 2 0
github.com/linuxdeepin/lastore-daemon/src/internal/system/dut/proxy.go:85.64,87.16 2 0
github.com/linuxdeepin/lastore-daemon/src/internal/system/dut/proxy.go:87.16,90.3 2 0
github.com/linuxdeepin/lastore-daemon/src/internal/system/dut/proxy.go:91.2,91.12 1 0
github.com/linuxdeepin/lastore-daemon/src/internal/system/dut/proxy.go:108.36,109.11 1 1
github.com/linuxdeepin/lastore-daemon/src/internal/system/dut/proxy.go:110.22,111.28 1 1
github.com/linuxdeepin/lastore-daemon/src/internal/system/dut/proxy.go:112.23,113.29 1 1
github.com/linuxdeepin/lastore-daemon/src/internal/system/dut/proxy.go:114.24,115.30 1 1
github.com/linuxdeepin/lastore-daemon/src/internal/system/dut/proxy.go:116.25,117.31 1 1
github.com/linuxdeepin/lastore-daemon/src/internal/system/dut/proxy.go:118.22,119.28 1 1
github.com/linuxdeepin/lastore-daemon/src/internal/system/dut/proxy.go:120.23,121.29 1 1
github.com/linuxdeepin/lastore-daemon/src/internal/system/dut/proxy.go:122.23,123.29 1 1
github.com/linuxdeepin/lastore-daemon/src/internal/system/dut/proxy.go:124.23,125.29 1 1
github.com/linuxdeepin/lastore-daemon/src/internal/system/dut/proxy.go:126.24,127.30 1 1
github.com/linuxdeepin/lastore-daemon/src/internal/system/dut/proxy.go:129.2,129.11 1 1
github.com/linuxdeepin/lastore-daemon/src/internal/system/dut/proxy.go:155.78,164.16 3 0
github.com/linuxdeepin/lastore-daemon/src/internal/system/dut/proxy.go:164.16,166.3 1 0
github.com/linuxdeepin/lastore-daemon/src/internal/system/dut/proxy.go:167.2,168.16 2 0
github.com/linuxdeepin/lastore-daemon/src/internal/system/dut/proxy.go:168.16,170.3 1 0
github.com/linuxdeepin/lastore-daemon/src/internal/system/dut/proxy.go:171.2,171.23 1 0
github.com/linuxdeepin/lastore-daemon/src/internal/system/dut/proxy.go:174.76,176.27 2 1
github.com/linuxdeepin/lastore-daemon/src/internal/system/dut/proxy.go:176.27,183.3 2 1
github.com/linuxdeepin/lastore-daemon/src/internal/system/dut/proxy.go:184.2,184.13 1 1
github.com/linuxdeepin/lastore-daemon/src/internal/utils/fixme/pkg_recommend/lang_info.go:38.44,41.2 2 0
github.com/linuxdeepin/lastore-daemon/src/internal/utils/fixme/pkg_recommend/lang_info.go:43.49,45.16 2 0
github.com/linuxdeepin/lastore-daemon/src/internal/utils/fixme/pkg_recommend/lang_info.go:45.16,47.3 1 0
github.com/linuxdeepin/lastore-daemon/src/internal/utils/fixme/pkg_recommend/lang_info.go:49.2,50.16 2 0
github.com/linuxdeepin/lastore-daemon/src/internal/utils/fixme/pkg_recommend/lang_info.go:50.16,52.3 1 0
github.com/linuxdeepin/lastore-daemon/src/internal/utils/fixme/pkg_recommend/lang_info.go:54.2,55.32 2 0
github.com/linuxdeepin/lastore-daemon/src/internal/utils/fixme/pkg_recommend/lang_info.go:55.32,56.39 1 0
github.com/linuxdeepin/lastore-daemon/src/internal/utils/fixme/pkg_recommend/lang_info.go:56.39,57.12 1 0
github.com/linuxdeepin/lastore-daemon/src/internal/utils/fixme/pkg_recommend/lang_info.go:59.3,59.30 1 0
github.com/linuxdeepin/lastore-daemon/src/internal/utils/fixme/pkg_recommend/lang_info.go:61.2,61.19 1 0
github.com/linuxdeepin/lastore-daemon/src/internal/utils/fixme/pkg_recommend/lang_info.go:64.68,66.16 2 1
github.com/linuxdeepin/lastore-daemon/src/internal/utils/fixme/pkg_recommend/lang_info.go:66.16,68.3 1 1
github.com/linuxdeepin/lastore-daemon/src/internal/utils/fixme/pkg_recommend/lang_info.go:69.2,69.31 1 1
github.com/linuxdeepin/lastore-daemon/src/internal/utils/fixme/pkg_recommend/lang_info.go:72.62,74.16 2 1
github.com/linuxdeepin/lastore-daemon/src/internal/utils/fixme/pkg_recommend/lang_info.go:74.16,76.3 1 1
github.com/linuxdeepin/lastore-daemon/src/internal/utils/fixme/pkg_recommend/lang_info.go:78.2,80.29 3 1
github.com/linuxdeepin/lastore-daemon/src/internal/utils/fixme/pkg_recommend/lang_info.go:80.29,81.21 1 1
github.com/linuxdeepin/lastore-daemon/src/internal/utils/fixme/pkg_recommend/lang_info.go:81.21,82.12 1 1
github.com/linuxdeepin/lastore-daemon/src/internal/utils/fixme/pkg_recommend/lang_info.go:85.3,86.32 2 1
github.com/linuxdeepin/lastore-daemon/src/internal/utils/fixme/pkg_recommend/lang_info.go:88.2,88.18 1 1
github.com/linuxdeepin/lastore-daemon/src/internal/utils/fixme/pkg_recommend/lang_info.go:91.61,93.16 2 1
github.com/linuxdeepin/lastore-daemon/src/internal/utils/fixme/pkg_recommend/lang_info.go:93.16,95.3 1 1
github.com/linuxdeepin/lastore-daemon/src/internal/utils/fixme/pkg_recommend/lang_info.go:97.2,99.16 3 1
github.com/linuxdeepin/lastore-daemon/src/internal/utils/fixme/pkg_recommend/lang_info.go:99.16,101.3 1 0
github.com/linuxdeepin/lastore-daemon/src/internal/utils/fixme/pkg_recommend/lang_info.go:103.2,103.25 1 1
github.com/linuxdeepin/lastore-daemon/src/internal/utils/fixme/pkg_recommend/lang_info.go:106.68,108.16 2 1
github.com/linuxdeepin/lastore-daemon/src/internal/utils/fixme/pkg_recommend/lang_info.go:108.16,110.3 1 0
github.com/linuxdeepin/lastore-daemon/src/internal/utils/fixme/pkg_recommend/lang_info.go:112.2,113.16 2 1
github.com/linuxdeepin/lastore-daemon/src/internal/utils/fixme/pkg_recommend/lang_info.go:113.16,115.3 1 1
github.com/linuxdeepin/lastore-daemon/src/internal/utils/fixme/pkg_recommend/lang_info.go:116.2,116.18 1 1
github.com/linuxdeepin/lastore-daemon/src/internal/utils/fixme/pkg_recommend/lang_info.go:119.62,120.29 1 1
github.com/linuxdeepin/lastore-daemon/src/internal/utils/fixme/pkg_recommend/lang_info.go:120.29,121.28 1 1
github.com/linuxdeepin/lastore-daemon/src/internal/utils/fixme/pkg_recommend/lang_info.go:121.28,123.4 1 1
github.com/linuxdeepin/lastore-daemon/src/internal/utils/fixme/pkg_recommend/lang_info.go:125.2,125.54 1 1
github.com/linuxdeepin/lastore-daemon/src/internal/utils/fixme/pkg_recommend/lang_info.go:128.50,134.20 5 1
github.com/linuxdeepin/lastore-daemon/src/internal/utils/fixme/pkg_recommend/lang_info.go:134.20,136.3 1 1
github.com/linuxdeepin/lastore-daemon/src/internal/utils/fixme/pkg_recommend/lang_info.go:137.2,137.13 1 1
github.com/linuxdeepin/lastore-daemon/src/internal/utils/fixme/pkg_recommend/lang_info.go:140.52,141.25 1 1
github.com/linuxdeepin/lastore-daemon/src/internal/utils/fixme/pkg_recommend/lang_info.go:141.25,142.16 1 1
github.com/linuxdeepin/lastore-daemon/src/internal/utils/fixme/pkg_recommend/lang_info.go:142.16,144.4 1 1
github.com/linuxdeepin/lastore-daemon/src/internal/utils/fixme/pkg_recommend/lang_info.go:146.2,146.14 1 1
github.com/linuxdeepin/lastore-daemon/src/internal/utils/fixme/pkg_recommend/parse_file.go:42.94,52.2 5 1
github.com/linuxdeepin/lastore-daemon/src/internal/utils/fixme/pkg_recommend/parse_file.go:54.96,56.18 2 1
github.com/linuxdeepin/lastore-daemon/src/internal/utils/fixme/pkg_recommend/parse_file.go:56.18,58.3 1 0
github.com/linuxdeepin/lastore-daemon/src/internal/utils/fixme/pkg_recommend/parse_file.go:60.2,60.40 1 1
github.com/linuxdeepin/lastore-daemon/src/internal/utils/fixme/pkg_recommend/parse_file.go:63.83,64.38 1 1
github.com/linuxdeepin/lastore-daemon/src/internal/utils/fixme/pkg_recommend/parse_file.go:64.38,65.31 1 1
github.com/linuxdeepin/lastore-daemon/src/internal/utils/fixme/pkg_recommend/parse_file.go:65.31,67.4 1 1
github.com/linuxdeepin/lastore-daemon/src/internal/utils/fixme/pkg_recommend/parse_file.go:69.2,69.12 1 1
github.com/linuxdeepin/lastore-daemon/src/internal/utils/fixme/pkg_recommend/parse_file.go:72.81,74.29 2 1
github.com/linuxdeepin/lastore-daemon/src/internal/utils/fixme/pkg_recommend/parse_file.go:74.29,75.30 1 1
github.com/linuxdeepin/lastore-daemon/src/internal/utils/fixme/pkg_recommend/parse_file.go:75.30,80.12 2 1
github.com/linuxdeepin/lastore-daemon/src/internal/utils/fixme/pkg_recommend/parse_file.go:83.3,84.55 2 0
github.com/linuxdeepin/lastore-daemon/src/internal/utils/fixme/pkg_recommend/parse_file.go:84.55,85.12 1 0
github.com/linuxdeepin/lastore-daemon/src/internal/utils/fixme/pkg_recommend/parse_file.go:87.3,90.5 1 0
github.com/linuxdeepin/lastore-daemon/src/internal/utils/fixme/pkg_recommend/parse_file.go:92.2,92.19 1 1
github.com/linuxdeepin/lastore-daemon/src/internal/utils/fixme/pkg_recommend/parse_file.go:95.68,97.16 2 1
github.com/linuxdeepin/lastore-daemon/src/internal/utils/fixme/pkg_recommend/parse_file.go:97.16,99.3 1 1
github.com/linuxdeepin/lastore-daemon/src/internal/utils/fixme/pkg_recommend/parse_file.go:101.2,102.25 2 0
github.com/linuxdeepin/lastore-daemon/src/internal/utils/fixme/pkg_recommend/parse_file.go:103.22,104.42 1 0
github.com/linuxdeepin/lastore-daemon/src/internal/utils/fixme/pkg_recommend/parse_file.go:105.20,107.15 1 0
github.com/linuxdeepin/lastore-daemon/src/internal/utils/fixme/pkg_recommend/parse_file.go:108.22,110.33 1 0
github.com/linuxdeepin/lastore-daemon/src/internal/utils/fixme/pkg_recommend/parse_file.go:111.22,113.47 1 0
github.com/linuxdeepin/lastore-daemon/src/internal/utils/fixme/pkg_recommend/parse_file.go:115.2,115.16 1 0
github.com/linuxdeepin/lastore-daemon/src/internal/utils/fixme/pkg_recommend/parse_file.go:120.110,128.24 6 1
github.com/linuxdeepin/lastore-daemon/src/internal/utils/fixme/pkg_recommend/parse_file.go:128.24,130.3 1 1
github.com/linuxdeepin/lastore-daemon/src/internal/utils/fixme/pkg_recommend/parse_file.go:131.2,133.27 2 1
github.com/linuxdeepin/lastore-daemon/src/internal/utils/fixme/pkg_recommend/parse_file.go:133.27,135.3 1 1
github.com/linuxdeepin/lastore-daemon/src/internal/utils/fixme/pkg_recommend/parse_file.go:136.2,140.23 4 1
github.com/linuxdeepin/lastore-daemon/src/internal/utils/fixme/pkg_recommend/parse_file.go:140.23,142.3 1 1
github.com/linuxdeepin/lastore-daemon/src/internal/utils/fixme/pkg_recommend/parse_file.go:143.2,144.12 2 1
github.com/linuxdeepin/lastore-daemon/src/internal/utils/fixme/pkg_recommend/parse_file.go:147.77,149.16 2 1
github.com/linuxdeepin/lastore-daemon/src/internal/utils/fixme/pkg_recommend/parse_file.go:149.16,151.3 1 1
github.com/linuxdeepin/lastore-daemon/src/internal/utils/fixme/pkg_recommend/parse_file.go:153.2,155.16 3 1
github.com/linuxdeepin/lastore-daemon/src/internal/utils/fixme/pkg_recommend/parse_file.go:155.16,157.3 1 0
github.com/linuxdeepin/lastore-daemon/src/internal/utils/fixme/pkg_recommend/parse_file.go:158.2,158.30 1 1
github.com/linuxdeepin/lastore-daemon/src/internal/utils/fixme/pkg_recommend/pkg_depends.go:17.66,19.16 2 0
github.com/linuxdeepin/lastore-daemon/src/internal/utils/fixme/pkg_recommend/pkg_depends.go:19.16,21.3 1 0
github.com/linuxdeepin/lastore-daemon/src/internal/utils/fixme/pkg_recommend/pkg_depends.go:23.2,24.42 2 0
github.com/linuxdeepin/lastore-daemon/src/internal/utils/fixme/pkg_recommend/pkg_depends.go:27.67,29.16 2 0
github.com/linuxdeepin/lastore-daemon/src/internal/utils/fixme/pkg_recommend/pkg_depends.go:29.16,31.3 1 0
github.com/linuxdeepin/lastore-daemon/src/internal/utils/fixme/pkg_recommend/pkg_depends.go:33.2,35.45 3 0
github.com/linuxdeepin/lastore-daemon/src/internal/utils/fixme/pkg_recommend/pkg_depends.go:38.73,40.16 2 0
github.com/linuxdeepin/lastore-daemon/src/internal/utils/fixme/pkg_recommend/pkg_depends.go:40.16,42.3 1 0
github.com/linuxdeepin/lastore-daemon/src/internal/utils/fixme/pkg_recommend/pkg_depends.go:44.2,45.48 2 0
github.com/linuxdeepin/lastore-daemon/src/internal/utils/fixme/pkg_recommend/pkg_depends.go:48.79,50.29 2 1
github.com/linuxdeepin/lastore-daemon/src/internal/utils/fixme/pkg_recommend/pkg_depends.go:50.29,51.34 1 1
github.com/linuxdeepin/lastore-daemon/src/internal/utils/fixme/pkg_recommend/pkg_depends.go:51.34,52.12 1 1
github.com/linuxdeepin/lastore-daemon/src/internal/utils/fixme/pkg_recommend/pkg_depends.go:54.3,54.40 1 1
github.com/linuxdeepin/lastore-daemon/src/internal/utils/fixme/pkg_recommend/pkg_depends.go:56.2,56.13 1 1
github.com/linuxdeepin/lastore-daemon/src/internal/utils/fixme/pkg_recommend/pkg_depends.go:59.66,61.29 2 1
github.com/linuxdeepin/lastore-daemon/src/internal/utils/fixme/pkg_recommend/pkg_depends.go:61.29,63.21 2 1
github.com/linuxdeepin/lastore-daemon/src/internal/utils/fixme/pkg_recommend/pkg_depends.go:63.21,64.12 1 1
github.com/linuxdeepin/lastore-daemon/src/internal/utils/fixme/pkg_recommend/pkg_depends.go:66.3,69.5 1 1
github.com/linuxdeepin/lastore-daemon/src/internal/utils/fixme/pkg_recommend/pkg_depends.go:71.2,71.18 1 1
github.com/linuxdeepin/lastore-daemon/src/internal/utils/fixme/pkg_recommend/pkg_depends.go:74.50,76.27 2 1
github.com/linuxdeepin/lastore-daemon/src/internal/utils/fixme/pkg_recommend/pkg_depends.go:76.27,78.10 2 1
github.com/linuxdeepin/lastore-daemon/src/internal/utils/fixme/pkg_recommend/pkg_depends.go:78.10,79.12 1 1
github.com/linuxdeepin/lastore-daemon/src/internal/utils/fixme/pkg_recommend/pkg_depends.go:81.3,81.28 1 1
github.com/linuxdeepin/lastore-daemon/src/internal/utils/fixme/pkg_recommend/pkg_depends.go:83.2,83.13 1 1
github.com/linuxdeepin/lastore-daemon/src/lastore-apt-clean/main.go:40.37,42.16 2 0
github.com/linuxdeepin/lastore-daemon/src/lastore-apt-clean/main.go:42.16,44.3 1 0
github.com/linuxdeepin/lastore-daemon/src/lastore-apt-clean/main.go:45.2,45.13 1 0
github.com/linuxdeepin/lastore-daemon/src/lastore-apt-clean/main.go:54.13,59.2 3 1
github.com/linuxdeepin/lastore-daemon/src/lastore-apt-clean/main.go:61.17,66.2 4 0
github.com/linuxdeepin/lastore-daemon/src/lastore-apt-clean/main.go:70.13,75.23 3 0
github.com/linuxdeepin/lastore-daemon/src/lastore-apt-clean/main.go:75.23,79.3 2 0
github.com/linuxdeepin/lastore-daemon/src/lastore-apt-clean/main.go:80.2,84.32 3 0
github.com/linuxdeepin/lastore-daemon/src/lastore-apt-clean/main.go:84.32,86.17 2 0
github.com/linuxdeepin/lastore-daemon/src/lastore-apt-clean/main.go:86.17,88.4 1 0
github.com/linuxdeepin/lastore-daemon/src/lastore-apt-clean/main.go:91.2,98.44 4 0
github.com/linuxdeepin/lastore-daemon/src/lastore-apt-clean/main.go:98.44,101.24 3 0
github.com/linuxdeepin/lastore-daemon/src/lastore-apt-clean/main.go:101.24,103.4 1 0
github.com/linuxdeepin/lastore-daemon/src/lastore-apt-clean/main.go:105.3,106.17 2 0
github.com/linuxdeepin/lastore-daemon/src/lastore-apt-clean/main.go:106.17,108.4 1 0
github.com/linuxdeepin/lastore-daemon/src/lastore-apt-clean/main.go:110.3,111.17 2 0
github.com/linuxdeepin/lastore-daemon/src/lastore-apt-clean/main.go:111.17,113.4 1 0
github.com/linuxdeepin/lastore-daemon/src/lastore-apt-clean/main.go:117.3,117.38 1 0
github.com/linuxdeepin/lastore-daemon/src/lastore-apt-clean/main.go:117.38,120.18 3 0
github.com/linuxdeepin/lastore-daemon/src/lastore-apt-clean/main.go:120.18,122.5 1 0
github.com/linuxdeepin/lastore-daemon/src/lastore-apt-clean/main.go:123.4,123.24 1 0
github.com/linuxdeepin/lastore-daemon/src/lastore-apt-clean/main.go:123.24,124.13 1 0
github.com/linuxdeepin/lastore-daemon/src/lastore-apt-clean/main.go:127.4,127.47 1 0
github.com/linuxdeepin/lastore-daemon/src/lastore-apt-clean/main.go:127.47,128.13 1 0
github.com/linuxdeepin/lastore-daemon/src/lastore-apt-clean/main.go:131.4,135.18 5 0
github.com/linuxdeepin/lastore-daemon/src/lastore-apt-clean/main.go:135.18,137.5 1 0
github.com/linuxdeepin/lastore-daemon/src/lastore-apt-clean/main.go:137.10,147.5 2 0
github.com/linuxdeepin/lastore-daemon/src/lastore-apt-clean/main.go:148.4,148.62 1 0
github.com/linuxdeepin/lastore-daemon/src/lastore-apt-clean/main.go:164.3,164.26 1 0
github.com/linuxdeepin/lastore-daemon/src/lastore-apt-clean/main.go:164.26,167.4 2 0
github.com/linuxdeepin/lastore-daemon/src/lastore-apt-clean/main.go:170.2,171.16 2 0
github.com/linuxdeepin/lastore-daemon/src/lastore-apt-clean/main.go:171.16,173.3 1 0
github.com/linuxdeepin/lastore-daemon/src/lastore-apt-clean/main.go:174.2,175.16 2 0
github.com/linuxdeepin/lastore-daemon/src/lastore-apt-clean/main.go:175.16,177.3 1 0
github.com/linuxdeepin/lastore-daemon/src/lastore-apt-clean/main.go:192.48,196.2 1 1
github.com/linuxdeepin/lastore-daemon/src/lastore-apt-clean/main.go:198.59,205.2 3 1
github.com/linuxdeepin/lastore-daemon/src/lastore-apt-clean/main.go:212.114,214.22 2 1
github.com/linuxdeepin/lastore-daemon/src/lastore-apt-clean/main.go:215.25,216.20 1 1
github.com/linuxdeepin/lastore-daemon/src/lastore-apt-clean/main.go:217.21,218.26 1 1
github.com/linuxdeepin/lastore-daemon/src/lastore-apt-clean/main.go:218.26,220.4 1 1
github.com/linuxdeepin/lastore-daemon/src/lastore-apt-clean/main.go:220.9,222.46 2 1
github.com/linuxdeepin/lastore-daemon/src/lastore-apt-clean/main.go:222.46,224.5 1 0
github.com/linuxdeepin/lastore-daemon/src/lastore-apt-clean/main.go:224.10,226.5 1 1
github.com/linuxdeepin/lastore-daemon/src/lastore-apt-clean/main.go:228.12,229.26 1 1
github.com/linuxdeepin/lastore-daemon/src/lastore-apt-clean/main.go:229.26,231.4 1 1
github.com/linuxdeepin/lastore-daemon/src/lastore-apt-clean/main.go:231.9,233.4 1 1
github.com/linuxdeepin/lastore-daemon/src/lastore-apt-clean/main.go:235.2,235.16 1 1
github.com/linuxdeepin/lastore-daemon/src/lastore-apt-clean/main.go:235.16,237.26 2 1
github.com/linuxdeepin/lastore-daemon/src/lastore-apt-clean/main.go:237.26,240.4 1 1
github.com/linuxdeepin/lastore-daemon/src/lastore-apt-clean/main.go:240.9,242.4 1 1
github.com/linuxdeepin/lastore-daemon/src/lastore-apt-clean/main.go:243.8,245.3 1 1
github.com/linuxdeepin/lastore-daemon/src/lastore-apt-clean/main.go:256.59,259.28 3 1
github.com/linuxdeepin/lastore-daemon/src/lastore-apt-clean/main.go:259.28,261.3 1 1
github.com/linuxdeepin/lastore-daemon/src/lastore-apt-clean/main.go:263.2,263.41 1 1
github.com/linuxdeepin/lastore-daemon/src/lastore-apt-clean/main.go:263.41,266.3 2 1
github.com/linuxdeepin/lastore-daemon/src/lastore-apt-clean/main.go:267.2,267.13 1 1
github.com/linuxdeepin/lastore-daemon/src/lastore-apt-clean/main.go:270.110,272.9 2 1
github.com/linuxdeepin/lastore-daemon/src/lastore-apt-clean/main.go:272.9,275.3 1 1
github.com/linuxdeepin/lastore-daemon/src/lastore-apt-clean/main.go:276.2,277.35 2 1
github.com/linuxdeepin/lastore-daemon/src/lastore-apt-clean/main.go:277.35,279.24 2 1
github.com/linuxdeepin/lastore-daemon/src/lastore-apt-clean/main.go:280.12,282.65 1 1
github.com/linuxdeepin/lastore-daemon/src/lastore-apt-clean/main.go:282.65,285.5 2 1
github.com/linuxdeepin/lastore-daemon/src/lastore-apt-clean/main.go:286.4,286.35 1 1
github.com/linuxdeepin/lastore-daemon/src/lastore-apt-clean/main.go:288.22,292.35 1 1
github.com/linuxdeepin/lastore-daemon/src/lastore-apt-clean/main.go:293.11,295.31 1 1
github.com/linuxdeepin/lastore-daemon/src/lastore-apt-clean/main.go:298.2,298.29 1 1
github.com/linuxdeepin/lastore-daemon/src/lastore-apt-clean/main.go:309.37,311.2 1 1
github.com/linuxdeepin/lastore-daemon/src/lastore-apt-clean/main.go:313.63,314.32 1 1
github.com/linuxdeepin/lastore-daemon/src/lastore-apt-clean/main.go:314.32,316.3 1 1
github.com/linuxdeepin/lastore-daemon/src/lastore-apt-clean/main.go:317.2,317.75 1 1
github.com/linuxdeepin/lastore-daemon/src/lastore-apt-clean/main.go:320.52,330.16 3 0
github.com/linuxdeepin/lastore-daemon/src/lastore-apt-clean/main.go:330.16,332.3 1 0
github.com/linuxdeepin/lastore-daemon/src/lastore-apt-clean/main.go:333.2,334.20 2 0
github.com/linuxdeepin/lastore-daemon/src/lastore-apt-clean/main.go:334.20,336.3 1 0
github.com/linuxdeepin/lastore-daemon/src/lastore-apt-clean/main.go:338.2,339.16 2 0
github.com/linuxdeepin/lastore-daemon/src/lastore-apt-clean/main.go:339.16,341.3 1 0
github.com/linuxdeepin/lastore-daemon/src/lastore-apt-clean/main.go:342.2,343.16 2 0
github.com/linuxdeepin/lastore-daemon/src/lastore-apt-clean/main.go:343.16,345.3 1 0
github.com/linuxdeepin/lastore-daemon/src/lastore-apt-clean/main.go:346.2,347.16 2 0
github.com/linuxdeepin/lastore-daemon/src/lastore-apt-clean/main.go:347.16,349.3 1 0
github.com/linuxdeepin/lastore-daemon/src/lastore-apt-clean/main.go:350.2,355.8 1 0
github.com/linuxdeepin/lastore-daemon/src/lastore-apt-clean/main.go:363.63,365.16 2 0
github.com/linuxdeepin/lastore-daemon/src/lastore-apt-clean/main.go:365.16,367.3 1 0
github.com/linuxdeepin/lastore-daemon/src/lastore-apt-clean/main.go:368.2,371.21 4 0
github.com/linuxdeepin/lastore-daemon/src/lastore-apt-clean/main.go:371.21,374.23 3 0
github.com/linuxdeepin/lastore-daemon/src/lastore-apt-clean/main.go:374.23,375.12 1 0
github.com/linuxdeepin/lastore-daemon/src/lastore-apt-clean/main.go:377.3,383.4 4 0
github.com/linuxdeepin/lastore-daemon/src/lastore-apt-clean/main.go:385.2,386.16 2 0
github.com/linuxdeepin/lastore-daemon/src/lastore-apt-clean/main.go:386.16,388.3 1 0
github.com/linuxdeepin/lastore-daemon/src/lastore-apt-clean/main.go:389.2,389.20 1 0
github.com/linuxdeepin/lastore-daemon/src/lastore-apt-clean/main.go:394.48,395.24 1 1
github.com/linuxdeepin/lastore-daemon/src/lastore-apt-clean/main.go:395.24,397.3 1 1
github.com/linuxdeepin/lastore-daemon/src/lastore-apt-clean/main.go:400.2,401.8 2 1
github.com/linuxdeepin/lastore-daemon/src/lastore-apt-clean/main.go:401.8,403.3 1 1
github.com/linuxdeepin/lastore-daemon/src/lastore-apt-clean/main.go:406.2,406.34 1 1
github.com/linuxdeepin/lastore-daemon/src/lastore-apt-clean/main.go:409.63,414.21 5 1
github.com/linuxdeepin/lastore-daemon/src/lastore-apt-clean/main.go:414.21,416.21 2 1
github.com/linuxdeepin/lastore-daemon/src/lastore-apt-clean/main.go:416.21,418.48 1 1
github.com/linuxdeepin/lastore-daemon/src/lastore-apt-clean/main.go:418.48,423.5 1 1
github.com/linuxdeepin/lastore-daemon/src/lastore-apt-clean/main.go:423.10,424.48 1 1
github.com/linuxdeepin/lastore-daemon/src/lastore-apt-clean/main.go:424.48,430.37 3 1
github.com/linuxdeepin/lastore-daemon/src/lastore-apt-clean/main.go:430.37,432.6 1 1
github.com/linuxdeepin/lastore-daemon/src/lastore-apt-clean/main.go:433.5,434.19 2 1
github.com/linuxdeepin/lastore-daemon/src/lastore-apt-clean/main.go:438.2,438.38 1 1
github.com/linuxdeepin/lastore-daemon/src/lastore-apt-clean/main.go:438.38,440.3 1 0
github.com/linuxdeepin/lastore-daemon/src/lastore-apt-clean/main.go:441.2,441.15 1 1
github.com/linuxdeepin/lastore-daemon/src/lastore-apt-clean/main.go:444.77,448.35 3 0
github.com/linuxdeepin/lastore-daemon/src/lastore-apt-clean/main.go:448.35,451.3 2 0
github.com/linuxdeepin/lastore-daemon/src/lastore-apt-clean/main.go:454.2,457.16 4 0
github.com/linuxdeepin/lastore-daemon/src/lastore-apt-clean/main.go:457.16,459.3 1 0
github.com/linuxdeepin/lastore-daemon/src/lastore-apt-clean/main.go:461.2,462.16 2 0
github.com/linuxdeepin/lastore-daemon/src/lastore-apt-clean/main.go:462.16,464.3 1 0
github.com/linuxdeepin/lastore-daemon/src/lastore-apt-clean/main.go:466.2,469.16 3 0
github.com/linuxdeepin/lastore-daemon/src/lastore-apt-clean/main.go:469.16,471.3 1 0
github.com/linuxdeepin/lastore-daemon/src/lastore-apt-clean/main.go:473.2,474.12 2 0
github.com/linuxdeepin/lastore-daemon/src/lastore-apt-clean/main.go:477.48,479.16 2 1
github.com/linuxdeepin/lastore-daemon/src/lastore-apt-clean/main.go:479.16,481.3 1 0
github.com/linuxdeepin/lastore-daemon/src/lastore-apt-clean/main.go:482.2,482.11 1 1
github.com/linuxdeepin/lastore-daemon/src/lastore-apt-clean/main.go:485.61,487.16 2 1
github.com/linuxdeepin/lastore-daemon/src/lastore-apt-clean/main.go:487.16,489.3 1 0
github.com/linuxdeepin/lastore-daemon/src/lastore-apt-clean/main.go:490.2,491.16 2 1
github.com/linuxdeepin/lastore-daemon/src/lastore-apt-clean/main.go:491.16,493.3 1 0
github.com/linuxdeepin/lastore-daemon/src/lastore-apt-clean/main.go:494.2,494.44 1 1
github.com/linuxdeepin/lastore-daemon/src/lastore-apt-clean/main.go:497.52,500.2 2 0
github.com/linuxdeepin/lastore-daemon/src/lastore-apt-clean/main.go:503.52,507.2 2 1
github.com/linuxdeepin/lastore-daemon/src/lastore-apt-clean/main.go:509.33,511.16 2 1
github.com/linuxdeepin/lastore-daemon/src/lastore-apt-clean/main.go:511.16,513.3 1 1
github.com/linuxdeepin/lastore-daemon/src/lastore-apt-clean/main.go:521.46,523.16 2 0
github.com/linuxdeepin/lastore-daemon/src/lastore-apt-clean/main.go:523.16,526.3 2 0
github.com/linuxdeepin/lastore-daemon/src/lastore-apt-clean/main.go:527.2,531.4 2 0
github.com/linuxdeepin/lastore-daemon/src/internal/utils/ostree.go:19.61,21.32 2 0
github.com/linuxdeepin/lastore-daemon/src/internal/utils/ostree.go:21.32,23.3 1 0
github.com/linuxdeepin/lastore-daemon/src/internal/utils/ostree.go:24.2,24.44 1 0
github.com/linuxdeepin/lastore-daemon/src/internal/utils/ostree.go:24.44,26.3 1 0
github.com/linuxdeepin/lastore-daemon/src/internal/utils/ostree.go:27.2,29.16 3 0
github.com/linuxdeepin/lastore-daemon/src/internal/utils/ostree.go:29.16,31.3 1 0
github.com/linuxdeepin/lastore-daemon/src/internal/utils/ostree.go:32.2,32.18 1 0
github.com/linuxdeepin/lastore-daemon/src/internal/utils/ostree.go:35.47,40.2 4 0
github.com/linuxdeepin/lastore-daemon/src/internal/utils/ostree.go:42.70,44.2 1 0
github.com/linuxdeepin/lastore-daemon/src/internal/utils/ostree.go:46.40,48.16 2 0
github.com/linuxdeepin/lastore-daemon/src/internal/utils/ostree.go:48.16,50.3 1 0
github.com/linuxdeepin/lastore-daemon/src/internal/utils/ostree.go:51.2,51.12 1 0
github.com/linuxdeepin/lastore-daemon/src/internal/utils/ostree.go:54.51,56.16 2 0
github.com/linuxdeepin/lastore-daemon/src/internal/utils/ostree.go:56.16,58.3 1 0
github.com/linuxdeepin/lastore-daemon/src/internal/utils/ostree.go:59.2,59.38 1 0
github.com/linuxdeepin/lastore-daemon/src/internal/utils/ostree.go:63.69,65.16 2 0
github.com/linuxdeepin/lastore-daemon/src/internal/utils/ostree.go:65.16,67.3 1 0
github.com/linuxdeepin/lastore-daemon/src/internal/utils/ostree.go:69.2,70.45 2 0
github.com/linuxdeepin/lastore-daemon/src/internal/utils/ostree.go:70.45,72.3 1 0
github.com/linuxdeepin/lastore-daemon/src/internal/utils/ostree.go:73.2,73.14 1 0
github.com/linuxdeepin/lastore-daemon/src/internal/utils/ostree.go:76.78,77.50 1 0
github.com/linuxdeepin/lastore-daemon/src/internal/utils/ostree.go:77.50,79.3 1 0
github.com/linuxdeepin/lastore-daemon/src/internal/utils/ostree.go:81.2,81.46 1 0
github.com/linuxdeepin/lastore-daemon/src/internal/utils/ostree.go:81.46,83.3 1 0
github.com/linuxdeepin/lastore-daemon/src/internal/utils/ostree.go:85.2,86.16 2 0
github.com/linuxdeepin/lastore-daemon/src/internal/utils/ostree.go:86.16,88.3 1 0
github.com/linuxdeepin/lastore-daemon/src/internal/utils/ostree.go:90.2,91.16 2 0
github.com/linuxdeepin/lastore-daemon/src/internal/utils/ostree.go:91.16,93.3 1 0
github.com/linuxdeepin/lastore-daemon/src/internal/utils/ostree.go:94.2,94.81 1 0
github.com/linuxdeepin/lastore-daemon/src/internal/utils/ostree.go:97.70,99.2 1 0
github.com/linuxdeepin/lastore-daemon/src/internal/utils/ostree.go:101.55,103.2 1 0
github.com/linuxdeepin/lastore-daemon/src/internal/utils/ostree.go:105.56,110.16 4 0
github.com/linuxdeepin/lastore-daemon/src/internal/utils/ostree.go:110.16,112.3 1 0
github.com/linuxdeepin/lastore-daemon/src/internal/utils/ostree.go:113.2,113.15 1 0
github.com/linuxdeepin/lastore-daemon/src/internal/utils/utils.go:29.62,34.34 5 1
github.com/linuxdeepin/lastore-daemon/src/internal/utils/utils.go:34.34,36.3 1 1
github.com/linuxdeepin/lastore-daemon/src/internal/utils/utils.go:37.2,37.45 1 1
github.com/linuxdeepin/lastore-daemon/src/internal/utils/utils.go:40.110,42.16 2 1
github.com/linuxdeepin/lastore-daemon/src/internal/utils/utils.go:42.16,44.3 1 0
github.com/linuxdeepin/lastore-daemon/src/internal/utils/utils.go:45.2,47.42 3 1
github.com/linuxdeepin/lastore-daemon/src/internal/utils/utils.go:47.42,49.3 1 0
github.com/linuxdeepin/lastore-daemon/src/internal/utils/utils.go:50.2,51.16 2 1
github.com/linuxdeepin/lastore-daemon/src/internal/utils/utils.go:51.16,53.3 1 0
github.com/linuxdeepin/lastore-daemon/src/internal/utils/utils.go:55.2,60.53 5 1
github.com/linuxdeepin/lastore-daemon/src/internal/utils/utils.go:60.53,62.19 2 1
github.com/linuxdeepin/lastore-daemon/src/internal/utils/utils.go:62.19,64.4 1 1
github.com/linuxdeepin/lastore-daemon/src/internal/utils/utils.go:67.2,69.35 3 1
github.com/linuxdeepin/lastore-daemon/src/internal/utils/utils.go:69.35,72.3 1 0
github.com/linuxdeepin/lastore-daemon/src/internal/utils/utils.go:73.2,73.19 1 1
github.com/linuxdeepin/lastore-daemon/src/internal/utils/utils.go:80.49,82.16 2 0
github.com/linuxdeepin/lastore-daemon/src/internal/utils/utils.go:82.16,84.3 1 0
github.com/linuxdeepin/lastore-daemon/src/internal/utils/utils.go:85.2,85.27 1 0
github.com/linuxdeepin/lastore-daemon/src/internal/utils/utils.go:85.27,88.3 2 0
github.com/linuxdeepin/lastore-daemon/src/internal/utils/utils.go:89.2,89.23 1 0
github.com/linuxdeepin/lastore-daemon/src/internal/utils/utils.go:93.40,96.32 3 1
github.com/linuxdeepin/lastore-daemon/src/internal/utils/utils.go:96.32,98.3 1 1
github.com/linuxdeepin/lastore-daemon/src/internal/utils/utils.go:99.2,99.35 1 1
github.com/linuxdeepin/lastore-daemon/src/internal/utils/utils.go:104.81,105.45 1 1
github.com/linuxdeepin/lastore-daemon/src/internal/utils/utils.go:105.45,107.3 1 0
github.com/linuxdeepin/lastore-daemon/src/internal/utils/utils.go:109.2,110.16 2 1
github.com/linuxdeepin/lastore-daemon/src/internal/utils/utils.go:110.16,112.3 1 0
github.com/linuxdeepin/lastore-daemon/src/internal/utils/utils.go:113.2,117.21 3 1
github.com/linuxdeepin/lastore-daemon/src/internal/utils/utils.go:120.48,122.16 2 0
github.com/linuxdeepin/lastore-daemon/src/internal/utils/utils.go:122.16,124.3 1 0
github.com/linuxdeepin/lastore-daemon/src/internal/utils/utils.go:125.2,131.14 5 0
github.com/linuxdeepin/lastore-daemon/src/internal/utils/utils.go:131.14,133.3 1 0
github.com/linuxdeepin/lastore-daemon/src/internal/utils/utils.go:134.2,134.18 1 0
github.com/linuxdeepin/lastore-daemon/src/internal/utils/utils.go:138.54,140.16 2 1
github.com/linuxdeepin/lastore-daemon/src/internal/utils/utils.go:140.16,142.3 1 0
github.com/linuxdeepin/lastore-daemon/src/internal/utils/utils.go:143.2,144.43 2 1
github.com/linuxdeepin/lastore-daemon/src/internal/utils/utils.go:147.32,149.2 1 1
github.com/linuxdeepin/lastore-daemon/src/internal/utils/utils.go:152.43,156.25 4 1
github.com/linuxdeepin/lastore-daemon/src/internal/utils/utils.go:156.25,159.18 3 1
github.com/linuxdeepin/lastore-daemon/src/internal/utils/utils.go:159.18,162.4 2 1
github.com/linuxdeepin/lastore-daemon/src/internal/utils/utils.go:162.9,165.4 2 0
github.com/linuxdeepin/lastore-daemon/src/internal/utils/utils.go:166.3,166.22 1 1
github.com/linuxdeepin/lastore-daemon/src/internal/utils/utils.go:166.22,168.4 1 1
github.com/linuxdeepin/lastore-daemon/src/internal/utils/utils.go:170.2,171.32 2 1
github.com/linuxdeepin/lastore-daemon/src/internal/utils/utils.go:171.32,173.17 2 1
github.com/linuxdeepin/lastore-daemon/src/internal/utils/utils.go:173.17,175.4 1 0
github.com/linuxdeepin/lastore-daemon/src/internal/utils/utils.go:177.2,177.8 1 1
github.com/linuxdeepin/lastore-daemon/src/internal/utils/utils.go:180.34,184.2 3 1
github.com/linuxdeepin/lastore-daemon/src/internal/utils/utils.go:186.77,188.47 2 1
github.com/linuxdeepin/lastore-daemon/src/internal/utils/utils.go:188.47,190.3 1 0
github.com/linuxdeepin/lastore-daemon/src/internal/utils/utils.go:192.2,193.16 2 1
github.com/linuxdeepin/lastore-daemon/src/internal/utils/utils.go:193.16,195.3 1 0
github.com/linuxdeepin/lastore-daemon/src/internal/utils/utils.go:197.2,199.15 3 1
github.com/linuxdeepin/lastore-daemon/src/internal/utils/utils.go:199.15,201.14 2 1
github.com/linuxdeepin/lastore-daemon/src/internal/utils/utils.go:201.14,203.4 1 0
github.com/linuxdeepin/lastore-daemon/src/internal/utils/utils.go:206.2,206.49 1 1
github.com/linuxdeepin/lastore-daemon/src/internal/utils/utils.go:206.49,208.3 1 0
github.com/linuxdeepin/lastore-daemon/src/internal/utils/utils.go:209.2,209.43 1 1
github.com/linuxdeepin/lastore-daemon/src/internal/utils/utils.go:209.43,211.3 1 0
github.com/linuxdeepin/lastore-daemon/src/internal/utils/utils.go:212.2,212.38 1 1
github.com/linuxdeepin/lastore-daemon/src/internal/utils/utils.go:212.38,214.3 1 0
github.com/linuxdeepin/lastore-daemon/src/internal/utils/utils.go:215.2,215.39 1 1
github.com/linuxdeepin/lastore-daemon/src/internal/utils/utils.go:215.39,217.3 1 0
github.com/linuxdeepin/lastore-daemon/src/internal/utils/utils.go:218.2,218.48 1 1
github.com/linuxdeepin/lastore-daemon/src/internal/utils/utils.go:218.48,220.3 1 0
github.com/linuxdeepin/lastore-daemon/src/internal/utils/utils.go:222.2,223.12 2 1
github.com/linuxdeepin/lastore-daemon/src/internal/utils/utils.go:226.84,228.46 2 1
github.com/linuxdeepin/lastore-daemon/src/internal/utils/utils.go:228.46,230.3 1 0
github.com/linuxdeepin/lastore-daemon/src/internal/utils/utils.go:231.2,231.51 1 1
github.com/linuxdeepin/lastore-daemon/src/internal/updateplatform/encrypt.go:31.46,34.16 2 1
github.com/linuxdeepin/lastore-daemon/src/internal/updateplatform/encrypt.go:34.16,36.3 1 0
github.com/linuxdeepin/lastore-daemon/src/internal/updateplatform/encrypt.go:37.2,43.16 4 1
github.com/linuxdeepin/lastore-daemon/src/internal/updateplatform/encrypt.go:43.16,46.3 2 0
github.com/linuxdeepin/lastore-daemon/src/internal/updateplatform/encrypt.go:47.2,51.41 5 1
github.com/linuxdeepin/lastore-daemon/src/internal/updateplatform/encrypt.go:51.41,53.3 1 0
github.com/linuxdeepin/lastore-daemon/src/internal/updateplatform/encrypt.go:54.2,55.21 2 1
github.com/linuxdeepin/lastore-daemon/src/internal/updateplatform/encrypt.go:59.53,62.18 3 1
github.com/linuxdeepin/lastore-daemon/src/internal/updateplatform/encrypt.go:62.18,64.3 1 0
github.com/linuxdeepin/lastore-daemon/src/internal/updateplatform/encrypt.go:66.2,68.37 2 1
github.com/linuxdeepin/lastore-daemon/src/internal/updateplatform/encrypt.go:72.52,75.16 3 1
github.com/linuxdeepin/lastore-daemon/src/internal/updateplatform/encrypt.go:75.16,78.3 2 0
github.com/linuxdeepin/lastore-daemon/src/internal/updateplatform/encrypt.go:79.2,79.17 1 1
github.com/linuxdeepin/lastore-daemon/src/internal/updateplatform/encrypt.go:83.55,84.15 1 1
github.com/linuxdeepin/lastore-daemon/src/internal/updateplatform/encrypt.go:84.15,86.3 1 1
github.com/linuxdeepin/lastore-daemon/src/internal/updateplatform/encrypt.go:87.2,87.16 1 1
github.com/linuxdeepin/lastore-daemon/src/internal/updateplatform/encrypt.go:87.16,89.3 1 1
github.com/linuxdeepin/lastore-daemon/src/internal/updateplatform/encrypt.go:91.2,96.23 4 1
github.com/linuxdeepin/lastore-daemon/src/internal/updateplatform/encrypt.go:96.23,98.3 1 1
github.com/linuxdeepin/lastore-daemon/src/internal/updateplatform/encrypt.go:99.2,99.25 1 1
github.com/linuxdeepin/lastore-daemon/src/internal/updateplatform/encrypt.go:99.25,101.3 1 1
github.com/linuxdeepin/lastore-daemon/src/internal/updateplatform/encrypt.go:103.2,103.46 1 1
github.com/linuxdeepin/lastore-daemon/src/internal/updateplatform/message_report.go:172.87,174.27 2 0
github.com/linuxdeepin/lastore-daemon/src/internal/updateplatform/message_report.go:174.27,176.3 1 0
github.com/linuxdeepin/lastore-daemon/src/internal/updateplatform/message_report.go:178.2,178.38 1 0
github.com/linuxdeepin/lastore-daemon/src/internal/updateplatform/message_report.go:178.38,180.17 2 0
github.com/linuxdeepin/lastore-daemon/src/internal/updateplatform/message_report.go:180.17,182.4 1 0
github.com/linuxdeepin/lastore-daemon/src/internal/updateplatform/message_report.go:184.2,184.39 1 0
github.com/linuxdeepin/lastore-daemon/src/internal/updateplatform/message_report.go:184.39,186.3 1 0
github.com/linuxdeepin/lastore-daemon/src/internal/updateplatform/message_report.go:187.2,188.16 2 0
github.com/linuxdeepin/lastore-daemon/src/internal/updateplatform/message_report.go:188.16,190.3 1 0
github.com/linuxdeepin/lastore-daemon/src/internal/updateplatform/message_report.go:191.2,192.17 2 0
github.com/linuxdeepin/lastore-daemon/src/internal/updateplatform/message_report.go:192.17,194.3 1 0
github.com/linuxdeepin/lastore-daemon/src/internal/updateplatform/message_report.go:195.2,196.44 2 0
github.com/linuxdeepin/lastore-daemon/src/internal/updateplatform/message_report.go:196.44,198.17 2 0
github.com/linuxdeepin/lastore-daemon/src/internal/updateplatform/message_report.go:198.17,200.4 1 0
github.com/linuxdeepin/lastore-daemon/src/internal/updateplatform/message_report.go:203.2,204.22 2 0
github.com/linuxdeepin/lastore-daemon/src/internal/updateplatform/message_report.go:204.22,206.3 1 0
github.com/linuxdeepin/lastore-daemon/src/internal/updateplatform/message_report.go:208.2,236.3 1 0
github.com/linuxdeepin/lastore-daemon/src/internal/updateplatform/message_report.go:239.84,241.28 2 1
github.com/linuxdeepin/lastore-daemon/src/internal/updateplatform/message_report.go:241.28,242.38 1 1
github.com/linuxdeepin/lastore-daemon/src/internal/updateplatform/message_report.go:242.38,243.33 1 1
github.com/linuxdeepin/lastore-daemon/src/internal/updateplatform/message_report.go:243.33,244.13 1 0
github.com/linuxdeepin/lastore-daemon/src/internal/updateplatform/message_report.go:246.4,246.27 1 1
github.com/linuxdeepin/lastore-daemon/src/internal/updateplatform/message_report.go:249.2,249.17 1 1
github.com/linuxdeepin/lastore-daemon/src/internal/updateplatform/message_report.go:252.56,253.35 1 1
github.com/linuxdeepin/lastore-daemon/src/internal/updateplatform/message_report.go:253.35,254.51 1 1
github.com/linuxdeepin/lastore-daemon/src/internal/updateplatform/message_report.go:254.51,256.4 1 1
github.com/linuxdeepin/lastore-daemon/src/internal/updateplatform/message_report.go:258.2,258.14 1 0
github.com/linuxdeepin/lastore-daemon/src/internal/updateplatform/message_report.go:261.67,263.35 2 1
github.com/linuxdeepin/lastore-daemon/src/internal/updateplatform/message_report.go:263.35,264.45 1 1
github.com/linuxdeepin/lastore-daemon/src/internal/updateplatform/message_report.go:264.45,266.12 2 1
github.com/linuxdeepin/lastore-daemon/src/internal/updateplatform/message_report.go:269.3,270.63 2 1
github.com/linuxdeepin/lastore-daemon/src/internal/updateplatform/message_report.go:270.63,272.4 1 1
github.com/linuxdeepin/lastore-daemon/src/internal/updateplatform/message_report.go:273.3,273.90 1 1
github.com/linuxdeepin/lastore-daemon/src/internal/updateplatform/message_report.go:275.2,275.14 1 1
github.com/linuxdeepin/lastore-daemon/src/internal/updateplatform/message_report.go:278.27,281.16 3 0
github.com/linuxdeepin/lastore-daemon/src/internal/updateplatform/message_report.go:281.16,283.3 1 0
github.com/linuxdeepin/lastore-daemon/src/internal/updateplatform/message_report.go:283.8,286.3 1 0
github.com/linuxdeepin/lastore-daemon/src/internal/updateplatform/message_report.go:287.2,287.17 1 0
github.com/linuxdeepin/lastore-daemon/src/internal/updateplatform/message_report.go:290.32,292.16 2 1
github.com/linuxdeepin/lastore-daemon/src/internal/updateplatform/message_report.go:292.16,295.3 2 1
github.com/linuxdeepin/lastore-daemon/src/internal/updateplatform/message_report.go:296.2,297.16 2 1
github.com/linuxdeepin/lastore-daemon/src/internal/updateplatform/message_report.go:297.16,300.3 2 0
github.com/linuxdeepin/lastore-daemon/src/internal/updateplatform/message_report.go:309.58,316.16 3 1
github.com/linuxdeepin/lastore-daemon/src/internal/updateplatform/message_report.go:316.16,319.3 2 0
github.com/linuxdeepin/lastore-daemon/src/internal/updateplatform/message_report.go:320.2,320.24 1 1
github.com/linuxdeepin/lastore-daemon/src/internal/updateplatform/message_report.go:328.34,330.2 1 1
github.com/linuxdeepin/lastore-daemon/src/internal/updateplatform/message_report.go:332.36,334.2 1 1
github.com/linuxdeepin/lastore-daemon/src/internal/updateplatform/message_report.go:336.33,338.2 1 1
github.com/linuxdeepin/lastore-daemon/src/internal/updateplatform/message_report.go:340.35,342.2 1 1
github.com/linuxdeepin/lastore-daemon/src/internal/updateplatform/message_report.go:344.32,346.2 1 1
github.com/linuxdeepin/lastore-daemon/src/internal/updateplatform/message_report.go:353.55,354.27 1 1
github.com/linuxdeepin/lastore-daemon/src/internal/updateplatform/message_report.go:354.27,356.3 1 1
github.com/linuxdeepin/lastore-daemon/src/internal/updateplatform/message_report.go:358.2,359.16 2 0
github.com/linuxdeepin/lastore-daemon/src/internal/updateplatform/message_report.go:359.16,362.3 2 0
github.com/linuxdeepin/lastore-daemon/src/internal/updateplatform/message_report.go:364.2,364.65 1 0
github.com/linuxdeepin/lastore-daemon/src/internal/updateplatform/message_report.go:371.57,377.32 5 1
github.com/linuxdeepin/lastore-daemon/src/internal/updateplatform/message_report.go:377.32,380.3 2 1
github.com/linuxdeepin/lastore-daemon/src/internal/updateplatform/message_report.go:382.2,383.24 2 1
github.com/linuxdeepin/lastore-daemon/src/internal/updateplatform/message_report.go:386.58,389.16 3 1
github.com/linuxdeepin/lastore-daemon/src/internal/updateplatform/message_report.go:389.16,392.3 2 1
github.com/linuxdeepin/lastore-daemon/src/internal/updateplatform/message_report.go:393.2,394.16 2 1
github.com/linuxdeepin/lastore-daemon/src/internal/updateplatform/message_report.go:394.16,397.3 2 1
github.com/linuxdeepin/lastore-daemon/src/internal/updateplatform/message_report.go:398.2,398.16 1 1
github.com/linuxdeepin/lastore-daemon/src/internal/updateplatform/message_report.go:402.50,409.2 5 0
github.com/linuxdeepin/lastore-daemon/src/internal/updateplatform/message_report.go:412.55,413.35 1 0
github.com/linuxdeepin/lastore-daemon/src/internal/updateplatform/message_report.go:413.35,416.17 2 0
github.com/linuxdeepin/lastore-daemon/src/internal/updateplatform/message_report.go:416.17,418.4 1 0
github.com/linuxdeepin/lastore-daemon/src/internal/updateplatform/message_report.go:419.3,419.38 1 0
github.com/linuxdeepin/lastore-daemon/src/internal/updateplatform/message_report.go:423.52,424.58 1 0
github.com/linuxdeepin/lastore-daemon/src/internal/updateplatform/message_report.go:424.58,426.3 1 0
github.com/linuxdeepin/lastore-daemon/src/internal/updateplatform/message_report.go:428.2,429.35 2 0
github.com/linuxdeepin/lastore-daemon/src/internal/updateplatform/message_report.go:429.35,430.28 1 0
github.com/linuxdeepin/lastore-daemon/src/internal/updateplatform/message_report.go:430.28,433.4 2 0
github.com/linuxdeepin/lastore-daemon/src/internal/updateplatform/message_report.go:435.2,435.30 1 0
github.com/linuxdeepin/lastore-daemon/src/internal/updateplatform/message_report.go:435.30,437.17 2 0
github.com/linuxdeepin/lastore-daemon/src/internal/updateplatform/message_report.go:437.17,439.4 1 0
github.com/linuxdeepin/lastore-daemon/src/internal/updateplatform/message_report.go:444.54,446.16 2 0
github.com/linuxdeepin/lastore-daemon/src/internal/updateplatform/message_report.go:446.16,448.3 1 0
github.com/linuxdeepin/lastore-daemon/src/internal/updateplatform/message_report.go:449.2,450.16 2 0
github.com/linuxdeepin/lastore-daemon/src/internal/updateplatform/message_report.go:450.16,452.3 1 0
github.com/linuxdeepin/lastore-daemon/src/internal/updateplatform/message_report.go:455.55,459.2 3 0
github.com/linuxdeepin/lastore-daemon/src/internal/updateplatform/message_report.go:461.48,463.2 1 1
github.com/linuxdeepin/lastore-daemon/src/internal/updateplatform/message_report.go:465.50,467.2 1 1
github.com/linuxdeepin/lastore-daemon/src/internal/updateplatform/message_report.go:469.47,471.2 1 1
github.com/linuxdeepin/lastore-daemon/src/internal/updateplatform/message_report.go:473.52,475.35 2 1
github.com/linuxdeepin/lastore-daemon/src/internal/updateplatform/message_report.go:475.35,477.17 2 1
github.com/linuxdeepin/lastore-daemon/src/internal/updateplatform/message_report.go:477.17,480.4 2 0
github.com/linuxdeepin/lastore-daemon/src/internal/updateplatform/message_report.go:482.2,484.16 3 1
github.com/linuxdeepin/lastore-daemon/src/internal/updateplatform/message_report.go:484.16,487.3 2 0
github.com/linuxdeepin/lastore-daemon/src/internal/updateplatform/message_report.go:488.2,488.13 1 1
github.com/linuxdeepin/lastore-daemon/src/internal/updateplatform/message_report.go:496.23,498.16 2 1
github.com/linuxdeepin/lastore-daemon/src/internal/updateplatform/message_report.go:498.16,500.3 1 0
github.com/linuxdeepin/lastore-daemon/src/internal/updateplatform/message_report.go:501.2,503.16 3 1
github.com/linuxdeepin/lastore-daemon/src/internal/updateplatform/message_report.go:503.16,506.3 2 1
github.com/linuxdeepin/lastore-daemon/src/internal/updateplatform/message_report.go:507.2,508.16 2 0
github.com/linuxdeepin/lastore-daemon/src/internal/updateplatform/message_report.go:508.16,511.3 2 0
github.com/linuxdeepin/lastore-daemon/src/internal/updateplatform/message_report.go:512.2,513.16 2 0
github.com/linuxdeepin/lastore-daemon/src/internal/updateplatform/message_report.go:513.16,515.3 1 0
github.com/linuxdeepin/lastore-daemon/src/internal/updateplatform/message_report.go:515.8,517.25 2 0
github.com/linuxdeepin/lastore-daemon/src/internal/updateplatform/message_report.go:517.25,519.4 1 0
github.com/linuxdeepin/lastore-daemon/src/internal/updateplatform/message_report.go:519.9,521.4 1 0
github.com/linuxdeepin/lastore-daemon/src/internal/updateplatform/message_report.go:612.38,614.2 1 1
github.com/linuxdeepin/lastore-daemon/src/internal/updateplatform/message_report.go:661.51,662.23 1 1
github.com/linuxdeepin/lastore-daemon/src/internal/updateplatform/message_report.go:662.23,664.3 1 0
github.com/linuxdeepin/lastore-daemon/src/internal/updateplatform/message_report.go:665.2,665.16 1 1
github.com/linuxdeepin/lastore-daemon/src/internal/updateplatform/message_report.go:668.78,674.16 4 1
github.com/linuxdeepin/lastore-daemon/src/internal/updateplatform/message_report.go:674.16,676.3 1 0
github.com/linuxdeepin/lastore-daemon/src/internal/updateplatform/message_report.go:677.2,679.27 3 1
github.com/linuxdeepin/lastore-daemon/src/internal/updateplatform/message_report.go:682.81,688.16 4 1
github.com/linuxdeepin/lastore-daemon/src/internal/updateplatform/message_report.go:688.16,690.3 1 0
github.com/linuxdeepin/lastore-daemon/src/internal/updateplatform/message_report.go:691.2,692.27 2 1
github.com/linuxdeepin/lastore-daemon/src/internal/updateplatform/message_report.go:695.85,705.16 7 1
github.com/linuxdeepin/lastore-daemon/src/internal/updateplatform/message_report.go:705.16,707.3 1 0
github.com/linuxdeepin/lastore-daemon/src/internal/updateplatform/message_report.go:708.2,709.27 2 1
github.com/linuxdeepin/lastore-daemon/src/internal/updateplatform/message_report.go:712.86,721.16 7 1
github.com/linuxdeepin/lastore-daemon/src/internal/updateplatform/message_report.go:721.16,723.3 1 0
github.com/linuxdeepin/lastore-daemon/src/internal/updateplatform/message_report.go:724.2,725.27 2 1
github.com/linuxdeepin/lastore-daemon/src/internal/updateplatform/message_report.go:728.93,737.16 7 1
github.com/linuxdeepin/lastore-daemon/src/internal/updateplatform/message_report.go:737.16,739.3 1 0
github.com/linuxdeepin/lastore-daemon/src/internal/updateplatform/message_report.go:740.2,741.27 2 1
github.com/linuxdeepin/lastore-daemon/src/internal/updateplatform/message_report.go:744.80,754.16 8 1
github.com/linuxdeepin/lastore-daemon/src/internal/updateplatform/message_report.go:754.16,756.3 1 0
github.com/linuxdeepin/lastore-daemon/src/internal/updateplatform/message_report.go:757.2,758.27 2 1
github.com/linuxdeepin/lastore-daemon/src/internal/updateplatform/message_report.go:764.112,769.44 3 0
github.com/linuxdeepin/lastore-daemon/src/internal/updateplatform/message_report.go:769.44,771.3 1 0
github.com/linuxdeepin/lastore-daemon/src/internal/updateplatform/message_report.go:772.2,773.16 2 0
github.com/linuxdeepin/lastore-daemon/src/internal/updateplatform/message_report.go:773.16,776.3 2 0
github.com/linuxdeepin/lastore-daemon/src/internal/updateplatform/message_report.go:777.2,780.36 4 0
github.com/linuxdeepin/lastore-daemon/src/internal/updateplatform/message_report.go:780.36,784.3 3 0
github.com/linuxdeepin/lastore-daemon/src/internal/updateplatform/message_report.go:785.2,791.16 5 0
github.com/linuxdeepin/lastore-daemon/src/internal/updateplatform/message_report.go:791.16,794.3 2 0
github.com/linuxdeepin/lastore-daemon/src/internal/updateplatform/message_report.go:795.2,800.16 5 0
github.com/linuxdeepin/lastore-daemon/src/internal/updateplatform/message_report.go:800.16,802.3 1 0
github.com/linuxdeepin/lastore-daemon/src/internal/updateplatform/message_report.go:803.2,812.27 9 0
github.com/linuxdeepin/lastore-daemon/src/internal/updateplatform/message_report.go:815.81,817.16 2 1
github.com/linuxdeepin/lastore-daemon/src/internal/updateplatform/message_report.go:817.16,819.3 1 1
github.com/linuxdeepin/lastore-daemon/src/internal/updateplatform/message_report.go:820.2,821.23 2 1
github.com/linuxdeepin/lastore-daemon/src/internal/updateplatform/message_report.go:821.23,823.3 1 1
github.com/linuxdeepin/lastore-daemon/src/internal/updateplatform/message_report.go:824.2,836.16 8 1
github.com/linuxdeepin/lastore-daemon/src/internal/updateplatform/message_report.go:836.16,838.3 1 0
github.com/linuxdeepin/lastore-daemon/src/internal/updateplatform/message_report.go:839.2,839.27 1 1
github.com/linuxdeepin/lastore-daemon/src/internal/updateplatform/message_report.go:850.104,851.42 1 1
github.com/linuxdeepin/lastore-daemon/src/internal/updateplatform/message_report.go:851.42,853.17 2 1
github.com/linuxdeepin/lastore-daemon/src/internal/updateplatform/message_report.go:853.17,855.4 1 0
github.com/linuxdeepin/lastore-daemon/src/internal/updateplatform/message_report.go:856.3,859.17 4 1
github.com/linuxdeepin/lastore-daemon/src/internal/updateplatform/message_report.go:859.17,862.4 2 1
github.com/linuxdeepin/lastore-daemon/src/internal/updateplatform/message_report.go:863.3,863.18 1 1
github.com/linuxdeepin/lastore-daemon/src/internal/updateplatform/message_report.go:863.18,867.18 4 1
github.com/linuxdeepin/lastore-daemon/src/internal/updateplatform/message_report.go:867.18,869.5 1 0
github.com/linuxdeepin/lastore-daemon/src/internal/updateplatform/message_report.go:870.4,870.137 1 1
github.com/linuxdeepin/lastore-daemon/src/internal/updateplatform/message_report.go:872.3,872.45 1 1
github.com/linuxdeepin/lastore-daemon/src/internal/updateplatform/message_report.go:873.8,875.3 1 1
github.com/linuxdeepin/lastore-daemon/src/internal/updateplatform/message_report.go:878.58,881.16 3 1
github.com/linuxdeepin/lastore-daemon/src/internal/updateplatform/message_report.go:881.16,884.3 2 1
github.com/linuxdeepin/lastore-daemon/src/internal/updateplatform/message_report.go:885.2,885.12 1 1
github.com/linuxdeepin/lastore-daemon/src/internal/updateplatform/message_report.go:888.65,891.16 3 1
github.com/linuxdeepin/lastore-daemon/src/internal/updateplatform/message_report.go:891.16,894.3 2 1
github.com/linuxdeepin/lastore-daemon/src/internal/updateplatform/message_report.go:895.2,897.12 3 1
github.com/linuxdeepin/lastore-daemon/src/internal/updateplatform/message_report.go:900.70,903.16 3 1
github.com/linuxdeepin/lastore-daemon/src/internal/updateplatform/message_report.go:903.16,906.3 2 1
github.com/linuxdeepin/lastore-daemon/src/internal/updateplatform/message_report.go:907.2,907.12 1 1
github.com/linuxdeepin/lastore-daemon/src/internal/updateplatform/message_report.go:910.72,913.16 3 1
github.com/linuxdeepin/lastore-daemon/src/internal/updateplatform/message_report.go:913.16,916.3 2 1
github.com/linuxdeepin/lastore-daemon/src/internal/updateplatform/message_report.go:917.2,917.12 1 1
github.com/linuxdeepin/lastore-daemon/src/internal/updateplatform/message_report.go:919.61,922.16 3 1
github.com/linuxdeepin/lastore-daemon/src/internal/updateplatform/message_report.go:922.16,925.3 2 1
github.com/linuxdeepin/lastore-daemon/src/internal/updateplatform/message_report.go:926.2,926.12 1 1
github.com/linuxdeepin/lastore-daemon/src/internal/updateplatform/message_report.go:929.48,932.16 3 1
github.com/linuxdeepin/lastore-daemon/src/internal/updateplatform/message_report.go:932.16,935.3 2 1
github.com/linuxdeepin/lastore-daemon/src/internal/updateplatform/message_report.go:936.2,936.12 1 1
github.com/linuxdeepin/lastore-daemon/src/internal/updateplatform/message_report.go:940.68,942.51 2 1
github.com/linuxdeepin/lastore-daemon/src/internal/updateplatform/message_report.go:942.51,945.3 2 1
github.com/linuxdeepin/lastore-daemon/src/internal/updateplatform/message_report.go:946.2,946.12 1 1
github.com/linuxdeepin/lastore-daemon/src/internal/updateplatform/message_report.go:959.38,960.46 1 1
github.com/linuxdeepin/lastore-daemon/src/internal/updateplatform/message_report.go:960.46,962.3 1 1
github.com/linuxdeepin/lastore-daemon/src/internal/updateplatform/message_report.go:963.2,963.14 1 1
github.com/linuxdeepin/lastore-daemon/src/internal/updateplatform/message_report.go:967.64,969.16 2 0
github.com/linuxdeepin/lastore-daemon/src/internal/updateplatform/message_report.go:969.16,971.3 1 0
github.com/linuxdeepin/lastore-daemon/src/internal/updateplatform/message_report.go:973.2,982.29 9 0
github.com/linuxdeepin/lastore-daemon/src/internal/updateplatform/message_report.go:982.29,984.3 1 0
github.com/linuxdeepin/lastore-daemon/src/internal/updateplatform/message_report.go:985.2,987.121 3 0
github.com/linuxdeepin/lastore-daemon/src/internal/updateplatform/message_report.go:987.121,989.72 2 0
github.com/linuxdeepin/lastore-daemon/src/internal/updateplatform/message_report.go:989.72,991.4 1 0
github.com/linuxdeepin/lastore-daemon/src/internal/updateplatform/message_report.go:991.9,993.4 1 0
github.com/linuxdeepin/lastore-daemon/src/internal/updateplatform/message_report.go:995.2,995.140 1 0
github.com/linuxdeepin/lastore-daemon/src/internal/updateplatform/message_report.go:995.140,997.92 2 0
github.com/linuxdeepin/lastore-daemon/src/internal/updateplatform/message_report.go:997.92,999.4 1 0
github.com/linuxdeepin/lastore-daemon/src/internal/updateplatform/message_report.go:999.9,1001.4 1 0
github.com/linuxdeepin/lastore-daemon/src/internal/updateplatform/message_report.go:1004.2,1007.12 4 0
github.com/linuxdeepin/lastore-daemon/src/internal/updateplatform/message_report.go:1010.76,1012.2 1 0
github.com/linuxdeepin/lastore-daemon/src/internal/updateplatform/message_report.go:1014.99,1016.27 2 0
github.com/linuxdeepin/lastore-daemon/src/internal/updateplatform/message_report.go:1016.27,1018.3 1 0
github.com/linuxdeepin/lastore-daemon/src/internal/updateplatform/message_report.go:1020.2,1021.16 2 0
github.com/linuxdeepin/lastore-daemon/src/internal/updateplatform/message_report.go:1021.16,1023.3 1 0
github.com/linuxdeepin/lastore-daemon/src/internal/updateplatform/message_report.go:1024.2,1025.16 2 0
github.com/linuxdeepin/lastore-daemon/src/internal/updateplatform/message_report.go:1025.16,1026.18 1 0
github.com/linuxdeepin/lastore-daemon/src/internal/updateplatform/message_report.go:1026.18,1028.37 2 0
github.com/linuxdeepin/lastore-daemon/src/internal/updateplatform/message_report.go:1028.37,1032.5 3 0
github.com/linuxdeepin/lastore-daemon/src/internal/updateplatform/message_report.go:1033.4,1033.69 1 0
github.com/linuxdeepin/lastore-daemon/src/internal/updateplatform/message_report.go:1035.3,1035.60 1 0
github.com/linuxdeepin/lastore-daemon/src/internal/updateplatform/message_report.go:1037.2,1038.16 2 0
github.com/linuxdeepin/lastore-daemon/src/internal/updateplatform/message_report.go:1038.16,1040.3 1 0
github.com/linuxdeepin/lastore-daemon/src/internal/updateplatform/message_report.go:1041.2,1041.17 1 0
github.com/linuxdeepin/lastore-daemon/src/internal/updateplatform/message_report.go:1045.73,1048.2 2 0
github.com/linuxdeepin/lastore-daemon/src/internal/updateplatform/message_report.go:1050.64,1052.60 2 0
github.com/linuxdeepin/lastore-daemon/src/internal/updateplatform/message_report.go:1052.60,1054.3 1 0
github.com/linuxdeepin/lastore-daemon/src/internal/updateplatform/message_report.go:1056.2,1056.14 1 0
github.com/linuxdeepin/lastore-daemon/src/internal/updateplatform/message_report.go:1057.17,1058.36 1 0
github.com/linuxdeepin/lastore-daemon/src/internal/updateplatform/message_report.go:1059.22,1060.36 1 0
github.com/linuxdeepin/lastore-daemon/src/internal/updateplatform/message_report.go:1061.23,1061.23 0 0
github.com/linuxdeepin/lastore-daemon/src/internal/updateplatform/message_report.go:1062.10,1064.30 2 0
github.com/linuxdeepin/lastore-daemon/src/internal/updateplatform/message_report.go:1065.15,1066.20 1 0
github.com/linuxdeepin/lastore-daemon/src/internal/updateplatform/message_report.go:1067.20,1068.25 1 0
github.com/linuxdeepin/lastore-daemon/src/internal/updateplatform/message_report.go:1069.11,1071.18 2 0
github.com/linuxdeepin/lastore-daemon/src/internal/updateplatform/message_report.go:1071.18,1074.5 2 0
github.com/linuxdeepin/lastore-daemon/src/internal/updateplatform/message_report.go:1074.10,1076.5 1 0
github.com/linuxdeepin/lastore-daemon/src/internal/updateplatform/message_report.go:1079.2,1081.32 3 0
github.com/linuxdeepin/lastore-daemon/src/internal/updateplatform/message_report.go:1081.32,1083.3 1 0
github.com/linuxdeepin/lastore-daemon/src/internal/updateplatform/message_report.go:1084.2,1085.14 2 0
github.com/linuxdeepin/lastore-daemon/src/internal/updateplatform/message_report.go:1086.17,1087.26 1 0
github.com/linuxdeepin/lastore-daemon/src/internal/updateplatform/message_report.go:1088.23,1094.87 5 0
github.com/linuxdeepin/lastore-daemon/src/internal/updateplatform/message_report.go:1094.87,1096.4 1 0
github.com/linuxdeepin/lastore-daemon/src/internal/updateplatform/message_report.go:1097.3,1097.67 1 0
github.com/linuxdeepin/lastore-daemon/src/internal/updateplatform/message_report.go:1099.2,1100.12 2 0
github.com/linuxdeepin/lastore-daemon/src/internal/updateplatform/message_report.go:1103.62,1105.16 2 1
github.com/linuxdeepin/lastore-daemon/src/internal/updateplatform/message_report.go:1105.16,1107.3 1 1
github.com/linuxdeepin/lastore-daemon/src/internal/updateplatform/message_report.go:1108.2,1109.16 2 1
github.com/linuxdeepin/lastore-daemon/src/internal/updateplatform/message_report.go:1109.16,1111.3 1 0
github.com/linuxdeepin/lastore-daemon/src/internal/updateplatform/message_report.go:1112.2,1113.16 2 1
github.com/linuxdeepin/lastore-daemon/src/internal/updateplatform/message_report.go:1113.16,1115.3 1 1
github.com/linuxdeepin/lastore-daemon/src/internal/updateplatform/message_report.go:1117.2,1118.12 2 1
github.com/linuxdeepin/lastore-daemon/src/internal/updateplatform/message_report.go:1121.55,1123.16 2 1
github.com/linuxdeepin/lastore-daemon/src/internal/updateplatform/message_report.go:1123.16,1125.3 1 1
github.com/linuxdeepin/lastore-daemon/src/internal/updateplatform/message_report.go:1126.2,1127.16 2 1
github.com/linuxdeepin/lastore-daemon/src/internal/updateplatform/message_report.go:1127.16,1129.3 1 0
github.com/linuxdeepin/lastore-daemon/src/internal/updateplatform/message_report.go:1130.2,1131.16 2 1
github.com/linuxdeepin/lastore-daemon/src/internal/updateplatform/message_report.go:1131.16,1133.3 1 0
github.com/linuxdeepin/lastore-daemon/src/internal/updateplatform/message_report.go:1135.2,1138.16 3 1
github.com/linuxdeepin/lastore-daemon/src/internal/updateplatform/message_report.go:1138.16,1140.3 1 0
github.com/linuxdeepin/lastore-daemon/src/internal/updateplatform/message_report.go:1141.2,1142.12 2 1
github.com/linuxdeepin/lastore-daemon/src/internal/updateplatform/message_report.go:1165.44,1167.2 1 1
github.com/linuxdeepin/lastore-daemon/src/internal/updateplatform/message_report.go:1169.54,1183.2 13 1
github.com/linuxdeepin/lastore-daemon/src/internal/updateplatform/message_report.go:1186.65,1188.16 2 1
github.com/linuxdeepin/lastore-daemon/src/internal/updateplatform/message_report.go:1188.16,1190.3 1 0
github.com/linuxdeepin/lastore-daemon/src/internal/updateplatform/message_report.go:1191.2,1192.16 2 1
github.com/linuxdeepin/lastore-daemon/src/internal/updateplatform/message_report.go:1192.16,1194.3 1 0
github.com/linuxdeepin/lastore-daemon/src/internal/updateplatform/message_report.go:1196.2,1196.22 1 1
github.com/linuxdeepin/lastore-daemon/src/internal/updateplatform/message_report.go:1196.22,1200.3 3 1
github.com/linuxdeepin/lastore-daemon/src/internal/updateplatform/message_report.go:1202.2,1203.17 2 1
github.com/linuxdeepin/lastore-daemon/src/internal/updateplatform/message_report.go:1203.17,1205.3 1 1
github.com/linuxdeepin/lastore-daemon/src/internal/updateplatform/message_report.go:1207.2,1217.41 10 0
github.com/linuxdeepin/lastore-daemon/src/internal/updateplatform/message_report.go:1217.41,1220.40 3 0
github.com/linuxdeepin/lastore-daemon/src/internal/updateplatform/message_report.go:1220.40,1221.40 1 0
github.com/linuxdeepin/lastore-daemon/src/internal/updateplatform/message_report.go:1221.40,1224.10 3 0
github.com/linuxdeepin/lastore-daemon/src/internal/updateplatform/message_report.go:1227.3,1227.15 1 0
github.com/linuxdeepin/lastore-daemon/src/internal/updateplatform/message_report.go:1227.15,1233.4 1 0
github.com/linuxdeepin/lastore-daemon/src/internal/updateplatform/message_report.go:1236.2,1236.43 1 0
github.com/linuxdeepin/lastore-daemon/src/internal/updateplatform/message_report.go:1236.43,1239.40 3 0
github.com/linuxdeepin/lastore-daemon/src/internal/updateplatform/message_report.go:1239.40,1240.40 1 0
github.com/linuxdeepin/lastore-daemon/src/internal/updateplatform/message_report.go:1240.40,1243.10 3 0
github.com/linuxdeepin/lastore-daemon/src/internal/updateplatform/message_report.go:1246.3,1246.15 1 0
github.com/linuxdeepin/lastore-daemon/src/internal/updateplatform/message_report.go:1246.15,1252.4 1 0
github.com/linuxdeepin/lastore-daemon/src/internal/updateplatform/message_report.go:1254.2,1254.43 1 0
github.com/linuxdeepin/lastore-daemon/src/internal/updateplatform/message_report.go:1254.43,1257.40 3 0
github.com/linuxdeepin/lastore-daemon/src/internal/updateplatform/message_report.go:1257.40,1258.40 1 0
github.com/linuxdeepin/lastore-daemon/src/internal/updateplatform/message_report.go:1258.40,1261.10 3 0
github.com/linuxdeepin/lastore-daemon/src/internal/updateplatform/message_report.go:1264.3,1264.15 1 0
github.com/linuxdeepin/lastore-daemon/src/internal/updateplatform/message_report.go:1264.15,1270.4 1 0
github.com/linuxdeepin/lastore-daemon/src/internal/updateplatform/message_report.go:1273.2,1273.42 1 0
github.com/linuxdeepin/lastore-daemon/src/internal/updateplatform/message_report.go:1273.42,1276.40 3 0
github.com/linuxdeepin/lastore-daemon/src/internal/updateplatform/message_report.go:1276.40,1277.24 1 0
github.com/linuxdeepin/lastore-daemon/src/internal/updateplatform/message_report.go:1277.24,1280.10 3 0
github.com/linuxdeepin/lastore-daemon/src/internal/updateplatform/message_report.go:1283.3,1283.15 1 0
github.com/linuxdeepin/lastore-daemon/src/internal/updateplatform/message_report.go:1283.15,1289.4 1 0
github.com/linuxdeepin/lastore-daemon/src/internal/updateplatform/message_report.go:1292.2,1292.12 1 0
github.com/linuxdeepin/lastore-daemon/src/internal/updateplatform/message_report.go:1296.78,1298.16 2 0
github.com/linuxdeepin/lastore-daemon/src/internal/updateplatform/message_report.go:1298.16,1300.3 1 0
github.com/linuxdeepin/lastore-daemon/src/internal/updateplatform/message_report.go:1301.2,1302.16 2 0
github.com/linuxdeepin/lastore-daemon/src/internal/updateplatform/message_report.go:1302.16,1304.3 1 0
github.com/linuxdeepin/lastore-daemon/src/internal/updateplatform/message_report.go:1305.2,1306.17 2 0
github.com/linuxdeepin/lastore-daemon/src/internal/updateplatform/message_report.go:1306.17,1308.3 1 0
github.com/linuxdeepin/lastore-daemon/src/internal/updateplatform/message_report.go:1309.2,1309.41 1 0
github.com/linuxdeepin/lastore-daemon/src/internal/updateplatform/message_report.go:1309.41,1312.40 3 0
github.com/linuxdeepin/lastore-daemon/src/internal/updateplatform/message_report.go:1312.40,1313.24 1 0
github.com/linuxdeepin/lastore-daemon/src/internal/updateplatform/message_report.go:1313.24,1316.10 3 0
github.com/linuxdeepin/lastore-daemon/src/internal/updateplatform/message_report.go:1319.3,1319.15 1 0
github.com/linuxdeepin/lastore-daemon/src/internal/updateplatform/message_report.go:1319.15,1325.4 1 0
github.com/linuxdeepin/lastore-daemon/src/internal/updateplatform/message_report.go:1328.2,1328.12 1 0
github.com/linuxdeepin/lastore-daemon/src/internal/updateplatform/message_report.go:1357.32,1359.16 2 1
github.com/linuxdeepin/lastore-daemon/src/internal/updateplatform/message_report.go:1359.16,1362.3 2 0
github.com/linuxdeepin/lastore-daemon/src/internal/updateplatform/message_report.go:1363.2,1363.13 1 1
github.com/linuxdeepin/lastore-daemon/src/internal/updateplatform/message_report.go:1370.47,1372.36 2 1
github.com/linuxdeepin/lastore-daemon/src/internal/updateplatform/message_report.go:1372.36,1374.3 1 1
github.com/linuxdeepin/lastore-daemon/src/internal/updateplatform/message_report.go:1377.2,1378.38 2 1
github.com/linuxdeepin/lastore-daemon/src/internal/updateplatform/message_report.go:1378.38,1380.49 2 1
github.com/linuxdeepin/lastore-daemon/src/internal/updateplatform/message_report.go:1380.49,1382.4 1 1
github.com/linuxdeepin/lastore-daemon/src/internal/updateplatform/message_report.go:1384.2,1384.37 1 1
github.com/linuxdeepin/lastore-daemon/src/internal/updateplatform/message_report.go:1384.37,1386.69 2 1
github.com/linuxdeepin/lastore-daemon/src/internal/updateplatform/message_report.go:1386.69,1388.27 2 1
github.com/linuxdeepin/lastore-daemon/src/internal/updateplatform/message_report.go:1388.27,1389.21 1 1
github.com/linuxdeepin/lastore-daemon/src/internal/updateplatform/message_report.go:1389.21,1391.6 1 1
github.com/linuxdeepin/lastore-daemon/src/internal/updateplatform/message_report.go:1393.4,1393.21 1 1
github.com/linuxdeepin/lastore-daemon/src/internal/updateplatform/message_report.go:1393.21,1395.5 1 1
github.com/linuxdeepin/lastore-daemon/src/internal/updateplatform/message_report.go:1400.2,1405.36 6 1
github.com/linuxdeepin/lastore-daemon/src/internal/updateplatform/message_report.go:1405.36,1407.3 1 0
github.com/linuxdeepin/lastore-daemon/src/internal/updateplatform/message_report.go:1408.2,1408.32 1 1
github.com/linuxdeepin/lastore-daemon/src/internal/updateplatform/message_report.go:1411.32,1413.16 2 0
github.com/linuxdeepin/lastore-daemon/src/internal/updateplatform/message_report.go:1413.16,1416.3 2 0
github.com/linuxdeepin/lastore-daemon/src/internal/updateplatform/message_report.go:1417.2,1418.16 2 0
github.com/linuxdeepin/lastore-daemon/src/internal/updateplatform/message_report.go:1418.16,1421.3 2 0
github.com/linuxdeepin/lastore-daemon/src/internal/updateplatform/message_report.go:1425.63,1429.16 4 0
github.com/linuxdeepin/lastore-daemon/src/internal/updateplatform/message_report.go:1429.16,1431.3 1 0
github.com/linuxdeepin/lastore-daemon/src/internal/updateplatform/message_report.go:1432.2,1433.16 2 0
github.com/linuxdeepin/lastore-daemon/src/internal/updateplatform/message_report.go:1433.16,1435.3 1 0
github.com/linuxdeepin/lastore-daemon/src/internal/updateplatform/message_report.go:1436.2,1437.17 2 0
github.com/linuxdeepin/lastore-daemon/src/internal/updateplatform/message_report.go:1437.17,1439.3 1 0
github.com/linuxdeepin/lastore-daemon/src/internal/updateplatform/message_report.go:1440.2,1445.32 5 0
github.com/linuxdeepin/lastore-daemon/src/internal/updateplatform/message_report.go:1445.32,1447.58 2 0
github.com/linuxdeepin/lastore-daemon/src/internal/updateplatform/message_report.go:1447.58,1449.4 1 0
github.com/linuxdeepin/lastore-daemon/src/internal/updateplatform/message_report.go:1451.2,1451.12 1 0
github.com/linuxdeepin/lastore-daemon/src/internal/updateplatform/message_report.go:1454.79,1456.43 2 0
github.com/linuxdeepin/lastore-daemon/src/internal/updateplatform/message_report.go:1456.43,1458.3 1 0
github.com/linuxdeepin/lastore-daemon/src/internal/updateplatform/message_report.go:1463.2,1463.14 1 0
github.com/linuxdeepin/lastore-daemon/src/internal/updateplatform/message_report.go:1492.59,1505.16 3 0
github.com/linuxdeepin/lastore-daemon/src/internal/updateplatform/message_report.go:1505.16,1509.3 3 0
github.com/linuxdeepin/lastore-daemon/src/internal/updateplatform/message_report.go:1510.2,1511.16 2 0
github.com/linuxdeepin/lastore-daemon/src/internal/updateplatform/message_report.go:1511.16,1515.3 3 0
github.com/linuxdeepin/lastore-daemon/src/internal/updateplatform/message_report.go:1516.2,1517.43 2 0
github.com/linuxdeepin/lastore-daemon/src/internal/updateplatform/message_report.go:1517.43,1520.3 2 0
github.com/linuxdeepin/lastore-daemon/src/internal/updateplatform/message_report.go:1521.2,1521.12 1 0
github.com/linuxdeepin/lastore-daemon/src/internal/updateplatform/message_report.go:1525.50,1526.20 1 1
github.com/linuxdeepin/lastore-daemon/src/internal/updateplatform/message_report.go:1526.20,1528.3 1 1
github.com/linuxdeepin/lastore-daemon/src/internal/updateplatform/message_report.go:1529.2,1529.27 1 1
github.com/linuxdeepin/lastore-daemon/src/internal/updateplatform/message_report.go:1529.27,1530.22 1 1
github.com/linuxdeepin/lastore-daemon/src/internal/updateplatform/message_report.go:1530.22,1532.4 1 1
github.com/linuxdeepin/lastore-daemon/src/internal/updateplatform/message_report.go:1534.2,1534.14 1 1
github.com/linuxdeepin/lastore-daemon/src/internal/updateplatform/message_report.go:1537.78,1540.16 3 0
github.com/linuxdeepin/lastore-daemon/src/internal/updateplatform/message_report.go:1540.16,1542.3 1 0
github.com/linuxdeepin/lastore-daemon/src/internal/updateplatform/message_report.go:1545.148,1547.33 2 1
github.com/linuxdeepin/lastore-daemon/src/internal/updateplatform/message_report.go:1547.33,1550.48 1 1
github.com/linuxdeepin/lastore-daemon/src/internal/updateplatform/message_report.go:1550.48,1558.4 7 1
github.com/linuxdeepin/lastore-daemon/src/internal/updateplatform/message_report.go:1559.3,1559.45 1 1
github.com/linuxdeepin/lastore-daemon/src/internal/updateplatform/message_report.go:1559.45,1561.4 1 1
github.com/linuxdeepin/lastore-daemon/src/internal/updateplatform/message_report.go:1561.9,1565.36 3 1
github.com/linuxdeepin/lastore-daemon/src/internal/updateplatform/message_report.go:1565.36,1567.5 1 1
github.com/linuxdeepin/lastore-daemon/src/internal/updateplatform/message_report.go:1568.4,1574.88 3 1
github.com/linuxdeepin/lastore-daemon/src/internal/updateplatform/message_report.go:1577.2,1577.14 1 1
github.com/linuxdeepin/lastore-daemon/src/internal/updateplatform/message_report.go:1580.60,1583.16 3 0
github.com/linuxdeepin/lastore-daemon/src/internal/updateplatform/message_report.go:1583.16,1586.3 2 0
github.com/linuxdeepin/lastore-daemon/src/internal/updateplatform/message_report.go:1587.2,1590.21 3 0
github.com/linuxdeepin/lastore-daemon/src/internal/updateplatform/message_report.go:1590.21,1592.20 2 0
github.com/linuxdeepin/lastore-daemon/src/internal/updateplatform/message_report.go:1592.20,1593.12 1 0
github.com/linuxdeepin/lastore-daemon/src/internal/updateplatform/message_report.go:1595.3,1595.24 1 0
github.com/linuxdeepin/lastore-daemon/src/internal/updateplatform/message_report.go:1595.24,1597.4 1 0
github.com/linuxdeepin/lastore-daemon/src/internal/updateplatform/message_report.go:1599.2,1599.15 1 0
github.com/linuxdeepin/lastore-daemon/src/internal/updateplatform/message_report.go:1603.62,1609.76 2 0
github.com/linuxdeepin/lastore-daemon/src/internal/updateplatform/message_report.go:1609.76,1611.21 2 0
github.com/linuxdeepin/lastore-daemon/src/internal/updateplatform/message_report.go:1611.21,1613.4 1 0
github.com/linuxdeepin/lastore-daemon/src/internal/updateplatform/message_report.go:1614.3,1614.13 1 0
github.com/linuxdeepin/lastore-daemon/src/internal/updateplatform/message_report.go:1617.2,1617.35 1 0
github.com/linuxdeepin/lastore-daemon/src/internal/updateplatform/message_report.go:1617.35,1618.23 1 0
github.com/linuxdeepin/lastore-daemon/src/internal/updateplatform/message_report.go:1618.23,1622.17 4 0
github.com/linuxdeepin/lastore-daemon/src/internal/updateplatform/message_report.go:1622.17,1623.25 1 0
github.com/linuxdeepin/lastore-daemon/src/internal/updateplatform/message_report.go:1623.25,1625.20 2 0
github.com/linuxdeepin/lastore-daemon/src/internal/updateplatform/message_report.go:1625.20,1629.7 3 0
github.com/linuxdeepin/lastore-daemon/src/internal/updateplatform/message_report.go:1630.6,1630.33 1 0
github.com/linuxdeepin/lastore-daemon/src/internal/updateplatform/message_report.go:1630.33,1631.53 1 0
github.com/linuxdeepin/lastore-daemon/src/internal/updateplatform/message_report.go:1631.53,1633.8 1 0
github.com/linuxdeepin/lastore-daemon/src/internal/updateplatform/message_report.go:1638.4,1639.22 2 0
github.com/linuxdeepin/lastore-daemon/src/internal/updateplatform/message_report.go:1639.22,1641.5 1 0
github.com/linuxdeepin/lastore-daemon/src/internal/updateplatform/message_report.go:1642.4,1646.18 5 0
github.com/linuxdeepin/lastore-daemon/src/internal/updateplatform/message_report.go:1646.18,1649.5 2 0
github.com/linuxdeepin/lastore-daemon/src/internal/updateplatform/message_report.go:1652.4,1653.22 2 0
github.com/linuxdeepin/lastore-daemon/src/internal/updateplatform/message_report.go:1653.22,1656.5 2 0
github.com/linuxdeepin/lastore-daemon/src/internal/updateplatform/message_report.go:1658.4,1663.18 5 0
github.com/linuxdeepin/lastore-daemon/src/internal/updateplatform/message_report.go:1663.18,1666.5 2 0
github.com/linuxdeepin/lastore-daemon/src/internal/updateplatform/message_report.go:1667.4,1669.27 2 0
github.com/linuxdeepin/lastore-daemon/src/internal/updateplatform/message_report.go:1670.23,1670.23 0 0
github.com/linuxdeepin/lastore-daemon/src/internal/updateplatform/message_report.go:1671.12,1673.11 2 0
github.com/linuxdeepin/lastore-daemon/src/internal/updateplatform/message_report.go:1676.4,1677.18 2 0
github.com/linuxdeepin/lastore-daemon/src/internal/updateplatform/message_report.go:1677.18,1680.5 2 0
github.com/linuxdeepin/lastore-daemon/src/internal/updateplatform/message_report.go:1682.4,1687.18 5 0
github.com/linuxdeepin/lastore-daemon/src/internal/updateplatform/message_report.go:1687.18,1690.5 2 0
github.com/linuxdeepin/lastore-daemon/src/internal/updateplatform/message_report.go:1691.4,1691.34 1 0
github.com/linuxdeepin/lastore-daemon/src/internal/updateplatform/message_report.go:1691.34,1694.12 2 0
github.com/linuxdeepin/lastore-daemon/src/internal/updateplatform/message_report.go:1694.12,1697.6 2 0
github.com/linuxdeepin/lastore-daemon/src/internal/updateplatform/message_report.go:1698.5,1699.12 2 0
github.com/linuxdeepin/lastore-daemon/src/internal/updateplatform/message_report.go:1699.12,1702.6 2 0
github.com/linuxdeepin/lastore-daemon/src/internal/updateplatform/message_report.go:1703.5,1703.29 1 0
github.com/linuxdeepin/lastore-daemon/src/internal/updateplatform/message_report.go:1703.29,1705.6 1 0
github.com/linuxdeepin/lastore-daemon/src/internal/updateplatform/message_report.go:1705.11,1708.6 2 0
github.com/linuxdeepin/lastore-daemon/src/internal/updateplatform/message_report.go:1716.67,1725.62 9 0
github.com/linuxdeepin/lastore-daemon/src/internal/updateplatform/message_report.go:1725.62,1727.3 1 0
github.com/linuxdeepin/lastore-daemon/src/internal/updateplatform/message_report.go:1728.2,1728.67 1 0
github.com/linuxdeepin/lastore-daemon/src/internal/updateplatform/message_report.go:1728.67,1730.3 1 0
github.com/linuxdeepin/lastore-daemon/src/internal/updateplatform/message_report.go:1731.2,1731.89 1 0
github.com/linuxdeepin/lastore-daemon/src/internal/updateplatform/message_report.go:1731.89,1733.3 1 0
github.com/linuxdeepin/lastore-daemon/src/internal/updateplatform/message_report.go:1734.2,1734.60 1 0
github.com/linuxdeepin/lastore-daemon/src/internal/updateplatform/message_report.go:1734.60,1736.3 1 0
github.com/linuxdeepin/lastore-daemon/src/internal/updateplatform/message_report.go:1737.2,1737.40 1 0
github.com/linuxdeepin/lastore-daemon/src/internal/updateplatform/message_report.go:1737.40,1739.27 2 0
github.com/linuxdeepin/lastore-daemon/src/internal/updateplatform/message_report.go:1739.27,1741.18 2 0
github.com/linuxdeepin/lastore-daemon/src/internal/updateplatform/message_report.go:1741.18,1743.5 1 0
github.com/linuxdeepin/lastore-daemon/src/internal/updateplatform/message_report.go:1744.4,1744.13 1 0
github.com/linuxdeepin/lastore-daemon/src/internal/updateplatform/message_report.go:1748.2,1749.22 2 0
github.com/linuxdeepin/lastore-daemon/src/internal/updateplatform/message_report.go:1749.22,1751.3 1 0
github.com/linuxdeepin/lastore-daemon/src/internal/updateplatform/message_report.go:1752.2,1752.12 1 0
github.com/linuxdeepin/lastore-daemon/src/internal/updateplatform/message_report.go:1755.76,1756.30 1 0
github.com/linuxdeepin/lastore-daemon/src/internal/updateplatform/message_report.go:1756.30,1758.3 1 0
github.com/linuxdeepin/lastore-daemon/src/internal/updateplatform/message_report.go:1759.2,1759.28 1 0
github.com/linuxdeepin/lastore-daemon/src/internal/updateplatform/message_report.go:1759.28,1761.3 1 0
github.com/linuxdeepin/lastore-daemon/src/internal/updateplatform/message_report.go:1762.2,1764.22 3 0
github.com/linuxdeepin/lastore-daemon/src/internal/updateplatform/message_report.go:1764.22,1766.3 1 0
github.com/linuxdeepin/lastore-daemon/src/internal/updateplatform/message_report.go:1767.2,1767.60 1 0
github.com/linuxdeepin/lastore-daemon/src/internal/updateplatform/message_report.go:1767.60,1770.3 2 0
github.com/linuxdeepin/lastore-daemon/src/internal/updateplatform/message_report.go:1771.2,1771.35 1 0
github.com/linuxdeepin/lastore-daemon/src/internal/updateplatform/message_report.go:1771.35,1773.3 1 0
github.com/linuxdeepin/lastore-daemon/src/internal/updateplatform/message_report.go:1774.2,1775.16 2 0
github.com/linuxdeepin/lastore-daemon/src/internal/updateplatform/message_report.go:1775.16,1778.3 2 0
github.com/linuxdeepin/lastore-daemon/src/internal/updateplatform/message_report.go:1779.2,1786.16 5 0
github.com/linuxdeepin/lastore-daemon/src/internal/updateplatform/message_report.go:1786.16,1789.3 2 0
github.com/linuxdeepin/lastore-daemon/src/internal/updateplatform/message_report.go:1790.2,1791.16 2 0
github.com/linuxdeepin/lastore-daemon/src/internal/updateplatform/message_report.go:1791.16,1794.3 2 0
github.com/linuxdeepin/lastore-daemon/src/internal/updateplatform/message_report.go:1795.2,1802.16 7 0
github.com/linuxdeepin/lastore-daemon/src/internal/updateplatform/message_report.go:1802.16,1805.3 2 0
github.com/linuxdeepin/lastore-daemon/src/internal/updateplatform/message_report.go:1806.2,1807.16 2 0
github.com/linuxdeepin/lastore-daemon/src/internal/updateplatform/message_report.go:1807.16,1809.3 1 0
github.com/linuxdeepin/lastore-daemon/src/internal/updateplatform/message_report.go:1813.92,1814.60 1 0
github.com/linuxdeepin/lastore-daemon/src/internal/updateplatform/message_report.go:1814.60,1816.3 1 0
github.com/linuxdeepin/lastore-daemon/src/internal/updateplatform/message_report.go:1818.2,1818.78 1 0
github.com/linuxdeepin/lastore-daemon/src/internal/updateplatform/message_report.go:1818.78,1820.3 1 0
github.com/linuxdeepin/lastore-daemon/src/internal/updateplatform/message_report.go:1822.2,1822.28 1 0
github.com/linuxdeepin/lastore-daemon/src/internal/updateplatform/message_report.go:1822.28,1825.3 2 0
github.com/linuxdeepin/lastore-daemon/src/internal/updateplatform/message_report.go:1827.2,1828.16 2 0
github.com/linuxdeepin/lastore-daemon/src/internal/updateplatform/message_report.go:1828.16,1831.3 2 0
github.com/linuxdeepin/lastore-daemon/src/internal/updateplatform/message_report.go:1833.2,1838.16 5 0
github.com/linuxdeepin/lastore-daemon/src/internal/updateplatform/message_report.go:1838.16,1841.3 2 0
github.com/linuxdeepin/lastore-daemon/src/internal/updateplatform/message_report.go:1842.2,1843.16 2 0
github.com/linuxdeepin/lastore-daemon/src/internal/updateplatform/message_report.go:1843.16,1846.3 2 0
github.com/linuxdeepin/lastore-daemon/src/internal/updateplatform/message_report.go:1847.2,1847.27 1 0
github.com/linuxdeepin/lastore-daemon/src/internal/updateplatform/message_report.go:1850.53,1853.16 2 1
github.com/linuxdeepin/lastore-daemon/src/internal/updateplatform/message_report.go:1853.16,1856.3 2 1
github.com/linuxdeepin/lastore-daemon/src/internal/updateplatform/message_report.go:1857.2,1863.33 4 1
github.com/linuxdeepin/lastore-daemon/src/internal/updateplatform/message_report.go:1863.33,1865.17 2 1
github.com/linuxdeepin/lastore-daemon/src/internal/updateplatform/message_report.go:1865.17,1868.4 2 1
github.com/linuxdeepin/lastore-daemon/src/internal/updateplatform/message_report.go:1869.3,1873.17 3 1
github.com/linuxdeepin/lastore-daemon/src/internal/updateplatform/message_report.go:1873.17,1876.4 2 0
github.com/linuxdeepin/lastore-daemon/src/internal/updateplatform/message_report.go:1879.3,1886.55 6 1
github.com/linuxdeepin/lastore-daemon/src/internal/updateplatform/message_report.go:1886.55,1889.4 2 0
github.com/linuxdeepin/lastore-daemon/src/internal/updateplatform/message_report.go:1892.3,1892.53 1 1
github.com/linuxdeepin/lastore-daemon/src/internal/updateplatform/message_report.go:1892.53,1895.4 2 0
github.com/linuxdeepin/lastore-daemon/src/internal/updateplatform/message_report.go:1897.2,1897.12 1 1
github.com/linuxdeepin/lastore-daemon/src/internal/updateplatform/message_report.go:1901.68,1902.60 1 0
github.com/linuxdeepin/lastore-daemon/src/internal/updateplatform/message_report.go:1902.60,1904.3 1 0
github.com/linuxdeepin/lastore-daemon/src/internal/updateplatform/message_report.go:1905.2,1909.16 4 0
github.com/linuxdeepin/lastore-daemon/src/internal/updateplatform/message_report.go:1909.16,1912.3 2 0
github.com/linuxdeepin/lastore-daemon/src/internal/updateplatform/message_report.go:1913.2,1914.16 2 0
github.com/linuxdeepin/lastore-daemon/src/internal/updateplatform/message_report.go:1914.16,1917.3 2 0
github.com/linuxdeepin/lastore-daemon/src/internal/updateplatform/message_report.go:1918.2,1920.16 3 0
github.com/linuxdeepin/lastore-daemon/src/internal/updateplatform/message_report.go:1920.16,1923.3 2 0
github.com/linuxdeepin/lastore-daemon/src/internal/updateplatform/message_report.go:1924.2,1925.16 2 0
github.com/linuxdeepin/lastore-daemon/src/internal/updateplatform/message_report.go:1925.16,1928.3 2 0
github.com/linuxdeepin/lastore-daemon/src/internal/updateplatform/message_report.go:1929.2,1929.27 1 0
github.com/linuxdeepin/lastore-daemon/src/internal/updateplatform/message_report.go:1932.91,1935.16 3 0
github.com/linuxdeepin/lastore-daemon/src/internal/updateplatform/message_report.go:1935.16,1937.3 1 0
github.com/linuxdeepin/lastore-daemon/src/internal/updateplatform/message_report.go:1937.8,1939.3 1 0
github.com/linuxdeepin/lastore-daemon/src/internal/updateplatform/message_report.go:1940.2,1940.142 1 0
github.com/linuxdeepin/lastore-daemon/src/internal/updateplatform/message_report.go:1944.97,1945.49 1 0
github.com/linuxdeepin/lastore-daemon/src/internal/updateplatform/message_report.go:1945.49,1947.3 1 0
github.com/linuxdeepin/lastore-daemon/src/internal/updateplatform/message_report.go:1948.2,1958.8 6 0
github.com/linuxdeepin/lastore-daemon/src/internal/updateplatform/message_report.go:1962.116,1965.42 3 0
github.com/linuxdeepin/lastore-daemon/src/internal/updateplatform/message_report.go:1965.42,1967.69 2 0
github.com/linuxdeepin/lastore-daemon/src/internal/updateplatform/message_report.go:1967.69,1969.4 1 0
github.com/linuxdeepin/lastore-daemon/src/internal/updateplatform/message_report.go:1970.3,1979.33 10 0
github.com/linuxdeepin/lastore-daemon/src/internal/updateplatform/message_report.go:1984.71,1990.9 6 0
github.com/linuxdeepin/lastore-daemon/src/internal/updateplatform/message_report.go:1990.9,1992.3 1 0
github.com/linuxdeepin/lastore-daemon/src/internal/updateplatform/message_report.go:1993.2,1995.16 3 0
github.com/linuxdeepin/lastore-daemon/src/internal/updateplatform/message_report.go:1995.16,1998.3 2 0
github.com/linuxdeepin/lastore-daemon/src/internal/updateplatform/message_report.go:2000.2,2002.16 3 0
github.com/linuxdeepin/lastore-daemon/src/internal/updateplatform/message_report.go:2002.16,2005.3 2 0
github.com/linuxdeepin/lastore-daemon/src/internal/updateplatform/message_report.go:2006.2,2012.16 5 0
github.com/linuxdeepin/lastore-daemon/src/internal/updateplatform/message_report.go:2012.16,2015.3 2 0
github.com/linuxdeepin/lastore-daemon/src/internal/updateplatform/message_report.go:2016.2,2017.16 2 0
github.com/linuxdeepin/lastore-daemon/src/internal/updateplatform/message_report.go:2017.16,2018.16 1 0
github.com/linuxdeepin/lastore-daemon/src/internal/updateplatform/message_report.go:2018.16,2020.4 1 0
github.com/linuxdeepin/lastore-daemon/src/internal/updateplatform/message_report.go:2021.3,2024.32 4 0
github.com/linuxdeepin/lastore-daemon/src/internal/updateplatform/message_report.go:2025.8,2027.3 1 0
github.com/linuxdeepin/lastore-daemon/src/internal/updateplatform/message_report.go:2030.52,2031.36 1 0
github.com/linuxdeepin/lastore-daemon/src/internal/updateplatform/message_report.go:2031.36,2032.62 1 0
github.com/linuxdeepin/lastore-daemon/src/internal/updateplatform/message_report.go:2032.62,2034.4 1 0
github.com/linuxdeepin/lastore-daemon/src/internal/updateplatform/message_report.go:2036.2,2036.8 1 0
github.com/linuxdeepin/lastore-daemon/src/internal/updateplatform/message_report.go:2065.55,2083.32 3 0
github.com/linuxdeepin/lastore-daemon/src/internal/updateplatform/message_report.go:2083.32,2086.23 2 0
github.com/linuxdeepin/lastore-daemon/src/internal/updateplatform/message_report.go:2086.23,2087.12 1 0
github.com/linuxdeepin/lastore-daemon/src/internal/updateplatform/message_report.go:2090.3,2092.53 2 0
github.com/linuxdeepin/lastore-daemon/src/internal/updateplatform/message_report.go:2092.53,2094.12 2 0
github.com/linuxdeepin/lastore-daemon/src/internal/updateplatform/message_report.go:2097.3,2097.28 1 0
github.com/linuxdeepin/lastore-daemon/src/internal/updateplatform/message_report.go:2097.28,2102.18 4 0
github.com/linuxdeepin/lastore-daemon/src/internal/updateplatform/message_report.go:2102.18,2104.13 2 0
github.com/linuxdeepin/lastore-daemon/src/internal/updateplatform/message_report.go:2106.4,2106.71 1 0
github.com/linuxdeepin/lastore-daemon/src/internal/updateplatform/message_report.go:2106.71,2108.13 2 0
github.com/linuxdeepin/lastore-daemon/src/internal/updateplatform/message_report.go:2114.58,2129.16 15 0
github.com/linuxdeepin/lastore-daemon/src/internal/updateplatform/message_report.go:2129.16,2132.3 2 0
github.com/linuxdeepin/lastore-daemon/src/internal/updateplatform/message_report.go:2133.2,2134.16 2 0
github.com/linuxdeepin/lastore-daemon/src/internal/updateplatform/message_report.go:2134.16,2136.3 1 0
github.com/linuxdeepin/lastore-daemon/src/internal/updateplatform/message_report.go:2139.113,2141.12 2 0
github.com/linuxdeepin/lastore-daemon/src/internal/updateplatform/message_report.go:2141.12,2142.61 1 0
github.com/linuxdeepin/lastore-daemon/src/internal/updateplatform/message_report.go:2142.61,2145.4 2 0
github.com/linuxdeepin/lastore-daemon/src/internal/updateplatform/message_report.go:2146.3,2146.35 1 0
github.com/linuxdeepin/lastore-daemon/src/internal/updateplatform/message_report.go:2150.55,2152.2 0 1
github.com/linuxdeepin/lastore-daemon/src/internal/updateplatform/message_report.go:2154.46,2156.44 2 0
github.com/linuxdeepin/lastore-daemon/src/internal/updateplatform/message_report.go:2156.44,2158.17 2 0
github.com/linuxdeepin/lastore-daemon/src/internal/updateplatform/message_report.go:2158.17,2161.4 2 0
github.com/linuxdeepin/lastore-daemon/src/internal/updateplatform/message_report.go:2163.2,2165.16 3 0
github.com/linuxdeepin/lastore-daemon/src/internal/updateplatform/message_report.go:2165.16,2168.3 2 0
github.com/linuxdeepin/lastore-daemon/src/internal/updateplatform/message_report.go:2171.22,2174.16 3 1
github.com/linuxdeepin/lastore-daemon/src/internal/updateplatform/message_report.go:2174.16,2177.3 2 0
github.com/linuxdeepin/lastore-daemon/src/internal/updateplatform/message_report.go:2178.2,2179.16 2 1
github.com/linuxdeepin/lastore-daemon/src/internal/updateplatform/message_report.go:2179.16,2182.3 2 0
github.com/linuxdeepin/lastore-daemon/src/internal/updateplatform/message_report.go:2183.2,2183.16 1 1
github.com/linuxdeepin/lastore-daemon/src/internal/updateplatform/message_report.go:2187.62,2189.2 1 1
github.com/linuxdeepin/lastore-daemon/src/internal/updateplatform/message_report.go:2191.90,2193.24 2 1
github.com/linuxdeepin/lastore-daemon/src/internal/updateplatform/message_report.go:2193.24,2194.77 1 1
github.com/linuxdeepin/lastore-daemon/src/internal/updateplatform/message_report.go:2194.77,2195.59 1 1
github.com/linuxdeepin/lastore-daemon/src/internal/updateplatform/message_report.go:2195.59,2197.5 1 1
github.com/linuxdeepin/lastore-daemon/src/internal/updateplatform/message_report.go:2198.4,2206.18 3 1
github.com/linuxdeepin/lastore-daemon/src/internal/updateplatform/message_report.go:2206.18,2208.5 1 0
github.com/linuxdeepin/lastore-daemon/src/internal/updateplatform/message_report.go:2209.4,2209.32 1 1
github.com/linuxdeepin/lastore-daemon/src/internal/updateplatform/message_report.go:2212.2,2218.16 3 1
github.com/linuxdeepin/lastore-daemon/src/internal/updateplatform/message_report.go:2218.16,2220.3 1 0
github.com/linuxdeepin/lastore-daemon/src/internal/updateplatform/message_report.go:2221.2,2221.30 1 1
github.com/linuxdeepin/lastore-daemon/src/internal/updateplatform/message_report.go:2224.66,2225.74 1 1
github.com/linuxdeepin/lastore-daemon/src/internal/updateplatform/message_report.go:2225.74,2227.3 1 0
github.com/linuxdeepin/lastore-daemon/src/internal/updateplatform/message_report.go:2229.2,2230.16 2 1
github.com/linuxdeepin/lastore-daemon/src/internal/updateplatform/message_report.go:2230.16,2232.3 1 0
github.com/linuxdeepin/lastore-daemon/src/internal/updateplatform/message_report.go:2233.2,2234.16 2 1
github.com/linuxdeepin/lastore-daemon/src/internal/updateplatform/message_report.go:2234.16,2236.3 1 0
github.com/linuxdeepin/lastore-daemon/src/internal/updateplatform/message_report.go:2238.2,2240.42 3 1
github.com/linuxdeepin/lastore-daemon/src/internal/updateplatform/message_report.go:2240.42,2246.3 1 1
github.com/linuxdeepin/lastore-daemon/src/internal/updateplatform/message_report.go:2247.2,2247.40 1 1
github.com/linuxdeepin/lastore-daemon/src/internal/updateplatform/message_report.go:2247.40,2253.3 1 1
github.com/linuxdeepin/lastore-daemon/src/internal/updateplatform/message_report.go:2254.2,2258.16 4 1
github.com/linuxdeepin/lastore-daemon/src/internal/updateplatform/message_report.go:2258.16,2260.3 1 0
github.com/linuxdeepin/lastore-daemon/src/internal/updateplatform/message_report.go:2261.2,2263.16 3 1
github.com/linuxdeepin/lastore-daemon/src/internal/updateplatform/message_report.go:2263.16,2265.3 1 0
github.com/linuxdeepin/lastore-daemon/src/internal/updateplatform/message_report.go:2266.2,2268.35 2 1
github.com/linuxdeepin/lastore-daemon/src/internal/updateplatform/message_report.go:2268.35,2272.3 3 1
github.com/linuxdeepin/lastore-daemon/src/internal/updateplatform/message_report.go:2273.2,2273.33 1 1
github.com/linuxdeepin/lastore-daemon/src/internal/updateplatform/message_report.go:2273.33,2277.3 3 1
github.com/linuxdeepin/lastore-daemon/src/internal/updateplatform/message_report.go:2279.2,2279.77 1 1
github.com/linuxdeepin/lastore-daemon/src/internal/updateplatform/message_report.go:2279.77,2281.3 1 0
github.com/linuxdeepin/lastore-daemon/src/internal/updateplatform/message_report.go:2283.2,2283.46 1 1
github.com/linuxdeepin/lastore-daemon/src/internal/updateplatform/message_report.go:2283.46,2285.17 2 1
github.com/linuxdeepin/lastore-daemon/src/internal/updateplatform/message_report.go:2285.17,2286.102 1 1
github.com/linuxdeepin/lastore-daemon/src/internal/updateplatform/message_report.go:2286.102,2288.5 1 1
github.com/linuxdeepin/lastore-daemon/src/internal/updateplatform/message_report.go:2290.8,2291.141 1 0
github.com/linuxdeepin/lastore-daemon/src/internal/updateplatform/message_report.go:2291.141,2293.4 1 0
github.com/linuxdeepin/lastore-daemon/src/internal/updateplatform/message_report.go:2295.2,2295.44 1 1
github.com/linuxdeepin/lastore-daemon/src/internal/updateplatform/message_report.go:2295.44,2297.17 2 0
github.com/linuxdeepin/lastore-daemon/src/internal/updateplatform/message_report.go:2297.17,2298.98 1 0
github.com/linuxdeepin/lastore-daemon/src/internal/updateplatform/message_report.go:2298.98,2300.5 1 0
github.com/linuxdeepin/lastore-daemon/src/internal/updateplatform/message_report.go:2302.8,2303.137 1 1
github.com/linuxdeepin/lastore-daemon/src/internal/updateplatform/message_report.go:2303.137,2305.4 1 1
github.com/linuxdeepin/lastore-daemon/src/internal/updateplatform/message_report.go:2307.2,2307.44 1 1
github.com/linuxdeepin/lastore-daemon/src/internal/updateplatform/message_report.go:2307.44,2309.17 2 0
github.com/linuxdeepin/lastore-daemon/src/internal/updateplatform/message_report.go:2309.17,2310.104 1 0
github.com/linuxdeepin/lastore-daemon/src/internal/updateplatform/message_report.go:2310.104,2312.5 1 0
github.com/linuxdeepin/lastore-daemon/src/internal/updateplatform/message_report.go:2314.8,2315.143 1 1
github.com/linuxdeepin/lastore-daemon/src/internal/updateplatform/message_report.go:2315.143,2317.4 1 1
github.com/linuxdeepin/lastore-daemon/src/internal/updateplatform/message_report.go:2320.2,2320.48 1 1
github.com/linuxdeepin/lastore-daemon/src/internal/updateplatform/message_report.go:2320.48,2322.17 2 1
github.com/linuxdeepin/lastore-daemon/src/internal/updateplatform/message_report.go:2322.17,2323.106 1 1
github.com/linuxdeepin/lastore-daemon/src/internal/updateplatform/message_report.go:2323.106,2325.5 1 1
github.com/linuxdeepin/lastore-daemon/src/internal/updateplatform/message_report.go:2327.8,2328.145 1 0
github.com/linuxdeepin/lastore-daemon/src/internal/updateplatform/message_report.go:2328.145,2330.4 1 0
github.com/linuxdeepin/lastore-daemon/src/internal/updateplatform/message_report.go:2332.2,2332.46 1 1
github.com/linuxdeepin/lastore-daemon/src/internal/updateplatform/message_report.go:2332.46,2334.17 2 0
github.com/linuxdeepin/lastore-daemon/src/internal/updateplatform/message_report.go:2334.17,2335.102 1 0
github.com/linuxdeepin/lastore-daemon/src/internal/updateplatform/message_report.go:2335.102,2337.5 1 0
github.com/linuxdeepin/lastore-daemon/src/internal/updateplatform/message_report.go:2339.8,2340.141 1 1
github.com/linuxdeepin/lastore-daemon/src/internal/updateplatform/message_report.go:2340.141,2342.4 1 1
github.com/linuxdeepin/lastore-daemon/src/internal/updateplatform/message_report.go:2344.2,2344.46 1 1
github.com/linuxdeepin/lastore-daemon/src/internal/updateplatform/message_report.go:2344.46,2346.17 2 0
github.com/linuxdeepin/lastore-daemon/src/internal/updateplatform/message_report.go:2346.17,2347.108 1 0
github.com/linuxdeepin/lastore-daemon/src/internal/updateplatform/message_report.go:2347.108,2349.5 1 0
github.com/linuxdeepin/lastore-daemon/src/internal/updateplatform/message_report.go:2351.8,2352.147 1 1
github.com/linuxdeepin/lastore-daemon/src/internal/updateplatform/message_report.go:2352.147,2354.4 1 1
github.com/linuxdeepin/lastore-daemon/src/internal/updateplatform/message_report.go:2357.2,2357.45 1 1
github.com/linuxdeepin/lastore-daemon/src/internal/updateplatform/message_report.go:2357.45,2359.17 2 1
github.com/linuxdeepin/lastore-daemon/src/internal/updateplatform/message_report.go:2359.17,2360.100 1 1
github.com/linuxdeepin/lastore-daemon/src/internal/updateplatform/message_report.go:2360.100,2362.5 1 1
github.com/linuxdeepin/lastore-daemon/src/internal/updateplatform/message_report.go:2364.8,2365.139 1 0
github.com/linuxdeepin/lastore-daemon/src/internal/updateplatform/message_report.go:2365.139,2367.4 1 0
github.com/linuxdeepin/lastore-daemon/src/internal/updateplatform/message_report.go:2369.2,2369.43 1 1
github.com/linuxdeepin/lastore-daemon/src/internal/updateplatform/message_report.go:2369.43,2371.17 2 1
github.com/linuxdeepin/lastore-daemon/src/internal/updateplatform/message_report.go:2371.17,2372.96 1 1
github.com/linuxdeepin/lastore-daemon/src/internal/updateplatform/message_report.go:2372.96,2374.5 1 1
github.com/linuxdeepin/lastore-daemon/src/internal/updateplatform/message_report.go:2376.8,2377.135 1 1
github.com/linuxdeepin/lastore-daemon/src/internal/updateplatform/message_report.go:2377.135,2379.4 1 1
github.com/linuxdeepin/lastore-daemon/src/internal/updateplatform/message_report.go:2381.2,2381.43 1 1
github.com/linuxdeepin/lastore-daemon/src/internal/updateplatform/message_report.go:2381.43,2383.17 2 1
github.com/linuxdeepin/lastore-daemon/src/internal/updateplatform/message_report.go:2383.17,2384.102 1 1
github.com/linuxdeepin/lastore-daemon/src/internal/updateplatform/message_report.go:2384.102,2386.5 1 1
github.com/linuxdeepin/lastore-daemon/src/internal/updateplatform/message_report.go:2388.8,2389.141 1 1
github.com/linuxdeepin/lastore-daemon/src/internal/updateplatform/message_report.go:2389.141,2391.4 1 1
github.com/linuxdeepin/lastore-daemon/src/internal/updateplatform/message_report.go:2394.2,2394.47 1 1
github.com/linuxdeepin/lastore-daemon/src/internal/updateplatform/message_report.go:2394.47,2396.17 2 1
github.com/linuxdeepin/lastore-daemon/src/internal/updateplatform/message_report.go:2396.17,2397.104 1 1
github.com/linuxdeepin/lastore-daemon/src/internal/updateplatform/message_report.go:2397.104,2399.5 1 1
github.com/linuxdeepin/lastore-daemon/src/internal/updateplatform/message_report.go:2401.8,2402.143 1 0
github.com/linuxdeepin/lastore-daemon/src/internal/updateplatform/message_report.go:2402.143,2404.4 1 0
github.com/linuxdeepin/lastore-daemon/src/internal/updateplatform/message_report.go:2406.2,2406.45 1 1
github.com/linuxdeepin/lastore-daemon/src/internal/updateplatform/message_report.go:2406.45,2408.17 2 1
github.com/linuxdeepin/lastore-daemon/src/internal/updateplatform/message_report.go:2408.17,2409.100 1 1
github.com/linuxdeepin/lastore-daemon/src/internal/updateplatform/message_report.go:2409.100,2411.5 1 1
github.com/linuxdeepin/lastore-daemon/src/internal/updateplatform/message_report.go:2413.8,2414.139 1 1
github.com/linuxdeepin/lastore-daemon/src/internal/updateplatform/message_report.go:2414.139,2416.4 1 1
github.com/linuxdeepin/lastore-daemon/src/internal/updateplatform/message_report.go:2418.2,2418.45 1 1
github.com/linuxdeepin/lastore-daemon/src/internal/updateplatform/message_report.go:2418.45,2420.17 2 1
github.com/linuxdeepin/lastore-daemon/src/internal/updateplatform/message_report.go:2420.17,2421.106 1 1
github.com/linuxdeepin/lastore-daemon/src/internal/updateplatform/message_report.go:2421.106,2423.5 1 1
github.com/linuxdeepin/lastore-daemon/src/internal/updateplatform/message_report.go:2425.8,2426.145 1 1
github.com/linuxdeepin/lastore-daemon/src/internal/updateplatform/message_report.go:2426.145,2428.4 1 1
github.com/linuxdeepin/lastore-daemon/src/internal/updateplatform/message_report.go:2431.2,2431.12 1 1
github.com/linuxdeepin/lastore-daemon/src/internal/updateplatform/message_report.go:2434.107,2437.2 2 1
github.com/linuxdeepin/lastore-daemon/src/internal/updateplatform/message_report.go:2439.53,2444.2 1 1
github.com/linuxdeepin/lastore-daemon/src/internal/updateplatform/message_report.go:2446.54,2452.2 1 1
github.com/linuxdeepin/lastore-daemon/src/internal/updateplatform/message_report.go:2454.70,2459.2 1 1
github.com/linuxdeepin/lastore-daemon/src/internal/updateplatform/message_report.go:2461.53,2477.2 15 1
github.com/linuxdeepin/lastore-daemon/src/internal/updateplatform/message_report.go:2480.72,2481.56 1 0
github.com/linuxdeepin/lastore-daemon/src/internal/updateplatform/message_report.go:2481.56,2486.17 5 0
github.com/linuxdeepin/lastore-daemon/src/internal/updateplatform/message_report.go:2486.17,2489.4 2 0
github.com/linuxdeepin/lastore-daemon/src/internal/updateplatform/message_report.go:2491.3,2494.19 3 0
github.com/linuxdeepin/lastore-daemon/src/internal/updateplatform/message_report.go:2496.2,2496.19 1 0
github.com/linuxdeepin/lastore-daemon/src/internal/updateplatform/message_report.go:2499.78,2500.33 1 1
github.com/linuxdeepin/lastore-daemon/src/internal/updateplatform/message_report.go:2500.33,2502.3 1 0
github.com/linuxdeepin/lastore-daemon/src/internal/updateplatform/message_report.go:2505.2,2505.67 1 1
github.com/linuxdeepin/lastore-daemon/src/internal/updateplatform/message_report.go:2505.67,2507.3 1 1
github.com/linuxdeepin/lastore-daemon/src/internal/updateplatform/message_report.go:2509.2,2522.4 1 1
github.com/linuxdeepin/lastore-daemon/src/internal/updateplatform/message_report.go:2522.4,2523.54 1 1
github.com/linuxdeepin/lastore-daemon/src/internal/updateplatform/message_report.go:2523.54,2525.4 1 0
github.com/linuxdeepin/lastore-daemon/src/internal/updateplatform/message_report.go:2527.2,2529.88 2 1
github.com/linuxdeepin/lastore-daemon/src/internal/updateplatform/message_report.go:2529.88,2531.3 1 0
github.com/linuxdeepin/lastore-daemon/src/internal/updateplatform/systeminfo_utils.go:80.81,86.16 3 1
github.com/linuxdeepin/lastore-daemon/src/internal/updateplatform/systeminfo_utils.go:86.16,88.3 1 0
github.com/linuxdeepin/lastore-daemon/src/internal/updateplatform/systeminfo_utils.go:88.8,97.3 4 1
github.com/linuxdeepin/lastore-daemon/src/internal/updateplatform/systeminfo_utils.go:99.2,100.16 2 1
github.com/linuxdeepin/lastore-daemon/src/internal/updateplatform/systeminfo_utils.go:100.16,102.3 1 0
github.com/linuxdeepin/lastore-daemon/src/internal/updateplatform/systeminfo_utils.go:104.2,105.16 2 1
github.com/linuxdeepin/lastore-daemon/src/internal/updateplatform/systeminfo_utils.go:105.16,107.3 1 0
github.com/linuxdeepin/lastore-daemon/src/internal/updateplatform/systeminfo_utils.go:107.8,107.44 1 1
github.com/linuxdeepin/lastore-daemon/src/internal/updateplatform/systeminfo_utils.go:107.44,109.3 1 0
github.com/linuxdeepin/lastore-daemon/src/internal/updateplatform/systeminfo_utils.go:111.2,112.16 2 1
github.com/linuxdeepin/lastore-daemon/src/internal/updateplatform/systeminfo_utils.go:112.16,114.3 1 0
github.com/linuxdeepin/lastore-daemon/src/internal/updateplatform/systeminfo_utils.go:115.2,116.16 2 1
github.com/linuxdeepin/lastore-daemon/src/internal/updateplatform/systeminfo_utils.go:116.16,118.3 1 1
github.com/linuxdeepin/lastore-daemon/src/internal/updateplatform/systeminfo_utils.go:119.2,120.16 2 1
github.com/linuxdeepin/lastore-daemon/src/internal/updateplatform/systeminfo_utils.go:120.16,125.17 4 1
github.com/linuxdeepin/lastore-daemon/src/internal/updateplatform/systeminfo_utils.go:125.17,127.4 1 1
github.com/linuxdeepin/lastore-daemon/src/internal/updateplatform/systeminfo_utils.go:128.8,128.21 1 0
github.com/linuxdeepin/lastore-daemon/src/internal/updateplatform/systeminfo_utils.go:128.21,130.3 1 0
github.com/linuxdeepin/lastore-daemon/src/internal/updateplatform/systeminfo_utils.go:131.2,133.16 3 1
github.com/linuxdeepin/lastore-daemon/src/internal/updateplatform/systeminfo_utils.go:133.16,135.3 1 1
github.com/linuxdeepin/lastore-daemon/src/internal/updateplatform/systeminfo_utils.go:136.2,137.16 2 1
github.com/linuxdeepin/lastore-daemon/src/internal/updateplatform/systeminfo_utils.go:137.16,139.3 1 1
github.com/linuxdeepin/lastore-daemon/src/internal/updateplatform/systeminfo_utils.go:140.2,144.16 5 1
github.com/linuxdeepin/lastore-daemon/src/internal/updateplatform/systeminfo_utils.go:144.16,146.3 1 0
github.com/linuxdeepin/lastore-daemon/src/internal/updateplatform/systeminfo_utils.go:147.2,147.19 1 1
github.com/linuxdeepin/lastore-daemon/src/internal/updateplatform/systeminfo_utils.go:150.50,152.16 2 1
github.com/linuxdeepin/lastore-daemon/src/internal/updateplatform/systeminfo_utils.go:152.16,154.3 1 0
github.com/linuxdeepin/lastore-daemon/src/internal/updateplatform/systeminfo_utils.go:155.2,155.15 1 1
github.com/linuxdeepin/lastore-daemon/src/internal/updateplatform/systeminfo_utils.go:155.15,157.3 1 1
github.com/linuxdeepin/lastore-daemon/src/internal/updateplatform/systeminfo_utils.go:159.2,161.21 3 1
github.com/linuxdeepin/lastore-daemon/src/internal/updateplatform/systeminfo_utils.go:161.21,164.3 2 1
github.com/linuxdeepin/lastore-daemon/src/internal/updateplatform/systeminfo_utils.go:165.2,165.26 1 1
github.com/linuxdeepin/lastore-daemon/src/internal/updateplatform/systeminfo_utils.go:165.26,167.3 1 0
github.com/linuxdeepin/lastore-daemon/src/internal/updateplatform/systeminfo_utils.go:169.2,169.19 1 1
github.com/linuxdeepin/lastore-daemon/src/internal/updateplatform/systeminfo_utils.go:172.67,174.16 2 1
github.com/linuxdeepin/lastore-daemon/src/internal/updateplatform/systeminfo_utils.go:174.16,177.3 2 0
github.com/linuxdeepin/lastore-daemon/src/internal/updateplatform/systeminfo_utils.go:178.2,179.36 2 1
github.com/linuxdeepin/lastore-daemon/src/internal/updateplatform/systeminfo_utils.go:179.36,181.25 2 1
github.com/linuxdeepin/lastore-daemon/src/internal/updateplatform/systeminfo_utils.go:181.25,182.12 1 1
github.com/linuxdeepin/lastore-daemon/src/internal/updateplatform/systeminfo_utils.go:184.3,186.32 3 1
github.com/linuxdeepin/lastore-daemon/src/internal/updateplatform/systeminfo_utils.go:189.2,190.35 2 1
github.com/linuxdeepin/lastore-daemon/src/internal/updateplatform/systeminfo_utils.go:190.35,191.50 1 1
github.com/linuxdeepin/lastore-daemon/src/internal/updateplatform/systeminfo_utils.go:191.50,193.4 1 0
github.com/linuxdeepin/lastore-daemon/src/internal/updateplatform/systeminfo_utils.go:195.2,195.30 1 1
github.com/linuxdeepin/lastore-daemon/src/internal/updateplatform/systeminfo_utils.go:198.67,199.17 1 1
github.com/linuxdeepin/lastore-daemon/src/internal/updateplatform/systeminfo_utils.go:199.17,201.3 1 1
github.com/linuxdeepin/lastore-daemon/src/internal/updateplatform/systeminfo_utils.go:202.2,204.16 3 0
github.com/linuxdeepin/lastore-daemon/src/internal/updateplatform/systeminfo_utils.go:204.16,207.3 2 0
github.com/linuxdeepin/lastore-daemon/src/internal/updateplatform/systeminfo_utils.go:208.2,208.18 1 0
github.com/linuxdeepin/lastore-daemon/src/internal/updateplatform/systeminfo_utils.go:240.37,243.16 3 1
github.com/linuxdeepin/lastore-daemon/src/internal/updateplatform/systeminfo_utils.go:243.16,246.3 2 0
github.com/linuxdeepin/lastore-daemon/src/internal/updateplatform/systeminfo_utils.go:247.2,252.16 4 1
github.com/linuxdeepin/lastore-daemon/src/internal/updateplatform/systeminfo_utils.go:252.16,255.3 2 0
github.com/linuxdeepin/lastore-daemon/src/internal/updateplatform/systeminfo_utils.go:256.2,257.14 2 1
github.com/linuxdeepin/lastore-daemon/src/internal/updateplatform/systeminfo_utils.go:260.46,262.16 2 1
github.com/linuxdeepin/lastore-daemon/src/internal/updateplatform/systeminfo_utils.go:262.16,265.3 2 0
github.com/linuxdeepin/lastore-daemon/src/internal/updateplatform/systeminfo_utils.go:266.2,266.21 1 1
github.com/linuxdeepin/lastore-daemon/src/internal/updateplatform/systeminfo_utils.go:266.21,268.3 1 1
github.com/linuxdeepin/lastore-daemon/src/internal/updateplatform/systeminfo_utils.go:269.2,270.16 2 0
github.com/linuxdeepin/lastore-daemon/src/internal/updateplatform/systeminfo_utils.go:270.16,273.3 2 0
github.com/linuxdeepin/lastore-daemon/src/internal/updateplatform/systeminfo_utils.go:274.2,274.50 1 0
github.com/linuxdeepin/lastore-daemon/src/internal/updateplatform/systeminfo_utils.go:277.52,279.16 2 1
github.com/linuxdeepin/lastore-daemon/src/internal/updateplatform/systeminfo_utils.go:279.16,281.3 1 0
github.com/linuxdeepin/lastore-daemon/src/internal/updateplatform/systeminfo_utils.go:284.2,285.19 2 1
github.com/linuxdeepin/lastore-daemon/src/internal/updateplatform/systeminfo_utils.go:285.19,287.3 1 0
github.com/linuxdeepin/lastore-daemon/src/internal/updateplatform/systeminfo_utils.go:289.2,290.19 2 1
github.com/linuxdeepin/lastore-daemon/src/internal/updateplatform/systeminfo_utils.go:290.19,292.3 1 0
github.com/linuxdeepin/lastore-daemon/src/internal/updateplatform/systeminfo_utils.go:294.2,295.19 2 1
github.com/linuxdeepin/lastore-daemon/src/internal/updateplatform/systeminfo_utils.go:295.19,297.3 1 0
github.com/linuxdeepin/lastore-daemon/src/internal/updateplatform/systeminfo_utils.go:299.2,300.19 2 1
github.com/linuxdeepin/lastore-daemon/src/internal/updateplatform/systeminfo_utils.go:300.19,302.3 1 0
github.com/linuxdeepin/lastore-daemon/src/internal/updateplatform/systeminfo_utils.go:304.2,304.44 1 1
github.com/linuxdeepin/lastore-daemon/src/internal/updateplatform/systeminfo_utils.go:307.80,309.9 2 1
github.com/linuxdeepin/lastore-daemon/src/internal/updateplatform/systeminfo_utils.go:309.9,311.3 1 1
github.com/linuxdeepin/lastore-daemon/src/internal/updateplatform/systeminfo_utils.go:312.2,314.26 3 1
github.com/linuxdeepin/lastore-daemon/src/internal/updateplatform/systeminfo_utils.go:314.26,315.18 1 1
github.com/linuxdeepin/lastore-daemon/src/internal/updateplatform/systeminfo_utils.go:315.18,316.12 1 0
github.com/linuxdeepin/lastore-daemon/src/internal/updateplatform/systeminfo_utils.go:318.3,319.24 2 1
github.com/linuxdeepin/lastore-daemon/src/internal/updateplatform/systeminfo_utils.go:319.24,321.4 1 1
github.com/linuxdeepin/lastore-daemon/src/internal/updateplatform/systeminfo_utils.go:323.2,323.18 1 1
github.com/linuxdeepin/lastore-daemon/src/internal/updateplatform/systeminfo_utils.go:326.44,330.16 4 0
github.com/linuxdeepin/lastore-daemon/src/internal/updateplatform/systeminfo_utils.go:330.16,332.3 1 0
github.com/linuxdeepin/lastore-daemon/src/internal/updateplatform/systeminfo_utils.go:334.2,336.29 3 0
github.com/linuxdeepin/lastore-daemon/src/internal/updateplatform/systeminfo_utils.go:336.29,338.22 2 0
github.com/linuxdeepin/lastore-daemon/src/internal/updateplatform/systeminfo_utils.go:338.22,339.12 1 0
github.com/linuxdeepin/lastore-daemon/src/internal/updateplatform/systeminfo_utils.go:341.3,341.65 1 0
github.com/linuxdeepin/lastore-daemon/src/internal/updateplatform/systeminfo_utils.go:344.2,344.17 1 0
github.com/linuxdeepin/lastore-daemon/src/internal/updateplatform/systeminfo_utils.go:347.67,349.16 2 1
github.com/linuxdeepin/lastore-daemon/src/internal/updateplatform/systeminfo_utils.go:349.16,351.3 1 0
github.com/linuxdeepin/lastore-daemon/src/internal/updateplatform/systeminfo_utils.go:353.2,355.29 3 1
github.com/linuxdeepin/lastore-daemon/src/internal/updateplatform/systeminfo_utils.go:355.29,356.21 1 1
github.com/linuxdeepin/lastore-daemon/src/internal/updateplatform/systeminfo_utils.go:356.21,357.12 1 1
github.com/linuxdeepin/lastore-daemon/src/internal/updateplatform/systeminfo_utils.go:360.3,361.22 2 1
github.com/linuxdeepin/lastore-daemon/src/internal/updateplatform/systeminfo_utils.go:361.22,362.12 1 0
github.com/linuxdeepin/lastore-daemon/src/internal/updateplatform/systeminfo_utils.go:365.3,365.65 1 1
github.com/linuxdeepin/lastore-daemon/src/internal/updateplatform/systeminfo_utils.go:368.2,368.17 1 1
github.com/linuxdeepin/lastore-daemon/src/internal/updateplatform/systeminfo_utils.go:371.36,373.16 2 1
github.com/linuxdeepin/lastore-daemon/src/internal/updateplatform/systeminfo_utils.go:373.16,376.3 2 0
github.com/linuxdeepin/lastore-daemon/src/internal/updateplatform/systeminfo_utils.go:377.2,377.45 1 1
github.com/linuxdeepin/lastore-daemon/src/internal/updateplatform/systeminfo_utils.go:381.30,384.16 3 1
github.com/linuxdeepin/lastore-daemon/src/internal/updateplatform/systeminfo_utils.go:384.16,386.3 1 0
github.com/linuxdeepin/lastore-daemon/src/internal/updateplatform/systeminfo_utils.go:387.2,390.16 4 1
github.com/linuxdeepin/lastore-daemon/src/internal/updateplatform/systeminfo_utils.go:390.16,392.3 1 1
github.com/linuxdeepin/lastore-daemon/src/internal/updateplatform/systeminfo_utils.go:393.2,395.15 3 0
github.com/linuxdeepin/lastore-daemon/src/internal/updateplatform/systeminfo_utils.go:414.52,415.74 1 1
github.com/linuxdeepin/lastore-daemon/src/internal/updateplatform/systeminfo_utils.go:415.74,417.3 1 1
github.com/linuxdeepin/lastore-daemon/src/internal/updateplatform/systeminfo_utils.go:418.2,420.16 3 0
github.com/linuxdeepin/lastore-daemon/src/internal/updateplatform/systeminfo_utils.go:420.16,422.3 1 0
github.com/linuxdeepin/lastore-daemon/src/internal/updateplatform/systeminfo_utils.go:424.2,424.44 1 0
github.com/linuxdeepin/lastore-daemon/src/internal/updateplatform/systeminfo_utils.go:424.44,427.3 2 0
github.com/linuxdeepin/lastore-daemon/src/internal/updateplatform/systeminfo_utils.go:428.2,428.64 1 0
github.com/linuxdeepin/lastore-daemon/src/internal/updateplatform/systeminfo_utils.go:432.43,435.18 2 0
github.com/linuxdeepin/lastore-daemon/src/internal/updateplatform/systeminfo_utils.go:435.18,437.3 1 0
github.com/linuxdeepin/lastore-daemon/src/internal/updateplatform/systeminfo_utils.go:439.2,440.16 2 0
github.com/linuxdeepin/lastore-daemon/src/internal/updateplatform/systeminfo_utils.go:440.16,443.3 2 0
github.com/linuxdeepin/lastore-daemon/src/internal/updateplatform/systeminfo_utils.go:445.2,449.16 4 0
github.com/linuxdeepin/lastore-daemon/src/internal/updateplatform/systeminfo_utils.go:449.16,452.3 2 0
github.com/linuxdeepin/lastore-daemon/src/internal/updateplatform/systeminfo_utils.go:453.2,454.16 2 0
github.com/linuxdeepin/lastore-daemon/src/internal/updateplatform/systeminfo_utils.go:454.16,457.3 2 0
github.com/linuxdeepin/lastore-daemon/src/internal/updateplatform/systeminfo_utils.go:458.2,462.16 3 0
github.com/linuxdeepin/lastore-daemon/src/internal/updateplatform/systeminfo_utils.go:462.16,465.3 2 0
github.com/linuxdeepin/lastore-daemon/src/internal/updateplatform/systeminfo_utils.go:467.2,467.75 1 0
github.com/linuxdeepin/lastore-daemon/src/internal/updateplatform/systeminfo_utils.go:470.43,472.16 2 1
github.com/linuxdeepin/lastore-daemon/src/internal/updateplatform/systeminfo_utils.go:472.16,474.3 1 1
github.com/linuxdeepin/lastore-daemon/src/internal/updateplatform/systeminfo_utils.go:475.2,475.25 1 0
github.com/linuxdeepin/lastore-daemon/src/internal/updateplatform/systeminfo_utils.go:480.33,482.16 2 1
github.com/linuxdeepin/lastore-daemon/src/internal/updateplatform/systeminfo_utils.go:482.16,484.3 1 1
github.com/linuxdeepin/lastore-daemon/src/internal/updateplatform/systeminfo_utils.go:486.2,486.29 1 0
github.com/linuxdeepin/lastore-daemon/src/internal/updateplatform/systeminfo_utils.go:493.52,495.16 2 1
github.com/linuxdeepin/lastore-daemon/src/internal/updateplatform/systeminfo_utils.go:495.16,497.3 1 1
github.com/linuxdeepin/lastore-daemon/src/internal/updateplatform/systeminfo_utils.go:498.2,500.16 3 0
github.com/linuxdeepin/lastore-daemon/src/internal/updateplatform/systeminfo_utils.go:500.16,502.3 1 0
github.com/linuxdeepin/lastore-daemon/src/internal/updateplatform/systeminfo_utils.go:503.2,503.21 1 0
github.com/linuxdeepin/lastore-daemon/src/internal/updateplatform/systeminfo_utils.go:506.30,514.28 4 1
github.com/linuxdeepin/lastore-daemon/src/internal/updateplatform/systeminfo_utils.go:514.28,516.17 2 1
github.com/linuxdeepin/lastore-daemon/src/internal/updateplatform/systeminfo_utils.go:516.17,517.12 1 0
github.com/linuxdeepin/lastore-daemon/src/internal/updateplatform/systeminfo_utils.go:519.3,519.35 1 1
github.com/linuxdeepin/lastore-daemon/src/internal/updateplatform/systeminfo_utils.go:521.2,521.35 1 1
github.com/linuxdeepin/lastore-daemon/src/internal/updateplatform/systeminfo_utils.go:527.85,557.62 30 0
github.com/linuxdeepin/lastore-daemon/src/internal/updateplatform/systeminfo_utils.go:557.62,560.3 2 0
github.com/linuxdeepin/lastore-daemon/src/internal/updateplatform/systeminfo_utils.go:561.2,562.16 2 0
github.com/linuxdeepin/lastore-daemon/src/internal/updateplatform/systeminfo_utils.go:562.16,564.3 1 0
github.com/linuxdeepin/lastore-daemon/src/internal/updateplatform/systeminfo_utils.go:565.2,565.14 1 0
github.com/linuxdeepin/lastore-daemon/src/internal/updateplatform/systeminfo_utils.go:568.38,570.16 2 1
github.com/linuxdeepin/lastore-daemon/src/internal/updateplatform/systeminfo_utils.go:570.16,572.3 1 0
github.com/linuxdeepin/lastore-daemon/src/internal/updateplatform/systeminfo_utils.go:573.2,574.19 2 1
github.com/linuxdeepin/lastore-daemon/src/internal/updateplatform/systeminfo_utils.go:574.19,576.3 1 0
github.com/linuxdeepin/lastore-daemon/src/internal/updateplatform/systeminfo_utils.go:578.2,579.16 2 1
github.com/linuxdeepin/lastore-daemon/src/internal/updateplatform/systeminfo_utils.go:579.16,581.3 1 0
github.com/linuxdeepin/lastore-daemon/src/internal/updateplatform/systeminfo_utils.go:582.2,582.44 1 1
github.com/linuxdeepin/lastore-daemon/src/internal/updateplatform/systeminfo_utils.go:585.54,587.29 2 1
github.com/linuxdeepin/lastore-daemon/src/internal/updateplatform/systeminfo_utils.go:587.29,589.22 2 1
github.com/linuxdeepin/lastore-daemon/src/internal/updateplatform/systeminfo_utils.go:589.22,590.12 1 1
github.com/linuxdeepin/lastore-daemon/src/internal/updateplatform/systeminfo_utils.go:592.3,592.29 1 1
github.com/linuxdeepin/lastore-daemon/src/internal/updateplatform/systeminfo_utils.go:592.29,594.4 1 1
github.com/linuxdeepin/lastore-daemon/src/internal/updateplatform/systeminfo_utils.go:596.2,596.11 1 1
github.com/linuxdeepin/lastore-daemon/src/internal/updateplatform/systeminfo_utils.go:599.49,601.16 2 1
github.com/linuxdeepin/lastore-daemon/src/internal/updateplatform/systeminfo_utils.go:601.16,604.3 2 1
github.com/linuxdeepin/lastore-daemon/src/internal/updateplatform/systeminfo_utils.go:606.2,606.63 1 0
github.com/linuxdeepin/lastore-daemon/src/internal/updateplatform/upgrade_result_msg.go:62.33,65.16 3 1
github.com/linuxdeepin/lastore-daemon/src/internal/updateplatform/upgrade_result_msg.go:65.16,68.3 2 0
github.com/linuxdeepin/lastore-daemon/src/internal/updateplatform/upgrade_result_msg.go:69.2,70.16 2 1
github.com/linuxdeepin/lastore-daemon/src/internal/updateplatform/upgrade_result_msg.go:70.16,73.3 2 0
github.com/linuxdeepin/lastore-daemon/src/internal/updateplatform/upgrade_result_msg.go:76.50,78.16 2 1
github.com/linuxdeepin/lastore-daemon/src/internal/updateplatform/upgrade_result_msg.go:78.16,81.3 2 1
github.com/linuxdeepin/lastore-daemon/src/internal/updateplatform/upgrade_result_msg.go:82.2,83.16 2 1
github.com/linuxdeepin/lastore-daemon/src/internal/updateplatform/upgrade_result_msg.go:83.16,86.3 2 1
github.com/linuxdeepin/lastore-daemon/src/internal/updateplatform/upgrade_result_msg.go:87.2,87.12 1 1
github.com/linuxdeepin/lastore-daemon/src/internal/updateplatform/upgrade_result_msg.go:91.44,93.2 1 1
github.com/linuxdeepin/lastore-daemon/src/internal/updateplatform/upgrade_result_msg.go:95.69,97.31 2 1
github.com/linuxdeepin/lastore-daemon/src/internal/updateplatform/upgrade_result_msg.go:97.31,98.45 1 1
github.com/linuxdeepin/lastore-daemon/src/internal/updateplatform/upgrade_result_msg.go:98.45,100.4 1 0
github.com/linuxdeepin/lastore-daemon/src/internal/updateplatform/upgrade_result_msg.go:100.9,102.18 2 1
github.com/linuxdeepin/lastore-daemon/src/internal/updateplatform/upgrade_result_msg.go:102.18,104.5 1 0
github.com/linuxdeepin/lastore-daemon/src/internal/updateplatform/upgrade_result_msg.go:105.4,105.10 1 1
github.com/linuxdeepin/lastore-daemon/src/internal/updateplatform/upgrade_result_msg.go:108.2,109.10 2 1
github.com/linuxdeepin/lastore-daemon/src/internal/updateplatform/upgrade_result_msg.go:112.43,115.2 2 1
github.com/linuxdeepin/lastore-daemon/src/internal/updateplatform/upgrade_result_msg.go:117.70,120.16 3 1
github.com/linuxdeepin/lastore-daemon/src/internal/updateplatform/upgrade_result_msg.go:120.16,121.25 1 1
github.com/linuxdeepin/lastore-daemon/src/internal/updateplatform/upgrade_result_msg.go:121.25,123.4 1 1
github.com/linuxdeepin/lastore-daemon/src/internal/updateplatform/upgrade_result_msg.go:123.9,125.4 1 0
github.com/linuxdeepin/lastore-daemon/src/internal/updateplatform/upgrade_result_msg.go:126.3,126.9 1 1
github.com/linuxdeepin/lastore-daemon/src/internal/updateplatform/upgrade_result_msg.go:128.2,128.29 1 1
github.com/linuxdeepin/lastore-daemon/src/internal/updateplatform/upgrade_result_msg.go:128.29,131.17 3 1
github.com/linuxdeepin/lastore-daemon/src/internal/updateplatform/upgrade_result_msg.go:131.17,133.12 2 0
github.com/linuxdeepin/lastore-daemon/src/internal/updateplatform/upgrade_result_msg.go:135.3,135.40 1 1
github.com/linuxdeepin/lastore-daemon/src/internal/updateplatform/upgrade_result_msg.go:135.40,137.4 1 1
github.com/linuxdeepin/lastore-daemon/src/internal/updateplatform/upgrade_result_msg.go:139.2,139.8 1 1
github.com/linuxdeepin/lastore-daemon/src/lastore-smartmirror/main.go:22.13,23.23 1 0
github.com/linuxdeepin/lastore-daemon/src/lastore-smartmirror/main.go:23.23,26.3 2 0
github.com/linuxdeepin/lastore-daemon/src/lastore-smartmirror/main.go:28.2,34.16 6 0
github.com/linuxdeepin/lastore-daemon/src/lastore-smartmirror/main.go:34.16,37.3 2 0
github.com/linuxdeepin/lastore-daemon/src/lastore-smartmirror/main.go:38.2,40.16 3 0
github.com/linuxdeepin/lastore-daemon/src/lastore-smartmirror/main.go:40.16,43.3 2 0
github.com/linuxdeepin/lastore-daemon/src/lastore-smartmirror/main.go:45.2,45.25 1 0
github.com/linuxdeepin/lastore-daemon/src/lastore-smartmirror/main.go:45.25,48.3 2 0
github.com/linuxdeepin/lastore-daemon/src/lastore-smartmirror/main.go:50.2,50.19 1 0
github.com/linuxdeepin/lastore-daemon/src/lastore-smartmirror-daemon/config.go:22.38,25.16 3 1
github.com/linuxdeepin/lastore-daemon/src/lastore-smartmirror-daemon/config.go:25.16,27.3 1 0
github.com/linuxdeepin/lastore-daemon/src/lastore-smartmirror-daemon/config.go:28.2,29.11 2 1
github.com/linuxdeepin/lastore-daemon/src/lastore-smartmirror-daemon/config.go:32.47,35.2 2 1
github.com/linuxdeepin/lastore-daemon/src/lastore-smartmirror-daemon/config.go:37.31,38.69 1 1
github.com/linuxdeepin/lastore-daemon/src/lastore-smartmirror-daemon/config.go:38.69,40.3 1 0
github.com/linuxdeepin/lastore-daemon/src/lastore-smartmirror-daemon/config.go:41.2,41.41 1 1
github.com/linuxdeepin/lastore-daemon/src/lastore-smartmirror-daemon/exported_methods_auto.go:9.69,23.2 1 0
github.com/linuxdeepin/lastore-daemon/src/lastore-smartmirror-daemon/header.go:25.25,29.17 3 1
github.com/linuxdeepin/lastore-daemon/src/lastore-smartmirror-daemon/header.go:29.17,31.3 1 0
github.com/linuxdeepin/lastore-daemon/src/lastore-smartmirror-daemon/header.go:32.2,32.59 1 1
github.com/linuxdeepin/lastore-daemon/src/lastore-smartmirror-daemon/header.go:36.25,39.2 2 1
github.com/linuxdeepin/lastore-daemon/src/lastore-smartmirror-daemon/header.go:41.36,43.16 2 1
github.com/linuxdeepin/lastore-daemon/src/lastore-smartmirror-daemon/header.go:43.16,45.3 1 0
github.com/linuxdeepin/lastore-daemon/src/lastore-smartmirror-daemon/header.go:46.2,46.26 1 1
github.com/linuxdeepin/lastore-daemon/src/lastore-smartmirror-daemon/header.go:49.40,51.2 1 1
github.com/linuxdeepin/lastore-daemon/src/lastore-smartmirror-daemon/header.go:54.40,56.17 2 1
github.com/linuxdeepin/lastore-daemon/src/lastore-smartmirror-daemon/header.go:56.17,58.3 1 1
github.com/linuxdeepin/lastore-daemon/src/lastore-smartmirror-daemon/header.go:59.2,59.52 1 0
github.com/linuxdeepin/lastore-daemon/src/lastore-smartmirror-daemon/header.go:59.52,61.3 1 0
github.com/linuxdeepin/lastore-daemon/src/lastore-smartmirror-daemon/header.go:62.2,62.25 1 0
github.com/linuxdeepin/lastore-daemon/src/lastore-smartmirror-daemon/header.go:65.37,71.2 1 1
github.com/linuxdeepin/lastore-daemon/src/lastore-smartmirror-daemon/header.go:73.59,75.28 2 1
github.com/linuxdeepin/lastore-daemon/src/lastore-smartmirror-daemon/header.go:75.28,77.15 2 1
github.com/linuxdeepin/lastore-daemon/src/lastore-smartmirror-daemon/header.go:77.15,79.4 1 1
github.com/linuxdeepin/lastore-daemon/src/lastore-smartmirror-daemon/header.go:80.3,80.53 1 1
github.com/linuxdeepin/lastore-daemon/src/lastore-smartmirror-daemon/header.go:82.2,86.3 1 1
github.com/linuxdeepin/lastore-daemon/src/lastore-smartmirror-daemon/header.go:90.86,92.16 2 1
github.com/linuxdeepin/lastore-daemon/src/lastore-smartmirror-daemon/header.go:92.16,94.3 1 0
github.com/linuxdeepin/lastore-daemon/src/lastore-smartmirror-daemon/header.go:95.2,95.27 1 1
github.com/linuxdeepin/lastore-daemon/src/lastore-smartmirror-daemon/header.go:95.27,97.3 1 1
github.com/linuxdeepin/lastore-daemon/src/lastore-smartmirror-daemon/header.go:98.2,98.10 1 1
github.com/linuxdeepin/lastore-daemon/src/lastore-smartmirror-daemon/header.go:102.72,103.14 1 1
github.com/linuxdeepin/lastore-daemon/src/lastore-smartmirror-daemon/header.go:103.14,105.3 1 0
github.com/linuxdeepin/lastore-daemon/src/lastore-smartmirror-daemon/header.go:106.2,106.15 1 1
github.com/linuxdeepin/lastore-daemon/src/lastore-smartmirror-daemon/header.go:106.15,108.3 1 1
github.com/linuxdeepin/lastore-daemon/src/lastore-smartmirror-daemon/header.go:110.2,111.16 2 1
github.com/linuxdeepin/lastore-daemon/src/lastore-smartmirror-daemon/header.go:111.16,113.3 1 1
github.com/linuxdeepin/lastore-daemon/src/lastore-smartmirror-daemon/header.go:116.2,119.31 3 1
github.com/linuxdeepin/lastore-daemon/src/lastore-smartmirror-daemon/header.go:120.12,121.29 1 0
github.com/linuxdeepin/lastore-daemon/src/lastore-smartmirror-daemon/header.go:122.9,124.17 2 0
github.com/linuxdeepin/lastore-daemon/src/lastore-smartmirror-daemon/header.go:124.17,126.4 1 0
github.com/linuxdeepin/lastore-daemon/src/lastore-smartmirror-daemon/header.go:127.3,127.37 1 0
github.com/linuxdeepin/lastore-daemon/src/lastore-smartmirror-daemon/header.go:128.12,129.41 1 1
github.com/linuxdeepin/lastore-daemon/src/lastore-smartmirror-daemon/header.go:130.10,131.16 1 0
github.com/linuxdeepin/lastore-daemon/src/lastore-smartmirror-daemon/main.go:22.13,27.16 4 0
github.com/linuxdeepin/lastore-daemon/src/lastore-smartmirror-daemon/main.go:27.16,30.3 2 0
github.com/linuxdeepin/lastore-daemon/src/lastore-smartmirror-daemon/main.go:32.2,36.16 4 0
github.com/linuxdeepin/lastore-daemon/src/lastore-smartmirror-daemon/main.go:36.16,39.3 2 0
github.com/linuxdeepin/lastore-daemon/src/lastore-smartmirror-daemon/main.go:40.2,40.14 1 0
github.com/linuxdeepin/lastore-daemon/src/lastore-smartmirror-daemon/main.go:40.14,43.3 2 0
github.com/linuxdeepin/lastore-daemon/src/lastore-smartmirror-daemon/main.go:45.2,50.46 5 0
github.com/linuxdeepin/lastore-daemon/src/lastore-smartmirror-daemon/main.go:50.46,52.3 1 0
github.com/linuxdeepin/lastore-daemon/src/lastore-smartmirror-daemon/main.go:54.2,56.16 3 0
github.com/linuxdeepin/lastore-daemon/src/lastore-smartmirror-daemon/main.go:56.16,59.3 2 0
github.com/linuxdeepin/lastore-daemon/src/lastore-smartmirror-daemon/main.go:61.2,62.16 2 0
github.com/linuxdeepin/lastore-daemon/src/lastore-smartmirror-daemon/main.go:62.16,65.3 2 0
github.com/linuxdeepin/lastore-daemon/src/lastore-smartmirror-daemon/main.go:67.2,69.16 2 0
github.com/linuxdeepin/lastore-daemon/src/lastore-smartmirror-daemon/main.go:69.16,71.57 2 0
github.com/linuxdeepin/lastore-daemon/src/lastore-smartmirror-daemon/main.go:71.57,73.4 1 0
github.com/linuxdeepin/lastore-daemon/src/lastore-smartmirror-daemon/main.go:74.8,76.3 1 0
github.com/linuxdeepin/lastore-daemon/src/lastore-smartmirror-daemon/main.go:77.2,78.16 2 0
github.com/linuxdeepin/lastore-daemon/src/lastore-smartmirror-daemon/quality.go:33.34,35.2 1 1
github.com/linuxdeepin/lastore-daemon/src/lastore-smartmirror-daemon/quality.go:48.50,51.14 3 1
github.com/linuxdeepin/lastore-daemon/src/lastore-smartmirror-daemon/quality.go:51.14,53.3 1 1
github.com/linuxdeepin/lastore-daemon/src/lastore-smartmirror-daemon/quality.go:54.2,58.17 5 1
github.com/linuxdeepin/lastore-daemon/src/lastore-smartmirror-daemon/quality.go:61.61,63.8 2 1
github.com/linuxdeepin/lastore-daemon/src/lastore-smartmirror-daemon/quality.go:63.8,65.3 1 1
github.com/linuxdeepin/lastore-daemon/src/lastore-smartmirror-daemon/quality.go:66.2,69.30 2 0
github.com/linuxdeepin/lastore-daemon/src/lastore-smartmirror-daemon/quality.go:73.64,75.2 1 1
github.com/linuxdeepin/lastore-daemon/src/lastore-smartmirror-daemon/quality.go:79.81,89.29 7 1
github.com/linuxdeepin/lastore-daemon/src/lastore-smartmirror-daemon/quality.go:89.29,91.3 1 1
github.com/linuxdeepin/lastore-daemon/src/lastore-smartmirror-daemon/quality.go:92.2,92.35 1 1
github.com/linuxdeepin/lastore-daemon/src/lastore-smartmirror-daemon/quality.go:92.35,93.30 1 1
github.com/linuxdeepin/lastore-daemon/src/lastore-smartmirror-daemon/quality.go:93.30,94.12 1 1
github.com/linuxdeepin/lastore-daemon/src/lastore-smartmirror-daemon/quality.go:96.3,97.33 2 0
github.com/linuxdeepin/lastore-daemon/src/lastore-smartmirror-daemon/quality.go:97.33,98.9 1 0
github.com/linuxdeepin/lastore-daemon/src/lastore-smartmirror-daemon/quality.go:101.2,101.37 1 1
github.com/linuxdeepin/lastore-daemon/src/lastore-smartmirror-daemon/quality.go:101.37,103.3 1 1
github.com/linuxdeepin/lastore-daemon/src/lastore-smartmirror-daemon/quality.go:105.2,106.25 2 1
github.com/linuxdeepin/lastore-daemon/src/lastore-smartmirror-daemon/quality.go:109.85,112.29 3 1
github.com/linuxdeepin/lastore-daemon/src/lastore-smartmirror-daemon/quality.go:112.29,114.3 1 1
github.com/linuxdeepin/lastore-daemon/src/lastore-smartmirror-daemon/quality.go:115.2,115.30 1 1
github.com/linuxdeepin/lastore-daemon/src/lastore-smartmirror-daemon/quality.go:118.79,121.21 3 1
github.com/linuxdeepin/lastore-daemon/src/lastore-smartmirror-daemon/quality.go:121.21,123.3 1 0
github.com/linuxdeepin/lastore-daemon/src/lastore-smartmirror-daemon/quality.go:124.2,124.22 1 1
github.com/linuxdeepin/lastore-daemon/src/lastore-smartmirror-daemon/quality.go:129.68,133.2 3 1
github.com/linuxdeepin/lastore-daemon/src/lastore-smartmirror-daemon/quality.go:136.59,145.67 5 1
github.com/linuxdeepin/lastore-daemon/src/lastore-smartmirror-daemon/quality.go:145.67,147.3 1 0
github.com/linuxdeepin/lastore-daemon/src/lastore-smartmirror-daemon/quality.go:148.2,148.67 1 1
github.com/linuxdeepin/lastore-daemon/src/lastore-smartmirror-daemon/quality.go:148.67,150.3 1 1
github.com/linuxdeepin/lastore-daemon/src/lastore-smartmirror-daemon/quality.go:153.2,153.64 1 0
github.com/linuxdeepin/lastore-daemon/src/lastore-smartmirror-daemon/quality.go:153.64,155.3 1 0
github.com/linuxdeepin/lastore-daemon/src/lastore-smartmirror-daemon/quality.go:156.2,156.14 1 0
github.com/linuxdeepin/lastore-daemon/src/lastore-smartmirror-daemon/quality.go:159.96,160.31 1 1
github.com/linuxdeepin/lastore-daemon/src/lastore-smartmirror-daemon/quality.go:160.31,162.3 1 1
github.com/linuxdeepin/lastore-daemon/src/lastore-smartmirror-daemon/quality.go:164.2,167.85 4 1
github.com/linuxdeepin/lastore-daemon/src/lastore-smartmirror-daemon/quality.go:171.87,174.38 2 1
github.com/linuxdeepin/lastore-daemon/src/lastore-smartmirror-daemon/quality.go:174.38,175.33 1 1
github.com/linuxdeepin/lastore-daemon/src/lastore-smartmirror-daemon/quality.go:175.33,178.4 2 1
github.com/linuxdeepin/lastore-daemon/src/lastore-smartmirror-daemon/quality.go:178.9,181.4 2 1
github.com/linuxdeepin/lastore-daemon/src/lastore-smartmirror-daemon/quality.go:184.2,184.20 1 1
github.com/linuxdeepin/lastore-daemon/src/lastore-smartmirror-daemon/quality.go:184.20,187.3 2 1
github.com/linuxdeepin/lastore-daemon/src/lastore-smartmirror-daemon/quality.go:188.2,188.21 1 1
github.com/linuxdeepin/lastore-daemon/src/lastore-smartmirror-daemon/quality.go:188.21,191.3 2 1
github.com/linuxdeepin/lastore-daemon/src/lastore-smartmirror-daemon/quality.go:192.2,192.18 1 1
github.com/linuxdeepin/lastore-daemon/src/lastore-smartmirror-daemon/smartmirror.go:42.49,44.2 1 0
github.com/linuxdeepin/lastore-daemon/src/lastore-smartmirror-daemon/smartmirror.go:47.61,62.16 4 1
github.com/linuxdeepin/lastore-daemon/src/lastore-smartmirror-daemon/smartmirror.go:62.16,64.3 1 0
github.com/linuxdeepin/lastore-daemon/src/lastore-smartmirror-daemon/smartmirror.go:66.2,67.16 2 1
github.com/linuxdeepin/lastore-daemon/src/lastore-smartmirror-daemon/smartmirror.go:67.16,69.3 1 0
github.com/linuxdeepin/lastore-daemon/src/lastore-smartmirror-daemon/smartmirror.go:71.2,71.35 1 1
github.com/linuxdeepin/lastore-daemon/src/lastore-smartmirror-daemon/smartmirror.go:71.35,74.3 2 1
github.com/linuxdeepin/lastore-daemon/src/lastore-smartmirror-daemon/smartmirror.go:76.2,76.12 1 1
github.com/linuxdeepin/lastore-daemon/src/lastore-smartmirror-daemon/smartmirror.go:76.12,77.54 1 1
github.com/linuxdeepin/lastore-daemon/src/lastore-smartmirror-daemon/smartmirror.go:77.54,78.33 1 1
github.com/linuxdeepin/lastore-daemon/src/lastore-smartmirror-daemon/smartmirror.go:78.33,81.5 2 1
github.com/linuxdeepin/lastore-daemon/src/lastore-smartmirror-daemon/smartmirror.go:82.4,83.69 2 1
github.com/linuxdeepin/lastore-daemon/src/lastore-smartmirror-daemon/smartmirror.go:83.69,85.5 1 0
github.com/linuxdeepin/lastore-daemon/src/lastore-smartmirror-daemon/smartmirror.go:86.4,86.80 1 1
github.com/linuxdeepin/lastore-daemon/src/lastore-smartmirror-daemon/smartmirror.go:86.80,88.5 1 0
github.com/linuxdeepin/lastore-daemon/src/lastore-smartmirror-daemon/smartmirror.go:91.2,91.10 1 1
github.com/linuxdeepin/lastore-daemon/src/lastore-smartmirror-daemon/smartmirror.go:95.58,101.16 5 0
github.com/linuxdeepin/lastore-daemon/src/lastore-smartmirror-daemon/smartmirror.go:101.16,104.3 2 0
github.com/linuxdeepin/lastore-daemon/src/lastore-smartmirror-daemon/smartmirror.go:106.2,106.13 1 0
github.com/linuxdeepin/lastore-daemon/src/lastore-smartmirror-daemon/smartmirror.go:106.13,108.17 2 0
github.com/linuxdeepin/lastore-daemon/src/lastore-smartmirror-daemon/smartmirror.go:108.17,110.4 1 0
github.com/linuxdeepin/lastore-daemon/src/lastore-smartmirror-daemon/smartmirror.go:112.2,112.12 1 0
github.com/linuxdeepin/lastore-daemon/src/lastore-smartmirror-daemon/smartmirror.go:116.107,118.45 1 0
github.com/linuxdeepin/lastore-daemon/src/lastore-smartmirror-daemon/smartmirror.go:118.45,120.3 1 0
github.com/linuxdeepin/lastore-daemon/src/lastore-smartmirror-daemon/smartmirror.go:121.2,121.41 1 0
github.com/linuxdeepin/lastore-daemon/src/lastore-smartmirror-daemon/smartmirror.go:121.41,123.3 1 0
github.com/linuxdeepin/lastore-daemon/src/lastore-smartmirror-daemon/smartmirror.go:124.2,126.15 3 0
github.com/linuxdeepin/lastore-daemon/src/lastore-smartmirror-daemon/smartmirror.go:126.15,128.29 2 0
github.com/linuxdeepin/lastore-daemon/src/lastore-smartmirror-daemon/smartmirror.go:128.29,130.4 1 0
github.com/linuxdeepin/lastore-daemon/src/lastore-smartmirror-daemon/smartmirror.go:131.3,131.21 1 0
github.com/linuxdeepin/lastore-daemon/src/lastore-smartmirror-daemon/smartmirror.go:133.2,134.20 2 0
github.com/linuxdeepin/lastore-daemon/src/lastore-smartmirror-daemon/smartmirror.go:137.38,140.2 2 0
github.com/linuxdeepin/lastore-daemon/src/lastore-smartmirror-daemon/smartmirror.go:143.69,144.66 1 0
github.com/linuxdeepin/lastore-daemon/src/lastore-smartmirror-daemon/smartmirror.go:144.66,147.3 1 0
github.com/linuxdeepin/lastore-daemon/src/lastore-smartmirror-daemon/smartmirror.go:149.2,149.50 1 0
github.com/linuxdeepin/lastore-daemon/src/lastore-smartmirror-daemon/smartmirror.go:149.50,151.3 1 0
github.com/linuxdeepin/lastore-daemon/src/lastore-smartmirror-daemon/smartmirror.go:153.2,153.42 1 0
github.com/linuxdeepin/lastore-daemon/src/lastore-smartmirror-daemon/smartmirror.go:153.42,155.3 1 0
github.com/linuxdeepin/lastore-daemon/src/lastore-smartmirror-daemon/smartmirror.go:155.8,155.92 1 0
github.com/linuxdeepin/lastore-daemon/src/lastore-smartmirror-daemon/smartmirror.go:155.92,159.3 2 0
github.com/linuxdeepin/lastore-daemon/src/lastore-smartmirror-daemon/smartmirror.go:159.8,159.93 1 0
github.com/linuxdeepin/lastore-daemon/src/lastore-smartmirror-daemon/smartmirror.go:159.93,161.3 1 0
github.com/linuxdeepin/lastore-daemon/src/lastore-smartmirror-daemon/smartmirror.go:162.2,162.17 1 0
github.com/linuxdeepin/lastore-daemon/src/lastore-smartmirror-daemon/smartmirror.go:166.74,173.27 5 1
github.com/linuxdeepin/lastore-daemon/src/lastore-smartmirror-daemon/smartmirror.go:173.27,175.3 1 0
github.com/linuxdeepin/lastore-daemon/src/lastore-smartmirror-daemon/smartmirror.go:177.2,177.41 1 1
github.com/linuxdeepin/lastore-daemon/src/lastore-smartmirror-daemon/smartmirror.go:177.41,179.26 2 1
github.com/linuxdeepin/lastore-daemon/src/lastore-smartmirror-daemon/smartmirror.go:179.26,191.4 5 1
github.com/linuxdeepin/lastore-daemon/src/lastore-smartmirror-daemon/smartmirror.go:194.2,194.12 1 1
github.com/linuxdeepin/lastore-daemon/src/lastore-smartmirror-daemon/smartmirror.go:194.12,199.7 5 1
github.com/linuxdeepin/lastore-daemon/src/lastore-smartmirror-daemon/smartmirror.go:199.7,202.26 3 1
github.com/linuxdeepin/lastore-daemon/src/lastore-smartmirror-daemon/smartmirror.go:202.26,205.5 2 1
github.com/linuxdeepin/lastore-daemon/src/lastore-smartmirror-daemon/smartmirror.go:206.4,207.33 2 1
github.com/linuxdeepin/lastore-daemon/src/lastore-smartmirror-daemon/smartmirror.go:207.33,209.5 1 1
github.com/linuxdeepin/lastore-daemon/src/lastore-smartmirror-daemon/smartmirror.go:211.4,211.11 1 1
github.com/linuxdeepin/lastore-daemon/src/lastore-smartmirror-daemon/smartmirror.go:211.11,212.10 1 1
github.com/linuxdeepin/lastore-daemon/src/lastore-smartmirror-daemon/smartmirror.go:215.3,215.12 1 1
github.com/linuxdeepin/lastore-daemon/src/lastore-smartmirror-daemon/smartmirror.go:215.12,220.4 1 0
github.com/linuxdeepin/lastore-daemon/src/lastore-smartmirror-daemon/smartmirror.go:222.3,224.32 3 1
github.com/linuxdeepin/lastore-daemon/src/lastore-smartmirror-daemon/smartmirror.go:224.32,225.14 1 1
github.com/linuxdeepin/lastore-daemon/src/lastore-smartmirror-daemon/smartmirror.go:225.14,227.5 1 1
github.com/linuxdeepin/lastore-daemon/src/lastore-smartmirror-daemon/smartmirror.go:227.10,229.5 1 1
github.com/linuxdeepin/lastore-daemon/src/lastore-smartmirror-daemon/smartmirror.go:232.3,236.22 5 1
github.com/linuxdeepin/lastore-daemon/src/lastore-smartmirror-daemon/smartmirror.go:239.2,241.17 3 1
github.com/linuxdeepin/lastore-daemon/src/lastore-smartmirror-daemon/smartmirror.go:241.17,243.3 1 1
github.com/linuxdeepin/lastore-daemon/src/lastore-smartmirror-daemon/smartmirror.go:245.2,246.17 2 0
github.com/linuxdeepin/lastore-daemon/src/lastore-update-tools/config/core.go:21.52,23.41 1 1
github.com/linuxdeepin/lastore-daemon/src/lastore-update-tools/config/core.go:23.41,25.3 1 1
github.com/linuxdeepin/lastore-daemon/src/lastore-update-tools/config/core.go:26.2,27.16 2 1
github.com/linuxdeepin/lastore-daemon/src/lastore-update-tools/config/core.go:27.16,29.3 1 0
github.com/linuxdeepin/lastore-daemon/src/lastore-update-tools/config/core.go:30.2,30.52 1 1
github.com/linuxdeepin/lastore-daemon/src/lastore-update-tools/config/core.go:30.52,32.3 1 0
github.com/linuxdeepin/lastore-daemon/src/lastore-update-tools/config/core.go:33.2,33.12 1 1
github.com/linuxdeepin/lastore-daemon/src/lastore-update-tools/config/core.go:36.52,40.16 2 1
github.com/linuxdeepin/lastore-daemon/src/lastore-update-tools/config/core.go:40.16,42.3 1 0
github.com/linuxdeepin/lastore-daemon/src/lastore-update-tools/config/core.go:43.2,44.16 2 1
github.com/linuxdeepin/lastore-daemon/src/lastore-update-tools/config/core.go:44.16,46.3 1 0
github.com/linuxdeepin/lastore-daemon/src/lastore-update-tools/config/core.go:48.2,48.12 1 1
github.com/linuxdeepin/lastore-daemon/src/lastore-update-tools/config/core.go:51.70,54.50 2 1
github.com/linuxdeepin/lastore-daemon/src/lastore-update-tools/config/core.go:54.50,56.57 1 1
github.com/linuxdeepin/lastore-daemon/src/lastore-update-tools/config/core.go:56.57,58.4 1 0
github.com/linuxdeepin/lastore-daemon/src/lastore-update-tools/config/core.go:60.2,61.16 2 1
github.com/linuxdeepin/lastore-daemon/src/lastore-update-tools/config/core.go:61.16,63.3 1 0
github.com/linuxdeepin/lastore-daemon/src/lastore-update-tools/config/core.go:65.2,65.58 1 1
github.com/linuxdeepin/lastore-daemon/src/lastore-update-tools/config/core.go:65.58,67.3 1 0
github.com/linuxdeepin/lastore-daemon/src/lastore-update-tools/config/core.go:69.2,69.12 1 1
github.com/linuxdeepin/lastore-daemon/src/lastore-update-tools/config/core.go:72.70,77.16 2 1
github.com/linuxdeepin/lastore-daemon/src/lastore-update-tools/config/core.go:77.16,79.3 1 0
github.com/linuxdeepin/lastore-daemon/src/lastore-update-tools/config/core.go:80.2,81.16 2 1
github.com/linuxdeepin/lastore-daemon/src/lastore-update-tools/config/core.go:81.16,83.3 1 0
github.com/linuxdeepin/lastore-daemon/src/lastore-update-tools/config/core.go:85.2,85.12 1 1
github.com/linuxdeepin/lastore-daemon/src/lastore-update-tools/config/core.go:89.86,90.43 1 1
github.com/linuxdeepin/lastore-daemon/src/lastore-update-tools/config/core.go:90.43,92.3 1 0
github.com/linuxdeepin/lastore-daemon/src/lastore-update-tools/config/core.go:93.2,93.49 1 1
github.com/linuxdeepin/lastore-daemon/src/lastore-update-tools/config/core.go:93.49,95.3 1 0
github.com/linuxdeepin/lastore-daemon/src/lastore-update-tools/config/core.go:96.2,96.12 1 1
github.com/linuxdeepin/lastore-daemon/src/lastore-update-tools/cli/check.go:22.26,24.16 2 0
github.com/linuxdeepin/lastore-daemon/src/lastore-update-tools/cli/check.go:24.16,27.3 2 0
github.com/linuxdeepin/lastore-daemon/src/lastore-update-tools/cli/check.go:29.2,30.66 2 0
github.com/linuxdeepin/lastore-daemon/src/lastore-update-tools/cli/check.go:30.66,38.3 3 0
github.com/linuxdeepin/lastore-daemon/src/lastore-update-tools/cli/check.go:39.2,40.12 2 0
github.com/linuxdeepin/lastore-daemon/src/lastore-update-tools/cli/check.go:44.49,45.22 1 0
github.com/linuxdeepin/lastore-daemon/src/lastore-update-tools/cli/check.go:45.22,52.3 2 0
github.com/linuxdeepin/lastore-daemon/src/lastore-update-tools/cli/check.go:53.2,54.16 2 0
github.com/linuxdeepin/lastore-daemon/src/lastore-update-tools/cli/check.go:54.16,57.3 2 0
github.com/linuxdeepin/lastore-daemon/src/lastore-update-tools/cli/check.go:59.2,59.20 1 0
github.com/linuxdeepin/lastore-daemon/src/lastore-update-tools/cli/check.go:62.29,63.65 1 0
github.com/linuxdeepin/lastore-daemon/src/lastore-update-tools/cli/check.go:63.65,69.3 1 0
github.com/linuxdeepin/lastore-daemon/src/lastore-update-tools/cli/check.go:70.2,70.12 1 0
github.com/linuxdeepin/lastore-daemon/src/lastore-update-tools/cli/check.go:73.30,74.66 1 0
github.com/linuxdeepin/lastore-daemon/src/lastore-update-tools/cli/check.go:74.66,80.3 1 0
github.com/linuxdeepin/lastore-daemon/src/lastore-update-tools/cli/check.go:81.2,81.12 1 0
github.com/linuxdeepin/lastore-daemon/src/lastore-update-tools/cli/check.go:84.31,85.67 1 0
github.com/linuxdeepin/lastore-daemon/src/lastore-update-tools/cli/check.go:85.67,91.3 1 0
github.com/linuxdeepin/lastore-daemon/src/lastore-update-tools/cli/check.go:92.2,92.12 1 0
github.com/linuxdeepin/lastore-daemon/src/lastore-update-tools/cli/check.go:95.32,96.68 1 0
github.com/linuxdeepin/lastore-daemon/src/lastore-update-tools/cli/check.go:96.68,102.3 1 0
github.com/linuxdeepin/lastore-daemon/src/lastore-update-tools/cli/check.go:103.2,103.12 1 0
github.com/linuxdeepin/lastore-daemon/src/lastore-update-tools/cli/check.go:106.29,107.65 1 0
github.com/linuxdeepin/lastore-daemon/src/lastore-update-tools/cli/check.go:107.65,113.3 1 0
github.com/linuxdeepin/lastore-daemon/src/lastore-update-tools/cli/check.go:114.2,114.12 1 0
github.com/linuxdeepin/lastore-daemon/src/lastore-update-tools/cli/check.go:117.30,118.66 1 0
github.com/linuxdeepin/lastore-daemon/src/lastore-update-tools/cli/check.go:118.66,124.3 1 0
github.com/linuxdeepin/lastore-daemon/src/lastore-update-tools/cli/check.go:125.2,125.12 1 0
github.com/linuxdeepin/lastore-daemon/src/lastore-update-tools/cli/check.go:129.30,131.2 1 0
github.com/linuxdeepin/lastore-daemon/src/lastore-update-tools/cli/check.go:134.30,136.2 1 0
github.com/linuxdeepin/lastore-daemon/src/lastore-update-tools/cli/check.go:139.31,141.2 1 0
github.com/linuxdeepin/lastore-daemon/src/lastore-update-tools/cli/check.go:143.30,150.66 3 0
github.com/linuxdeepin/lastore-daemon/src/lastore-update-tools/cli/check.go:150.66,157.3 2 0
github.com/linuxdeepin/lastore-daemon/src/lastore-update-tools/cli/check.go:159.2,161.57 2 0
github.com/linuxdeepin/lastore-daemon/src/lastore-update-tools/cli/check.go:161.57,165.3 3 0
github.com/linuxdeepin/lastore-daemon/src/lastore-update-tools/cli/check.go:168.2,168.68 1 0
github.com/linuxdeepin/lastore-daemon/src/lastore-update-tools/cli/check.go:168.68,169.67 1 0
github.com/linuxdeepin/lastore-daemon/src/lastore-update-tools/cli/check.go:169.67,176.4 2 0
github.com/linuxdeepin/lastore-daemon/src/lastore-update-tools/cli/check.go:179.2,182.53 2 0
github.com/linuxdeepin/lastore-daemon/src/lastore-update-tools/cli/check.go:182.53,187.3 4 0
github.com/linuxdeepin/lastore-daemon/src/lastore-update-tools/cli/check.go:189.2,193.57 3 0
github.com/linuxdeepin/lastore-daemon/src/lastore-update-tools/cli/check.go:193.57,197.3 2 0
github.com/linuxdeepin/lastore-daemon/src/lastore-update-tools/cli/check.go:200.2,200.66 1 0
github.com/linuxdeepin/lastore-daemon/src/lastore-update-tools/cli/check.go:200.66,203.3 2 0
github.com/linuxdeepin/lastore-daemon/src/lastore-update-tools/cli/check.go:205.2,207.12 3 0
github.com/linuxdeepin/lastore-daemon/src/lastore-update-tools/cli/check.go:210.30,219.53 4 0
github.com/linuxdeepin/lastore-daemon/src/lastore-update-tools/cli/check.go:219.53,224.3 4 0
github.com/linuxdeepin/lastore-daemon/src/lastore-update-tools/cli/check.go:226.2,229.51 2 0
github.com/linuxdeepin/lastore-daemon/src/lastore-update-tools/cli/check.go:229.51,234.3 4 0
github.com/linuxdeepin/lastore-daemon/src/lastore-update-tools/cli/check.go:236.2,239.63 2 0
github.com/linuxdeepin/lastore-daemon/src/lastore-update-tools/cli/check.go:239.63,243.3 3 0
github.com/linuxdeepin/lastore-daemon/src/lastore-update-tools/cli/check.go:246.2,246.64 1 0
github.com/linuxdeepin/lastore-daemon/src/lastore-update-tools/cli/check.go:246.64,249.3 2 0
github.com/linuxdeepin/lastore-daemon/src/lastore-update-tools/cli/check.go:252.2,252.66 1 0
github.com/linuxdeepin/lastore-daemon/src/lastore-update-tools/cli/check.go:252.66,260.3 3 0
github.com/linuxdeepin/lastore-daemon/src/lastore-update-tools/cli/check.go:261.2,262.12 2 0
github.com/linuxdeepin/lastore-daemon/src/lastore-update-tools/cli/check.go:265.47,266.21 1 0
github.com/linuxdeepin/lastore-daemon/src/lastore-update-tools/cli/check.go:266.21,268.3 1 0
github.com/linuxdeepin/lastore-daemon/src/lastore-update-tools/cli/check.go:268.8,270.3 1 0
github.com/linuxdeepin/lastore-daemon/src/lastore-update-tools/cli/check.go:273.31,275.21 2 0
github.com/linuxdeepin/lastore-daemon/src/lastore-update-tools/cli/check.go:275.21,277.3 1 0
github.com/linuxdeepin/lastore-daemon/src/lastore-update-tools/cli/check.go:279.2,283.34 3 0
github.com/linuxdeepin/lastore-daemon/src/lastore-update-tools/cli/check.go:286.45,290.59 1 0
github.com/linuxdeepin/lastore-daemon/src/lastore-update-tools/cli/check.go:290.59,294.3 3 0
github.com/linuxdeepin/lastore-daemon/src/lastore-update-tools/cli/check.go:297.2,297.27 1 0
github.com/linuxdeepin/lastore-daemon/src/lastore-update-tools/cli/check.go:297.27,298.68 1 0
github.com/linuxdeepin/lastore-daemon/src/lastore-update-tools/cli/check.go:298.68,306.4 3 0
github.com/linuxdeepin/lastore-daemon/src/lastore-update-tools/cli/check.go:308.2,310.12 3 0
github.com/linuxdeepin/lastore-daemon/src/lastore-update-tools/cli/root.go:31.32,33.2 1 1
github.com/linuxdeepin/lastore-daemon/src/lastore-update-tools/cli/root.go:35.27,38.60 3 0
github.com/linuxdeepin/lastore-daemon/src/lastore-update-tools/cli/root.go:38.60,45.3 2 0
github.com/linuxdeepin/lastore-daemon/src/lastore-update-tools/cli/root.go:47.2,49.32 2 0
github.com/linuxdeepin/lastore-daemon/src/lastore-update-tools/cli/root.go:49.32,56.3 2 0
github.com/linuxdeepin/lastore-daemon/src/lastore-update-tools/cli/root.go:58.2,58.69 1 0
github.com/linuxdeepin/lastore-daemon/src/lastore-update-tools/cli/root.go:58.69,65.3 2 0
github.com/linuxdeepin/lastore-daemon/src/lastore-update-tools/cli/root.go:67.2,68.32 2 0
github.com/linuxdeepin/lastore-daemon/src/lastore-update-tools/cli/root.go:68.32,70.75 2 0
github.com/linuxdeepin/lastore-daemon/src/lastore-update-tools/cli/root.go:70.75,77.4 2 0
github.com/linuxdeepin/lastore-daemon/src/lastore-update-tools/cli/root.go:79.3,83.32 5 0
github.com/linuxdeepin/lastore-daemon/src/lastore-update-tools/cli/root.go:86.2,86.23 1 0
github.com/linuxdeepin/lastore-daemon/src/lastore-update-tools/cli/root.go:86.23,88.3 1 0
github.com/linuxdeepin/lastore-daemon/src/lastore-update-tools/cli/root.go:89.2,89.12 1 0
github.com/linuxdeepin/lastore-daemon/src/lastore-tools/category.go:13.54,15.2 1 1
github.com/linuxdeepin/lastore-daemon/src/lastore-tools/category.go:18.49,21.2 2 1
github.com/linuxdeepin/lastore-daemon/src/lastore-tools/category.go:24.67,27.24 2 1
github.com/linuxdeepin/lastore-daemon/src/lastore-tools/category.go:27.24,36.44 3 1
github.com/linuxdeepin/lastore-daemon/src/lastore-tools/category.go:36.44,39.4 2 1
github.com/linuxdeepin/lastore-daemon/src/lastore-tools/category.go:41.3,41.34 1 1
github.com/linuxdeepin/lastore-daemon/src/lastore-tools/category.go:44.2,44.31 1 1
github.com/linuxdeepin/lastore-daemon/src/lastore-tools/category.go:49.53,53.16 3 0
github.com/linuxdeepin/lastore-daemon/src/lastore-tools/category.go:53.16,55.3 1 0
github.com/linuxdeepin/lastore-daemon/src/lastore-tools/category.go:57.2,58.16 2 0
github.com/linuxdeepin/lastore-daemon/src/lastore-tools/category.go:58.16,60.3 1 0
github.com/linuxdeepin/lastore-daemon/src/lastore-tools/category.go:62.2,62.12 1 0
github.com/linuxdeepin/lastore-daemon/src/lastore-tools/check_policy.go:32.60,39.16 5 0
github.com/linuxdeepin/lastore-daemon/src/lastore-tools/check_policy.go:39.16,41.3 1 0
github.com/linuxdeepin/lastore-daemon/src/lastore-tools/check_policy.go:42.2,43.27 2 0
github.com/linuxdeepin/lastore-daemon/src/lastore-tools/check_policy.go:47.44,55.16 7 0
github.com/linuxdeepin/lastore-daemon/src/lastore-tools/check_policy.go:55.16,57.3 1 0
github.com/linuxdeepin/lastore-daemon/src/lastore-tools/check_policy.go:57.8,60.7 3 0
github.com/linuxdeepin/lastore-daemon/src/lastore-tools/check_policy.go:60.7,63.21 3 0
github.com/linuxdeepin/lastore-daemon/src/lastore-tools/check_policy.go:63.21,64.10 1 0
github.com/linuxdeepin/lastore-daemon/src/lastore-tools/check_policy.go:66.4,69.21 4 0
github.com/linuxdeepin/lastore-daemon/src/lastore-tools/check_policy.go:69.21,70.10 1 0
github.com/linuxdeepin/lastore-daemon/src/lastore-tools/check_policy.go:72.4,74.9 3 0
github.com/linuxdeepin/lastore-daemon/src/lastore-tools/check_policy.go:77.2,79.16 3 0
github.com/linuxdeepin/lastore-daemon/src/lastore-tools/check_policy.go:79.16,82.3 2 0
github.com/linuxdeepin/lastore-daemon/src/lastore-tools/check_policy.go:83.2,83.15 1 0
github.com/linuxdeepin/lastore-daemon/src/lastore-tools/check_policy.go:83.15,85.3 1 0
github.com/linuxdeepin/lastore-daemon/src/lastore-tools/check_policy.go:86.2,87.16 2 0
github.com/linuxdeepin/lastore-daemon/src/lastore-tools/check_policy.go:87.16,90.3 2 0
github.com/linuxdeepin/lastore-daemon/src/lastore-tools/check_policy.go:91.2,92.32 2 0
github.com/linuxdeepin/lastore-daemon/src/lastore-tools/check_policy.go:92.32,96.23 4 0
github.com/linuxdeepin/lastore-daemon/src/lastore-tools/check_policy.go:96.23,98.18 2 0
github.com/linuxdeepin/lastore-daemon/src/lastore-tools/check_policy.go:98.18,104.5 5 0
github.com/linuxdeepin/lastore-daemon/src/lastore-tools/check_policy.go:105.4,106.18 2 0
github.com/linuxdeepin/lastore-daemon/src/lastore-tools/check_policy.go:106.18,109.19 2 0
github.com/linuxdeepin/lastore-daemon/src/lastore-tools/check_policy.go:109.19,111.6 1 0
github.com/linuxdeepin/lastore-daemon/src/lastore-tools/check_policy.go:116.2,116.12 1 0
github.com/linuxdeepin/lastore-daemon/src/lastore-tools/deprecated.go:24.41,34.23 3 1
github.com/linuxdeepin/lastore-daemon/src/lastore-tools/deprecated.go:34.23,36.3 1 1
github.com/linuxdeepin/lastore-daemon/src/lastore-tools/deprecated.go:37.2,38.69 2 1
github.com/linuxdeepin/lastore-daemon/src/lastore-tools/deprecated.go:38.69,40.3 1 1
github.com/linuxdeepin/lastore-daemon/src/lastore-tools/deprecated.go:41.2,42.35 2 1
github.com/linuxdeepin/lastore-daemon/src/lastore-tools/deprecated.go:42.35,44.3 1 1
github.com/linuxdeepin/lastore-daemon/src/lastore-tools/deprecated.go:45.2,45.10 1 1
github.com/linuxdeepin/lastore-daemon/src/lastore-tools/deprecated.go:48.46,50.27 2 1
github.com/linuxdeepin/lastore-daemon/src/lastore-tools/deprecated.go:50.27,52.17 2 1
github.com/linuxdeepin/lastore-daemon/src/lastore-tools/deprecated.go:52.17,53.12 1 1
github.com/linuxdeepin/lastore-daemon/src/lastore-tools/deprecated.go:55.3,55.27 1 1
github.com/linuxdeepin/lastore-daemon/src/lastore-tools/deprecated.go:55.27,57.43 2 1
github.com/linuxdeepin/lastore-daemon/src/lastore-tools/deprecated.go:57.43,59.5 1 1
github.com/linuxdeepin/lastore-daemon/src/lastore-tools/deprecated.go:62.2,62.10 1 1
github.com/linuxdeepin/lastore-daemon/src/lastore-tools/deprecated.go:69.51,71.16 2 0
github.com/linuxdeepin/lastore-daemon/src/lastore-tools/deprecated.go:71.16,73.3 1 0
github.com/linuxdeepin/lastore-daemon/src/lastore-tools/deprecated.go:75.2,79.74 3 0
github.com/linuxdeepin/lastore-daemon/src/lastore-tools/deprecated.go:79.74,81.3 1 0
github.com/linuxdeepin/lastore-daemon/src/lastore-tools/deprecated.go:82.2,82.69 1 0
github.com/linuxdeepin/lastore-daemon/src/lastore-tools/deprecated.go:82.69,84.3 1 0
github.com/linuxdeepin/lastore-daemon/src/lastore-tools/deprecated.go:86.2,86.47 1 0
github.com/linuxdeepin/lastore-daemon/src/lastore-tools/deprecated.go:86.47,87.23 1 0
github.com/linuxdeepin/lastore-daemon/src/lastore-tools/deprecated.go:87.23,89.4 1 0
github.com/linuxdeepin/lastore-daemon/src/lastore-tools/deprecated.go:90.8,92.3 1 0
github.com/linuxdeepin/lastore-daemon/src/lastore-tools/deprecated.go:93.2,96.67 3 0
github.com/linuxdeepin/lastore-daemon/src/lastore-tools/deprecated.go:96.67,98.18 2 0
github.com/linuxdeepin/lastore-daemon/src/lastore-tools/deprecated.go:98.18,99.12 1 0
github.com/linuxdeepin/lastore-daemon/src/lastore-tools/deprecated.go:101.3,102.37 2 0
github.com/linuxdeepin/lastore-daemon/src/lastore-tools/deprecated.go:105.2,108.12 3 0
github.com/linuxdeepin/lastore-daemon/src/lastore-tools/deprecated.go:115.83,118.16 2 1
github.com/linuxdeepin/lastore-daemon/src/lastore-tools/deprecated.go:118.16,121.3 2 1
github.com/linuxdeepin/lastore-daemon/src/lastore-tools/deprecated.go:122.2,122.15 1 1
github.com/linuxdeepin/lastore-daemon/src/lastore-tools/deprecated.go:122.15,124.3 1 1
github.com/linuxdeepin/lastore-daemon/src/lastore-tools/deprecated.go:126.2,131.17 4 1
github.com/linuxdeepin/lastore-daemon/src/lastore-tools/deprecated.go:131.17,134.19 3 1
github.com/linuxdeepin/lastore-daemon/src/lastore-tools/deprecated.go:134.19,136.4 1 1
github.com/linuxdeepin/lastore-daemon/src/lastore-tools/deprecated.go:137.3,138.19 2 1
github.com/linuxdeepin/lastore-daemon/src/lastore-tools/deprecated.go:138.19,140.4 1 1
github.com/linuxdeepin/lastore-daemon/src/lastore-tools/deprecated.go:141.3,141.31 1 1
github.com/linuxdeepin/lastore-daemon/src/lastore-tools/deprecated.go:141.31,142.9 1 1
github.com/linuxdeepin/lastore-daemon/src/lastore-tools/deprecated.go:146.2,147.15 2 1
github.com/linuxdeepin/lastore-daemon/src/lastore-tools/deprecated.go:147.15,149.3 1 1
github.com/linuxdeepin/lastore-daemon/src/lastore-tools/deprecated.go:150.2,156.14 2 1
github.com/linuxdeepin/lastore-daemon/src/lastore-tools/deprecated.go:159.56,162.16 2 1
github.com/linuxdeepin/lastore-daemon/src/lastore-tools/deprecated.go:162.16,165.3 2 1
github.com/linuxdeepin/lastore-daemon/src/lastore-tools/deprecated.go:166.2,166.15 1 1
github.com/linuxdeepin/lastore-daemon/src/lastore-tools/deprecated.go:166.15,168.3 1 1
github.com/linuxdeepin/lastore-daemon/src/lastore-tools/deprecated.go:170.2,174.17 4 1
github.com/linuxdeepin/lastore-daemon/src/lastore-tools/deprecated.go:174.17,177.42 3 1
github.com/linuxdeepin/lastore-daemon/src/lastore-tools/deprecated.go:177.42,179.4 1 1
github.com/linuxdeepin/lastore-daemon/src/lastore-tools/deprecated.go:181.2,181.10 1 1
github.com/linuxdeepin/lastore-daemon/src/lastore-tools/deprecated.go:184.41,185.20 1 1
github.com/linuxdeepin/lastore-daemon/src/lastore-tools/deprecated.go:185.20,187.3 1 1
github.com/linuxdeepin/lastore-daemon/src/lastore-tools/deprecated.go:188.2,191.18 3 1
github.com/linuxdeepin/lastore-daemon/src/lastore-tools/deprecated.go:191.18,193.3 1 1
github.com/linuxdeepin/lastore-daemon/src/lastore-tools/deprecated.go:194.2,194.13 1 0
github.com/linuxdeepin/lastore-daemon/src/lastore-tools/deprecated.go:200.64,205.16 4 0
github.com/linuxdeepin/lastore-daemon/src/lastore-tools/deprecated.go:205.16,208.3 2 0
github.com/linuxdeepin/lastore-daemon/src/lastore-tools/deprecated.go:210.2,210.27 1 0
github.com/linuxdeepin/lastore-daemon/src/lastore-tools/deprecated.go:210.27,213.17 3 0
github.com/linuxdeepin/lastore-daemon/src/lastore-tools/deprecated.go:213.17,215.4 1 0
github.com/linuxdeepin/lastore-daemon/src/lastore-tools/deprecated.go:216.3,216.39 1 0
github.com/linuxdeepin/lastore-daemon/src/lastore-tools/deprecated.go:216.39,219.30 3 0
github.com/linuxdeepin/lastore-daemon/src/lastore-tools/deprecated.go:219.30,220.13 1 0
github.com/linuxdeepin/lastore-daemon/src/lastore-tools/deprecated.go:222.4,222.35 1 0
github.com/linuxdeepin/lastore-daemon/src/lastore-tools/deprecated.go:222.35,225.5 2 0
github.com/linuxdeepin/lastore-daemon/src/lastore-tools/deprecated.go:226.4,226.42 1 0
github.com/linuxdeepin/lastore-daemon/src/lastore-tools/deprecated.go:229.2,229.13 1 0
github.com/linuxdeepin/lastore-daemon/src/lastore-tools/deprecated.go:232.81,235.52 2 1
github.com/linuxdeepin/lastore-daemon/src/lastore-tools/deprecated.go:235.52,236.55 1 1
github.com/linuxdeepin/lastore-daemon/src/lastore-tools/deprecated.go:236.55,238.4 1 0
github.com/linuxdeepin/lastore-daemon/src/lastore-tools/deprecated.go:241.2,241.32 1 1
github.com/linuxdeepin/lastore-daemon/src/lastore-tools/deprecated.go:241.32,242.31 1 1
github.com/linuxdeepin/lastore-daemon/src/lastore-tools/deprecated.go:242.31,244.4 1 1
github.com/linuxdeepin/lastore-daemon/src/lastore-tools/deprecated.go:246.2,247.12 2 1
github.com/linuxdeepin/lastore-daemon/src/lastore-tools/dropin.go:16.53,19.2 1 0
github.com/linuxdeepin/lastore-daemon/src/lastore-tools/dropin.go:21.51,24.2 1 0
github.com/linuxdeepin/lastore-daemon/src/lastore-tools/dropin.go:26.76,27.85 1 1
github.com/linuxdeepin/lastore-daemon/src/lastore-tools/dropin.go:27.85,28.17 1 1
github.com/linuxdeepin/lastore-daemon/src/lastore-tools/dropin.go:28.17,30.4 1 1
github.com/linuxdeepin/lastore-daemon/src/lastore-tools/dropin.go:31.3,31.22 1 1
github.com/linuxdeepin/lastore-daemon/src/lastore-tools/dropin.go:31.22,33.4 1 1
github.com/linuxdeepin/lastore-daemon/src/lastore-tools/dropin.go:34.3,34.19 1 1
github.com/linuxdeepin/lastore-daemon/src/lastore-tools/dropin.go:34.19,36.4 1 0
github.com/linuxdeepin/lastore-daemon/src/lastore-tools/dropin.go:38.3,39.17 2 1
github.com/linuxdeepin/lastore-daemon/src/lastore-tools/dropin.go:39.17,41.4 1 0
github.com/linuxdeepin/lastore-daemon/src/lastore-tools/dropin.go:42.3,42.16 1 1
github.com/linuxdeepin/lastore-daemon/src/lastore-tools/dropin.go:42.16,44.4 1 1
github.com/linuxdeepin/lastore-daemon/src/lastore-tools/dropin.go:45.3,45.19 1 1
github.com/linuxdeepin/lastore-daemon/src/lastore-tools/dropin.go:49.70,51.54 2 1
github.com/linuxdeepin/lastore-daemon/src/lastore-tools/dropin.go:51.54,55.23 4 1
github.com/linuxdeepin/lastore-daemon/src/lastore-tools/dropin.go:55.23,56.15 1 1
github.com/linuxdeepin/lastore-daemon/src/lastore-tools/dropin.go:56.15,58.5 1 1
github.com/linuxdeepin/lastore-daemon/src/lastore-tools/dropin.go:58.10,58.22 1 1
github.com/linuxdeepin/lastore-daemon/src/lastore-tools/dropin.go:58.22,59.13 1 0
github.com/linuxdeepin/lastore-daemon/src/lastore-tools/dropin.go:60.10,62.5 1 1
github.com/linuxdeepin/lastore-daemon/src/lastore-tools/dropin.go:64.3,64.13 1 1
github.com/linuxdeepin/lastore-daemon/src/lastore-tools/dropin.go:66.2,66.17 1 1
github.com/linuxdeepin/lastore-daemon/src/lastore-tools/gather_info.go:99.56,100.40 1 1
github.com/linuxdeepin/lastore-daemon/src/lastore-tools/gather_info.go:100.40,102.3 1 1
github.com/linuxdeepin/lastore-daemon/src/lastore-tools/gather_info.go:102.8,102.86 1 1
github.com/linuxdeepin/lastore-daemon/src/lastore-tools/gather_info.go:102.86,104.3 1 1
github.com/linuxdeepin/lastore-daemon/src/lastore-tools/gather_info.go:104.8,104.87 1 1
github.com/linuxdeepin/lastore-daemon/src/lastore-tools/gather_info.go:104.87,106.3 1 1
github.com/linuxdeepin/lastore-daemon/src/lastore-tools/gather_info.go:106.8,106.88 1 1
github.com/linuxdeepin/lastore-daemon/src/lastore-tools/gather_info.go:106.88,108.3 1 1
github.com/linuxdeepin/lastore-daemon/src/lastore-tools/gather_info.go:108.8,108.88 1 1
github.com/linuxdeepin/lastore-daemon/src/lastore-tools/gather_info.go:108.88,110.3 1 1
github.com/linuxdeepin/lastore-daemon/src/lastore-tools/gather_info.go:111.2,111.22 1 1
github.com/linuxdeepin/lastore-daemon/src/lastore-tools/gather_info.go:114.40,117.16 3 0
github.com/linuxdeepin/lastore-daemon/src/lastore-tools/gather_info.go:117.16,119.3 1 0
github.com/linuxdeepin/lastore-daemon/src/lastore-tools/gather_info.go:120.2,122.16 3 0
github.com/linuxdeepin/lastore-daemon/src/lastore-tools/gather_info.go:122.16,124.3 1 0
github.com/linuxdeepin/lastore-daemon/src/lastore-tools/gather_info.go:125.2,125.56 1 0
github.com/linuxdeepin/lastore-daemon/src/lastore-tools/gather_info.go:125.56,127.28 1 0
github.com/linuxdeepin/lastore-daemon/src/lastore-tools/gather_info.go:127.28,128.12 1 0
github.com/linuxdeepin/lastore-daemon/src/lastore-tools/gather_info.go:130.3,130.33 1 0
github.com/linuxdeepin/lastore-daemon/src/lastore-tools/gather_info.go:130.33,131.12 1 0
github.com/linuxdeepin/lastore-daemon/src/lastore-tools/gather_info.go:134.3,137.37 4 0
github.com/linuxdeepin/lastore-daemon/src/lastore-tools/gather_info.go:137.37,138.35 1 0
github.com/linuxdeepin/lastore-daemon/src/lastore-tools/gather_info.go:138.35,140.5 1 0
github.com/linuxdeepin/lastore-daemon/src/lastore-tools/gather_info.go:140.10,144.19 4 0
github.com/linuxdeepin/lastore-daemon/src/lastore-tools/gather_info.go:144.19,146.6 1 0
github.com/linuxdeepin/lastore-daemon/src/lastore-tools/gather_info.go:146.11,148.6 1 0
github.com/linuxdeepin/lastore-daemon/src/lastore-tools/gather_info.go:150.9,152.47 2 0
github.com/linuxdeepin/lastore-daemon/src/lastore-tools/gather_info.go:152.47,153.30 1 0
github.com/linuxdeepin/lastore-daemon/src/lastore-tools/gather_info.go:153.30,155.6 1 0
github.com/linuxdeepin/lastore-daemon/src/lastore-tools/gather_info.go:155.11,159.20 4 0
github.com/linuxdeepin/lastore-daemon/src/lastore-tools/gather_info.go:159.20,160.15 1 0
github.com/linuxdeepin/lastore-daemon/src/lastore-tools/gather_info.go:161.12,163.7 1 0
github.com/linuxdeepin/lastore-daemon/src/lastore-tools/gather_info.go:166.4,166.25 1 0
github.com/linuxdeepin/lastore-daemon/src/lastore-tools/gather_info.go:166.25,168.5 1 0
github.com/linuxdeepin/lastore-daemon/src/lastore-tools/gather_info.go:168.10,170.5 1 0
github.com/linuxdeepin/lastore-daemon/src/lastore-tools/gather_info.go:172.3,172.38 1 0
github.com/linuxdeepin/lastore-daemon/src/lastore-tools/gather_info.go:174.2,174.23 1 0
github.com/linuxdeepin/lastore-daemon/src/lastore-tools/gather_info.go:177.53,181.16 4 0
github.com/linuxdeepin/lastore-daemon/src/lastore-tools/gather_info.go:181.16,183.3 1 0
github.com/linuxdeepin/lastore-daemon/src/lastore-tools/gather_info.go:185.2,185.48 1 0
github.com/linuxdeepin/lastore-daemon/src/lastore-tools/gather_info.go:188.71,193.29 4 1
github.com/linuxdeepin/lastore-daemon/src/lastore-tools/gather_info.go:193.29,197.54 2 1
github.com/linuxdeepin/lastore-daemon/src/lastore-tools/gather_info.go:197.54,199.12 2 1
github.com/linuxdeepin/lastore-daemon/src/lastore-tools/gather_info.go:203.3,203.46 1 1
github.com/linuxdeepin/lastore-daemon/src/lastore-tools/gather_info.go:203.46,206.18 3 1
github.com/linuxdeepin/lastore-daemon/src/lastore-tools/gather_info.go:206.18,207.13 1 1
github.com/linuxdeepin/lastore-daemon/src/lastore-tools/gather_info.go:209.4,212.6 1 1
github.com/linuxdeepin/lastore-daemon/src/lastore-tools/gather_info.go:215.2,215.20 1 1
github.com/linuxdeepin/lastore-daemon/src/lastore-tools/gather_info.go:218.54,220.36 2 1
github.com/linuxdeepin/lastore-daemon/src/lastore-tools/gather_info.go:220.36,221.66 1 1
github.com/linuxdeepin/lastore-daemon/src/lastore-tools/gather_info.go:221.66,223.9 2 1
github.com/linuxdeepin/lastore-daemon/src/lastore-tools/gather_info.go:228.2,229.16 2 1
github.com/linuxdeepin/lastore-daemon/src/lastore-tools/gather_info.go:229.16,231.3 1 1
github.com/linuxdeepin/lastore-daemon/src/lastore-tools/gather_info.go:234.2,237.14 3 1
github.com/linuxdeepin/lastore-daemon/src/lastore-tools/gather_info.go:238.11,239.17 1 1
github.com/linuxdeepin/lastore-daemon/src/lastore-tools/gather_info.go:240.12,241.20 1 1
github.com/linuxdeepin/lastore-daemon/src/lastore-tools/gather_info.go:242.12,243.27 1 1
github.com/linuxdeepin/lastore-daemon/src/lastore-tools/gather_info.go:244.12,245.34 1 1
github.com/linuxdeepin/lastore-daemon/src/lastore-tools/gather_info.go:246.12,247.41 1 1
github.com/linuxdeepin/lastore-daemon/src/lastore-tools/gather_info.go:248.10,249.53 1 1
github.com/linuxdeepin/lastore-daemon/src/lastore-tools/gather_info.go:253.2,253.47 1 1
github.com/linuxdeepin/lastore-daemon/src/lastore-tools/gather_info.go:256.69,264.16 6 0
github.com/linuxdeepin/lastore-daemon/src/lastore-tools/gather_info.go:264.16,266.3 1 0
github.com/linuxdeepin/lastore-daemon/src/lastore-tools/gather_info.go:267.2,268.27 2 0
github.com/linuxdeepin/lastore-daemon/src/lastore-tools/gather_info.go:271.47,275.16 3 0
github.com/linuxdeepin/lastore-daemon/src/lastore-tools/gather_info.go:275.16,277.3 1 0
github.com/linuxdeepin/lastore-daemon/src/lastore-tools/gather_info.go:277.8,279.3 1 0
github.com/linuxdeepin/lastore-daemon/src/lastore-tools/gather_info.go:282.2,283.16 2 0
github.com/linuxdeepin/lastore-daemon/src/lastore-tools/gather_info.go:283.16,285.3 1 0
github.com/linuxdeepin/lastore-daemon/src/lastore-tools/gather_info.go:286.2,288.16 3 0
github.com/linuxdeepin/lastore-daemon/src/lastore-tools/gather_info.go:288.16,290.3 1 0
github.com/linuxdeepin/lastore-daemon/src/lastore-tools/gather_info.go:292.2,299.16 3 0
github.com/linuxdeepin/lastore-daemon/src/lastore-tools/gather_info.go:299.16,301.3 1 0
github.com/linuxdeepin/lastore-daemon/src/lastore-tools/gather_info.go:303.2,309.16 5 0
github.com/linuxdeepin/lastore-daemon/src/lastore-tools/gather_info.go:309.16,311.3 1 0
github.com/linuxdeepin/lastore-daemon/src/lastore-tools/gather_info.go:312.2,315.16 3 0
github.com/linuxdeepin/lastore-daemon/src/lastore-tools/gather_info.go:315.16,317.3 1 0
github.com/linuxdeepin/lastore-daemon/src/lastore-tools/gather_info.go:318.2,318.15 1 0
github.com/linuxdeepin/lastore-daemon/src/lastore-tools/gather_info.go:318.15,320.3 1 0
github.com/linuxdeepin/lastore-daemon/src/lastore-tools/gather_info.go:322.2,323.16 2 0
github.com/linuxdeepin/lastore-daemon/src/lastore-tools/gather_info.go:323.16,325.3 1 0
github.com/linuxdeepin/lastore-daemon/src/lastore-tools/gather_info.go:325.8,327.3 1 0
github.com/linuxdeepin/lastore-daemon/src/lastore-tools/gather_info.go:329.2,329.28 1 0
github.com/linuxdeepin/lastore-daemon/src/lastore-tools/gather_info.go:329.28,331.3 1 0
github.com/linuxdeepin/lastore-daemon/src/lastore-tools/gather_info.go:332.2,332.12 1 0
github.com/linuxdeepin/lastore-daemon/src/lastore-tools/gather_info.go:335.49,339.2 2 0
github.com/linuxdeepin/lastore-daemon/src/lastore-tools/gather_info.go:341.43,344.16 3 0
github.com/linuxdeepin/lastore-daemon/src/lastore-tools/gather_info.go:344.16,346.3 1 0
github.com/linuxdeepin/lastore-daemon/src/lastore-tools/gather_info.go:347.2,347.15 1 0
github.com/linuxdeepin/lastore-daemon/src/lastore-tools/gather_info.go:347.15,349.3 1 0
github.com/linuxdeepin/lastore-daemon/src/lastore-tools/gather_info.go:350.2,351.16 2 0
github.com/linuxdeepin/lastore-daemon/src/lastore-tools/gather_info.go:351.16,353.3 1 0
github.com/linuxdeepin/lastore-daemon/src/lastore-tools/gather_info.go:354.2,355.32 2 0
github.com/linuxdeepin/lastore-daemon/src/lastore-tools/gather_info.go:355.32,358.17 3 0
github.com/linuxdeepin/lastore-daemon/src/lastore-tools/gather_info.go:358.17,360.4 1 0
github.com/linuxdeepin/lastore-daemon/src/lastore-tools/gather_info.go:361.3,361.45 1 0
github.com/linuxdeepin/lastore-daemon/src/lastore-tools/gather_info.go:361.45,368.18 7 0
github.com/linuxdeepin/lastore-daemon/src/lastore-tools/gather_info.go:368.18,372.5 3 0
github.com/linuxdeepin/lastore-daemon/src/lastore-tools/gather_info.go:375.2,375.12 1 0
github.com/linuxdeepin/lastore-daemon/src/lastore-tools/lastore.go:46.39,48.25 2 0
github.com/linuxdeepin/lastore-daemon/src/lastore-tools/lastore.go:49.17,50.41 1 0
github.com/linuxdeepin/lastore-daemon/src/lastore-tools/lastore.go:51.16,52.40 1 0
github.com/linuxdeepin/lastore-daemon/src/lastore-tools/lastore.go:53.17,54.25 1 0
github.com/linuxdeepin/lastore-daemon/src/lastore-tools/lastore.go:55.16,56.24 1 0
github.com/linuxdeepin/lastore-daemon/src/lastore-tools/lastore.go:57.16,58.67 1 0
github.com/linuxdeepin/lastore-daemon/src/lastore-tools/lastore.go:59.25,60.32 1 0
github.com/linuxdeepin/lastore-daemon/src/lastore-tools/lastore.go:61.10,62.37 1 0
github.com/linuxdeepin/lastore-daemon/src/lastore-tools/lastore.go:64.2,64.16 1 0
github.com/linuxdeepin/lastore-daemon/src/lastore-tools/lastore.go:64.16,67.3 2 0
github.com/linuxdeepin/lastore-daemon/src/lastore-tools/lastore.go:68.2,68.12 1 0
github.com/linuxdeepin/lastore-daemon/src/lastore-tools/lastore.go:71.28,77.16 5 0
github.com/linuxdeepin/lastore-daemon/src/lastore-tools/lastore.go:77.16,79.3 1 0
github.com/linuxdeepin/lastore-daemon/src/lastore-tools/lastore.go:80.2,84.19 3 0
github.com/linuxdeepin/lastore-daemon/src/lastore-tools/lastore.go:87.36,93.16 5 0
github.com/linuxdeepin/lastore-daemon/src/lastore-tools/lastore.go:93.16,95.3 1 0
github.com/linuxdeepin/lastore-daemon/src/lastore-tools/lastore.go:96.2,100.19 3 0
github.com/linuxdeepin/lastore-daemon/src/lastore-tools/lastore.go:103.37,109.16 5 0
github.com/linuxdeepin/lastore-daemon/src/lastore-tools/lastore.go:109.16,111.3 1 0
github.com/linuxdeepin/lastore-daemon/src/lastore-tools/lastore.go:112.2,116.19 3 0
github.com/linuxdeepin/lastore-daemon/src/lastore-tools/lastore.go:119.36,124.16 4 0
github.com/linuxdeepin/lastore-daemon/src/lastore-tools/lastore.go:124.16,126.3 1 0
github.com/linuxdeepin/lastore-daemon/src/lastore-tools/lastore.go:127.2,131.19 3 0
github.com/linuxdeepin/lastore-daemon/src/lastore-tools/lastore.go:134.63,137.16 3 0
github.com/linuxdeepin/lastore-daemon/src/lastore-tools/lastore.go:137.16,139.3 1 0
github.com/linuxdeepin/lastore-daemon/src/lastore-tools/lastore.go:140.2,140.32 1 0
github.com/linuxdeepin/lastore-daemon/src/lastore-tools/lastore.go:140.32,141.55 1 0
github.com/linuxdeepin/lastore-daemon/src/lastore-tools/lastore.go:141.55,142.13 1 0
github.com/linuxdeepin/lastore-daemon/src/lastore-tools/lastore.go:142.13,144.5 1 0
github.com/linuxdeepin/lastore-daemon/src/lastore-tools/lastore.go:144.10,146.5 1 0
github.com/linuxdeepin/lastore-daemon/src/lastore-tools/lastore.go:149.2,149.12 1 0
github.com/linuxdeepin/lastore-daemon/src/lastore-tools/lastore.go:152.29,161.16 6 0
github.com/linuxdeepin/lastore-daemon/src/lastore-tools/lastore.go:161.16,164.3 2 0
github.com/linuxdeepin/lastore-daemon/src/lastore-tools/lastore.go:165.2,165.34 1 0
github.com/linuxdeepin/lastore-daemon/src/lastore-tools/lastore.go:165.34,167.3 1 0
github.com/linuxdeepin/lastore-daemon/src/lastore-tools/lastore.go:168.2,173.16 4 0
github.com/linuxdeepin/lastore-daemon/src/lastore-tools/lastore.go:173.16,175.3 1 0
github.com/linuxdeepin/lastore-daemon/src/lastore-tools/lastore.go:176.2,176.20 1 0
github.com/linuxdeepin/lastore-daemon/src/lastore-tools/lastore.go:176.20,179.3 2 0
github.com/linuxdeepin/lastore-daemon/src/lastore-tools/lastore.go:181.2,183.16 3 0
github.com/linuxdeepin/lastore-daemon/src/lastore-tools/lastore.go:183.16,185.3 1 0
github.com/linuxdeepin/lastore-daemon/src/lastore-tools/lastore.go:186.2,188.19 2 0
github.com/linuxdeepin/lastore-daemon/src/lastore-tools/lastore.go:191.35,193.16 2 0
github.com/linuxdeepin/lastore-daemon/src/lastore-tools/lastore.go:193.16,194.13 1 0
github.com/linuxdeepin/lastore-daemon/src/lastore-tools/lastore.go:197.2,197.35 1 0
github.com/linuxdeepin/lastore-daemon/src/lastore-tools/lastore.go:200.37,209.2 6 0
github.com/linuxdeepin/lastore-daemon/src/lastore-tools/lastore.go:211.39,213.16 2 0
github.com/linuxdeepin/lastore-daemon/src/lastore-tools/lastore.go:213.16,215.3 1 0
github.com/linuxdeepin/lastore-daemon/src/lastore-tools/lastore.go:217.2,218.16 2 0
github.com/linuxdeepin/lastore-daemon/src/lastore-tools/lastore.go:218.16,220.3 1 0
github.com/linuxdeepin/lastore-daemon/src/lastore-tools/lastore.go:222.2,223.18 2 0
github.com/linuxdeepin/lastore-daemon/src/lastore-tools/lastore.go:223.18,225.3 1 0
github.com/linuxdeepin/lastore-daemon/src/lastore-tools/lastore.go:228.2,228.38 1 0
github.com/linuxdeepin/lastore-daemon/src/lastore-tools/lastore.go:228.38,231.13 2 0
github.com/linuxdeepin/lastore-daemon/src/lastore-tools/lastore.go:231.13,234.4 2 0
github.com/linuxdeepin/lastore-daemon/src/lastore-tools/lastore.go:235.3,235.32 1 0
github.com/linuxdeepin/lastore-daemon/src/lastore-tools/lastore.go:236.49,236.49 0 0
github.com/linuxdeepin/lastore-daemon/src/lastore-tools/lastore.go:237.28,238.38 1 0
github.com/linuxdeepin/lastore-daemon/src/lastore-tools/lastore.go:239.29,241.14 2 0
github.com/linuxdeepin/lastore-daemon/src/lastore-tools/lastore.go:242.28,243.47 1 0
github.com/linuxdeepin/lastore-daemon/src/lastore-tools/lastore.go:246.3,247.32 2 0
github.com/linuxdeepin/lastore-daemon/src/lastore-tools/lastore.go:249.2,249.12 1 0
github.com/linuxdeepin/lastore-daemon/src/lastore-tools/main.go:53.46,59.13 4 0
github.com/linuxdeepin/lastore-daemon/src/lastore-tools/main.go:60.20,61.38 1 0
github.com/linuxdeepin/lastore-daemon/src/lastore-tools/main.go:62.22,63.42 1 0
github.com/linuxdeepin/lastore-daemon/src/lastore-tools/main.go:64.21,66.47 2 0
github.com/linuxdeepin/lastore-daemon/src/lastore-tools/main.go:66.47,68.4 1 0
github.com/linuxdeepin/lastore-daemon/src/lastore-tools/main.go:69.17,70.18 1 0
github.com/linuxdeepin/lastore-daemon/src/lastore-tools/main.go:70.18,72.9 2 0
github.com/linuxdeepin/lastore-daemon/src/lastore-tools/main.go:74.3,74.38 1 0
github.com/linuxdeepin/lastore-daemon/src/lastore-tools/main.go:75.22,76.33 1 0
github.com/linuxdeepin/lastore-daemon/src/lastore-tools/main.go:77.17,78.45 1 0
github.com/linuxdeepin/lastore-daemon/src/lastore-tools/main.go:79.29,81.55 2 0
github.com/linuxdeepin/lastore-daemon/src/lastore-tools/main.go:82.24,83.24 1 0
github.com/linuxdeepin/lastore-daemon/src/lastore-tools/main.go:84.10,85.39 1 0
github.com/linuxdeepin/lastore-daemon/src/lastore-tools/main.go:87.2,87.16 1 0
github.com/linuxdeepin/lastore-daemon/src/lastore-tools/main.go:87.16,90.3 2 0
github.com/linuxdeepin/lastore-daemon/src/lastore-tools/main.go:91.2,91.12 1 0
github.com/linuxdeepin/lastore-daemon/src/lastore-tools/main.go:94.13,134.16 14 0
github.com/linuxdeepin/lastore-daemon/src/lastore-tools/main.go:134.16,136.3 1 0
github.com/linuxdeepin/lastore-daemon/src/lastore-tools/metadata.go:47.41,53.16 5 0
github.com/linuxdeepin/lastore-daemon/src/lastore-tools/metadata.go:53.16,56.3 2 0
github.com/linuxdeepin/lastore-daemon/src/lastore-tools/metadata.go:58.2,59.53 2 0
github.com/linuxdeepin/lastore-daemon/src/lastore-tools/metadata.go:59.53,62.17 3 0
github.com/linuxdeepin/lastore-daemon/src/lastore-tools/metadata.go:62.17,65.4 2 0
github.com/linuxdeepin/lastore-daemon/src/lastore-tools/metadata.go:66.3,67.17 2 0
github.com/linuxdeepin/lastore-daemon/src/lastore-tools/metadata.go:67.17,70.4 2 0
github.com/linuxdeepin/lastore-daemon/src/lastore-tools/metadata.go:73.2,73.20 1 0
github.com/linuxdeepin/lastore-daemon/src/lastore-tools/metadata.go:73.20,77.3 3 0
github.com/linuxdeepin/lastore-daemon/src/lastore-tools/metadata.go:79.2,79.30 1 0
github.com/linuxdeepin/lastore-daemon/src/lastore-tools/metadata.go:79.30,81.17 2 0
github.com/linuxdeepin/lastore-daemon/src/lastore-tools/metadata.go:81.17,83.12 2 0
github.com/linuxdeepin/lastore-daemon/src/lastore-tools/metadata.go:85.3,85.17 1 0
github.com/linuxdeepin/lastore-daemon/src/lastore-tools/metadata.go:87.2,87.12 1 0
github.com/linuxdeepin/lastore-daemon/src/lastore-tools/post_upgrade.go:47.37,53.20 6 0
github.com/linuxdeepin/lastore-daemon/src/lastore-tools/post_upgrade.go:53.20,55.3 1 0
github.com/linuxdeepin/lastore-daemon/src/lastore-tools/post_upgrade.go:56.2,57.16 2 0
github.com/linuxdeepin/lastore-daemon/src/lastore-tools/post_upgrade.go:57.16,59.3 1 0
github.com/linuxdeepin/lastore-daemon/src/lastore-tools/post_upgrade.go:59.8,63.44 4 0
github.com/linuxdeepin/lastore-daemon/src/lastore-tools/post_upgrade.go:63.44,64.8 1 0
github.com/linuxdeepin/lastore-daemon/src/lastore-tools/post_upgrade.go:64.8,66.22 2 0
github.com/linuxdeepin/lastore-daemon/src/lastore-tools/post_upgrade.go:66.22,67.11 1 0
github.com/linuxdeepin/lastore-daemon/src/lastore-tools/post_upgrade.go:69.5,70.26 2 0
github.com/linuxdeepin/lastore-daemon/src/lastore-tools/post_upgrade.go:70.26,71.11 1 0
github.com/linuxdeepin/lastore-daemon/src/lastore-tools/post_upgrade.go:76.2,78.29 3 0
github.com/linuxdeepin/lastore-daemon/src/lastore-tools/post_upgrade.go:78.29,79.10 1 0
github.com/linuxdeepin/lastore-daemon/src/lastore-tools/post_upgrade.go:79.10,84.18 5 0
github.com/linuxdeepin/lastore-daemon/src/lastore-tools/post_upgrade.go:84.18,88.5 3 0
github.com/linuxdeepin/lastore-daemon/src/lastore-tools/post_upgrade.go:89.4,91.18 3 0
github.com/linuxdeepin/lastore-daemon/src/lastore-tools/post_upgrade.go:91.18,95.5 3 0
github.com/linuxdeepin/lastore-daemon/src/lastore-tools/post_upgrade.go:96.4,98.18 3 0
github.com/linuxdeepin/lastore-daemon/src/lastore-tools/post_upgrade.go:98.18,102.5 3 0
github.com/linuxdeepin/lastore-daemon/src/lastore-tools/post_upgrade.go:103.4,109.18 4 0
github.com/linuxdeepin/lastore-daemon/src/lastore-tools/post_upgrade.go:109.18,113.5 3 0
github.com/linuxdeepin/lastore-daemon/src/lastore-tools/post_upgrade.go:113.10,115.19 2 0
github.com/linuxdeepin/lastore-daemon/src/lastore-tools/post_upgrade.go:115.19,116.19 1 0
github.com/linuxdeepin/lastore-daemon/src/lastore-tools/post_upgrade.go:116.19,118.7 1 0
github.com/linuxdeepin/lastore-daemon/src/lastore-tools/post_upgrade.go:119.6,120.31 2 0
github.com/linuxdeepin/lastore-daemon/src/lastore-tools/post_upgrade.go:121.11,125.6 3 0
github.com/linuxdeepin/lastore-daemon/src/lastore-tools/post_upgrade.go:129.2,129.24 1 0
github.com/linuxdeepin/lastore-daemon/src/lastore-tools/post_upgrade.go:129.24,131.17 2 0
github.com/linuxdeepin/lastore-daemon/src/lastore-tools/post_upgrade.go:131.17,133.4 1 0
github.com/linuxdeepin/lastore-daemon/src/lastore-tools/post_upgrade.go:134.8,137.17 3 0
github.com/linuxdeepin/lastore-daemon/src/lastore-tools/post_upgrade.go:137.17,139.4 1 0
github.com/linuxdeepin/lastore-daemon/src/lastore-tools/post_upgrade.go:141.2,141.15 1 0
github.com/linuxdeepin/lastore-daemon/src/lastore-tools/post_upgrade.go:144.44,145.19 1 0
github.com/linuxdeepin/lastore-daemon/src/lastore-tools/post_upgrade.go:145.19,147.3 1 0
github.com/linuxdeepin/lastore-daemon/src/lastore-tools/post_upgrade.go:148.2,148.24 1 0
github.com/linuxdeepin/lastore-daemon/src/lastore-tools/query-desktop.go:19.39,21.22 2 0
github.com/linuxdeepin/lastore-daemon/src/lastore-tools/query-desktop.go:21.22,24.4 2 0
github.com/linuxdeepin/lastore-daemon/src/lastore-tools/query-desktop.go:25.3,26.13 2 0
github.com/linuxdeepin/lastore-daemon/src/lastore-tools/smartmirror.go:58.39,61.5 2 0
github.com/linuxdeepin/lastore-daemon/src/lastore-tools/smartmirror.go:87.53,96.14 6 0
github.com/linuxdeepin/lastore-daemon/src/lastore-tools/smartmirror.go:96.14,98.27 2 0
github.com/linuxdeepin/lastore-daemon/src/lastore-tools/smartmirror.go:98.27,100.4 1 0
github.com/linuxdeepin/lastore-daemon/src/lastore-tools/smartmirror.go:101.3,101.13 1 0
github.com/linuxdeepin/lastore-daemon/src/lastore-tools/smartmirror.go:105.2,106.21 2 0
github.com/linuxdeepin/lastore-daemon/src/lastore-tools/smartmirror.go:106.21,108.3 1 0
github.com/linuxdeepin/lastore-daemon/src/lastore-tools/smartmirror.go:110.2,113.16 3 0
github.com/linuxdeepin/lastore-daemon/src/lastore-tools/smartmirror.go:113.16,116.3 2 0
github.com/linuxdeepin/lastore-daemon/src/lastore-tools/smartmirror.go:117.2,118.16 2 0
github.com/linuxdeepin/lastore-daemon/src/lastore-tools/smartmirror.go:118.16,120.3 1 0
github.com/linuxdeepin/lastore-daemon/src/lastore-tools/smartmirror.go:121.2,121.12 1 0
github.com/linuxdeepin/lastore-daemon/src/lastore-tools/smartmirror.go:125.51,126.34 1 1
github.com/linuxdeepin/lastore-daemon/src/lastore-tools/smartmirror.go:126.34,128.3 1 1
github.com/linuxdeepin/lastore-daemon/src/lastore-tools/smartmirror.go:129.2,129.19 1 1
github.com/linuxdeepin/lastore-daemon/src/lastore-tools/smartmirror.go:133.48,135.36 1 0
github.com/linuxdeepin/lastore-daemon/src/lastore-tools/smartmirror.go:135.36,137.17 2 0
github.com/linuxdeepin/lastore-daemon/src/lastore-tools/smartmirror.go:137.17,139.4 1 0
github.com/linuxdeepin/lastore-daemon/src/lastore-tools/smartmirror.go:141.3,142.24 2 0
github.com/linuxdeepin/lastore-daemon/src/lastore-tools/smartmirror.go:142.24,144.4 1 0
github.com/linuxdeepin/lastore-daemon/src/lastore-tools/smartmirror.go:145.3,145.16 1 0
github.com/linuxdeepin/lastore-daemon/src/lastore-tools/smartmirror.go:150.2,151.16 2 0
github.com/linuxdeepin/lastore-daemon/src/lastore-tools/smartmirror.go:151.16,153.3 1 0
github.com/linuxdeepin/lastore-daemon/src/lastore-tools/smartmirror.go:154.2,154.15 1 0
github.com/linuxdeepin/lastore-daemon/src/lastore-tools/smartmirror.go:154.15,156.3 1 0
github.com/linuxdeepin/lastore-daemon/src/lastore-tools/smartmirror.go:158.2,165.24 5 0
github.com/linuxdeepin/lastore-daemon/src/lastore-tools/smartmirror.go:165.24,167.3 1 0
github.com/linuxdeepin/lastore-daemon/src/lastore-tools/smartmirror.go:168.2,168.15 1 0
github.com/linuxdeepin/lastore-daemon/src/lastore-tools/smartmirror_sync_progress.go:32.44,33.27 1 0
github.com/linuxdeepin/lastore-daemon/src/lastore-tools/smartmirror_sync_progress.go:33.27,34.33 1 0
github.com/linuxdeepin/lastore-daemon/src/lastore-tools/smartmirror_sync_progress.go:34.33,35.68 1 0
github.com/linuxdeepin/lastore-daemon/src/lastore-tools/smartmirror_sync_progress.go:37.3,37.48 1 0
github.com/linuxdeepin/lastore-daemon/src/lastore-tools/smartmirror_sync_progress.go:41.57,43.9 2 0
github.com/linuxdeepin/lastore-daemon/src/lastore-tools/smartmirror_sync_progress.go:43.9,44.73 1 0
github.com/linuxdeepin/lastore-daemon/src/lastore-tools/smartmirror_sync_progress.go:46.2,47.12 2 0
github.com/linuxdeepin/lastore-daemon/src/lastore-tools/smartmirror_sync_progress.go:50.44,56.30 2 0
github.com/linuxdeepin/lastore-daemon/src/lastore-tools/smartmirror_sync_progress.go:56.30,57.13 1 0
github.com/linuxdeepin/lastore-daemon/src/lastore-tools/smartmirror_sync_progress.go:57.13,59.8 2 0
github.com/linuxdeepin/lastore-daemon/src/lastore-tools/smartmirror_sync_progress.go:59.8,70.5 7 0
github.com/linuxdeepin/lastore-daemon/src/lastore-tools/smartmirror_sync_progress.go:73.2,73.10 1 0
github.com/linuxdeepin/lastore-daemon/src/lastore-tools/smartmirror_sync_progress.go:75.39,76.28 1 0
github.com/linuxdeepin/lastore-daemon/src/lastore-tools/smartmirror_sync_progress.go:76.28,79.3 2 0
github.com/linuxdeepin/lastore-daemon/src/lastore-tools/smartmirror_sync_progress.go:83.49,86.16 3 1
github.com/linuxdeepin/lastore-daemon/src/lastore-tools/smartmirror_sync_progress.go:86.16,88.3 1 1
github.com/linuxdeepin/lastore-daemon/src/lastore-tools/smartmirror_sync_progress.go:89.2,92.16 3 1
github.com/linuxdeepin/lastore-daemon/src/lastore-tools/smartmirror_sync_progress.go:92.16,94.3 1 1
github.com/linuxdeepin/lastore-daemon/src/lastore-tools/smartmirror_sync_progress.go:95.2,95.15 1 1
github.com/linuxdeepin/lastore-daemon/src/lastore-tools/smartmirror_sync_progress.go:95.15,97.3 1 1
github.com/linuxdeepin/lastore-daemon/src/lastore-tools/smartmirror_sync_progress.go:99.2,99.31 1 1
github.com/linuxdeepin/lastore-daemon/src/lastore-tools/smartmirror_sync_progress.go:100.12,101.72 1 1
github.com/linuxdeepin/lastore-daemon/src/lastore-tools/smartmirror_sync_progress.go:102.15,103.71 1 1
github.com/linuxdeepin/lastore-daemon/src/lastore-tools/smartmirror_sync_progress.go:105.2,105.71 1 0
github.com/linuxdeepin/lastore-daemon/src/lastore-tools/smartmirror_sync_progress.go:109.52,111.16 2 1
github.com/linuxdeepin/lastore-daemon/src/lastore-tools/smartmirror_sync_progress.go:111.16,113.3 1 1
github.com/linuxdeepin/lastore-daemon/src/lastore-tools/smartmirror_sync_progress.go:114.2,114.15 1 1
github.com/linuxdeepin/lastore-daemon/src/lastore-tools/smartmirror_sync_progress.go:114.15,116.3 1 1
github.com/linuxdeepin/lastore-daemon/src/lastore-tools/smartmirror_sync_progress.go:118.2,124.29 5 1
github.com/linuxdeepin/lastore-daemon/src/lastore-tools/smartmirror_sync_progress.go:124.29,126.3 1 1
github.com/linuxdeepin/lastore-daemon/src/lastore-tools/smartmirror_sync_progress.go:127.2,128.24 2 1
github.com/linuxdeepin/lastore-daemon/src/lastore-tools/smartmirror_sync_progress.go:128.24,130.3 1 1
github.com/linuxdeepin/lastore-daemon/src/lastore-tools/smartmirror_sync_progress.go:131.2,131.15 1 1
github.com/linuxdeepin/lastore-daemon/src/lastore-tools/smartmirror_sync_progress.go:145.61,147.2 1 1
github.com/linuxdeepin/lastore-daemon/src/lastore-tools/smartmirror_sync_progress.go:149.34,151.2 1 1
github.com/linuxdeepin/lastore-daemon/src/lastore-tools/smartmirror_sync_progress.go:152.34,154.2 1 1
github.com/linuxdeepin/lastore-daemon/src/lastore-tools/smartmirror_sync_progress.go:157.55,160.27 2 1
github.com/linuxdeepin/lastore-daemon/src/lastore-tools/smartmirror_sync_progress.go:160.27,161.15 1 1
github.com/linuxdeepin/lastore-daemon/src/lastore-tools/smartmirror_sync_progress.go:161.15,163.4 1 1
github.com/linuxdeepin/lastore-daemon/src/lastore-tools/smartmirror_sync_progress.go:165.2,165.10 1 1
github.com/linuxdeepin/lastore-daemon/src/lastore-tools/smartmirror_sync_progress.go:168.97,173.35 3 0
github.com/linuxdeepin/lastore-daemon/src/lastore-tools/smartmirror_sync_progress.go:173.35,176.3 2 0
github.com/linuxdeepin/lastore-daemon/src/lastore-tools/smartmirror_sync_progress.go:177.2,180.26 3 0
github.com/linuxdeepin/lastore-daemon/src/lastore-tools/smartmirror_sync_progress.go:180.26,184.3 3 0
github.com/linuxdeepin/lastore-daemon/src/lastore-tools/smartmirror_sync_progress.go:185.2,188.26 3 0
github.com/linuxdeepin/lastore-daemon/src/lastore-tools/smartmirror_sync_progress.go:188.26,196.28 5 0
github.com/linuxdeepin/lastore-daemon/src/lastore-tools/smartmirror_sync_progress.go:196.28,198.16 2 0
github.com/linuxdeepin/lastore-daemon/src/lastore-tools/smartmirror_sync_progress.go:198.16,200.5 1 0
github.com/linuxdeepin/lastore-daemon/src/lastore-tools/smartmirror_sync_progress.go:201.4,201.35 1 0
github.com/linuxdeepin/lastore-daemon/src/lastore-tools/smartmirror_sync_progress.go:201.35,203.5 1 0
github.com/linuxdeepin/lastore-daemon/src/lastore-tools/smartmirror_sync_progress.go:204.4,204.33 1 0
github.com/linuxdeepin/lastore-daemon/src/lastore-tools/smartmirror_sync_progress.go:207.3,211.30 5 0
github.com/linuxdeepin/lastore-daemon/src/lastore-tools/smartmirror_sync_progress.go:213.2,213.14 1 0
github.com/linuxdeepin/lastore-daemon/src/lastore-tools/smartmirror_sync_progress.go:216.42,219.16 2 0
github.com/linuxdeepin/lastore-daemon/src/lastore-tools/smartmirror_sync_progress.go:219.16,222.3 2 0
github.com/linuxdeepin/lastore-daemon/src/lastore-tools/smartmirror_sync_progress.go:223.2,223.15 1 0
github.com/linuxdeepin/lastore-daemon/src/lastore-tools/smartmirror_sync_progress.go:223.15,225.3 1 0
github.com/linuxdeepin/lastore-daemon/src/lastore-tools/smartmirror_sync_progress.go:226.2,227.14 2 0
github.com/linuxdeepin/lastore-daemon/src/lastore-tools/smartmirror_sync_progress.go:227.14,229.3 1 0
github.com/linuxdeepin/lastore-daemon/src/lastore-tools/smartmirror_sync_progress.go:230.2,230.10 1 0
github.com/linuxdeepin/lastore-daemon/src/lastore-tools/update_message.go:49.39,53.2 3 1
github.com/linuxdeepin/lastore-daemon/src/lastore-tools/update_message.go:56.47,58.16 2 1
github.com/linuxdeepin/lastore-daemon/src/lastore-tools/update_message.go:58.16,60.3 1 1
github.com/linuxdeepin/lastore-daemon/src/lastore-tools/update_message.go:61.2,61.15 1 1
github.com/linuxdeepin/lastore-daemon/src/lastore-tools/update_message.go:61.15,63.3 1 1
github.com/linuxdeepin/lastore-daemon/src/lastore-tools/update_message.go:65.2,68.16 3 1
github.com/linuxdeepin/lastore-daemon/src/lastore-tools/update_message.go:68.16,70.3 1 0
github.com/linuxdeepin/lastore-daemon/src/lastore-tools/update_message.go:71.2,71.15 1 1
github.com/linuxdeepin/lastore-daemon/src/lastore-tools/update_message.go:71.15,73.3 1 1
github.com/linuxdeepin/lastore-daemon/src/lastore-tools/update_message.go:74.2,74.14 1 1
github.com/linuxdeepin/lastore-daemon/src/lastore-tools/update_message.go:75.21,78.7 2 0
github.com/linuxdeepin/lastore-daemon/src/lastore-tools/update_message.go:78.7,86.18 3 0
github.com/linuxdeepin/lastore-daemon/src/lastore-tools/update_message.go:86.18,88.19 2 0
github.com/linuxdeepin/lastore-daemon/src/lastore-tools/update_message.go:88.19,90.6 1 0
github.com/linuxdeepin/lastore-daemon/src/lastore-tools/update_message.go:91.5,91.10 1 0
github.com/linuxdeepin/lastore-daemon/src/lastore-tools/update_message.go:92.10,94.19 2 0
github.com/linuxdeepin/lastore-daemon/src/lastore-tools/update_message.go:94.19,95.11 1 0
github.com/linuxdeepin/lastore-daemon/src/lastore-tools/update_message.go:99.10,101.17 2 1
github.com/linuxdeepin/lastore-daemon/src/lastore-tools/update_message.go:101.17,103.4 1 0
github.com/linuxdeepin/lastore-daemon/src/lastore-tools/update_message.go:106.2,106.28 1 1
github.com/linuxdeepin/lastore-daemon/src/lastore-tools/update_message.go:110.20,112.35 2 0
github.com/linuxdeepin/lastore-daemon/src/lastore-tools/update_message.go:112.35,115.17 3 0
github.com/linuxdeepin/lastore-daemon/src/lastore-tools/update_message.go:115.17,117.12 2 0
github.com/linuxdeepin/lastore-daemon/src/lastore-tools/update_message.go:119.3,120.39 2 0
github.com/linuxdeepin/lastore-daemon/src/lastore-tools/update_message.go:122.2,122.45 1 0
github.com/linuxdeepin/lastore-daemon/src/lastore-tools/update_message.go:125.73,129.16 3 0
github.com/linuxdeepin/lastore-daemon/src/lastore-tools/update_message.go:129.16,132.3 2 0
github.com/linuxdeepin/lastore-daemon/src/lastore-tools/update_message.go:133.2,134.12 2 0
github.com/linuxdeepin/lastore-daemon/src/lastore-tools/update_message.go:138.51,140.16 2 0
github.com/linuxdeepin/lastore-daemon/src/lastore-tools/update_message.go:140.16,142.3 1 0
github.com/linuxdeepin/lastore-daemon/src/lastore-tools/update_message.go:145.2,145.68 1 0
github.com/linuxdeepin/lastore-daemon/src/lastore-tools/update_message.go:145.68,147.3 1 0
github.com/linuxdeepin/lastore-daemon/src/lastore-tools/update_message.go:149.2,152.16 3 0
github.com/linuxdeepin/lastore-daemon/src/lastore-tools/update_message.go:152.16,154.3 1 0
github.com/linuxdeepin/lastore-daemon/src/lastore-tools/update_message.go:156.2,159.15 3 0
github.com/linuxdeepin/lastore-daemon/src/lastore-tools/update_message.go:159.15,162.17 3 0
github.com/linuxdeepin/lastore-daemon/src/lastore-tools/update_message.go:162.17,164.4 1 0
github.com/linuxdeepin/lastore-daemon/src/lastore-tools/update_message.go:165.3,165.56 1 0
github.com/linuxdeepin/lastore-daemon/src/lastore-tools/update_message.go:168.2,168.20 1 0
github.com/linuxdeepin/lastore-daemon/src/lastore-tools/update_message.go:168.20,169.23 1 0
github.com/linuxdeepin/lastore-daemon/src/lastore-tools/update_message.go:169.23,170.12 1 0
github.com/linuxdeepin/lastore-daemon/src/lastore-tools/update_message.go:173.3,175.10 3 0
github.com/linuxdeepin/lastore-daemon/src/lastore-tools/update_message.go:175.10,176.12 1 0
github.com/linuxdeepin/lastore-daemon/src/lastore-tools/update_message.go:178.3,180.20 3 0
github.com/linuxdeepin/lastore-daemon/src/lastore-tools/update_message.go:181.25,182.14 1 0
github.com/linuxdeepin/lastore-daemon/src/lastore-tools/update_message.go:183.24,184.35 1 0
github.com/linuxdeepin/lastore-daemon/src/lastore-tools/update_message.go:189.2,189.12 1 0
github.com/linuxdeepin/lastore-daemon/src/lastore-tools/update_message.go:194.28,198.16 4 0
github.com/linuxdeepin/lastore-daemon/src/lastore-tools/update_message.go:198.16,201.3 2 0
github.com/linuxdeepin/lastore-daemon/src/lastore-tools/update_message.go:202.2,203.36 2 0
github.com/linuxdeepin/lastore-daemon/src/lastore-tools/update_message.go:203.36,204.24 1 0
github.com/linuxdeepin/lastore-daemon/src/lastore-tools/update_message.go:204.24,207.18 2 0
github.com/linuxdeepin/lastore-daemon/src/lastore-tools/update_message.go:207.18,210.5 1 0
github.com/linuxdeepin/lastore-daemon/src/lastore-tools/update_message.go:210.10,212.5 1 0
github.com/linuxdeepin/lastore-daemon/src/lastore-tools/update_message.go:215.2,216.9 2 0
github.com/linuxdeepin/lastore-daemon/src/lastore-tools/update_message.go:216.9,218.3 1 0
github.com/linuxdeepin/lastore-daemon/src/lastore-tools/update_message.go:219.2,219.12 1 0
github.com/linuxdeepin/lastore-daemon/src/lastore-tools/upgradable.go:24.72,26.29 2 1
github.com/linuxdeepin/lastore-daemon/src/lastore-tools/upgradable.go:26.29,28.3 1 1
github.com/linuxdeepin/lastore-daemon/src/lastore-tools/upgradable.go:29.2,30.30 2 1
github.com/linuxdeepin/lastore-daemon/src/lastore-tools/upgradable.go:33.79,35.17 2 1
github.com/linuxdeepin/lastore-daemon/src/lastore-tools/upgradable.go:36.9,41.4 1 1
github.com/linuxdeepin/lastore-daemon/src/lastore-tools/upgradable.go:43.2,43.12 1 1
github.com/linuxdeepin/lastore-daemon/src/lastore-tools/upgradable.go:46.151,48.29 2 1
github.com/linuxdeepin/lastore-daemon/src/lastore-tools/upgradable.go:48.29,50.18 2 1
github.com/linuxdeepin/lastore-daemon/src/lastore-tools/upgradable.go:50.18,51.12 1 1
github.com/linuxdeepin/lastore-daemon/src/lastore-tools/upgradable.go:53.3,54.31 2 1
github.com/linuxdeepin/lastore-daemon/src/lastore-tools/upgradable.go:56.2,56.14 1 1
github.com/linuxdeepin/lastore-daemon/src/lastore-tools/upgradable.go:59.59,68.17 6 1
github.com/linuxdeepin/lastore-daemon/src/lastore-tools/upgradable.go:68.17,70.58 2 1
github.com/linuxdeepin/lastore-daemon/src/lastore-tools/upgradable.go:70.58,72.12 2 1
github.com/linuxdeepin/lastore-daemon/src/lastore-tools/upgradable.go:75.3,75.10 1 1
github.com/linuxdeepin/lastore-daemon/src/lastore-tools/upgradable.go:75.10,76.12 1 1
github.com/linuxdeepin/lastore-daemon/src/lastore-tools/upgradable.go:79.3,79.36 1 1
github.com/linuxdeepin/lastore-daemon/src/lastore-tools/upgradable.go:79.36,80.9 1 1
github.com/linuxdeepin/lastore-daemon/src/lastore-tools/upgradable.go:83.3,83.42 1 1
github.com/linuxdeepin/lastore-daemon/src/lastore-tools/upgradable.go:83.42,85.4 1 1
github.com/linuxdeepin/lastore-daemon/src/lastore-tools/upgradable.go:88.2,88.10 1 1
github.com/linuxdeepin/lastore-daemon/src/lastore-tools/upgradable.go:91.73,93.16 2 0
github.com/linuxdeepin/lastore-daemon/src/lastore-tools/upgradable.go:93.16,95.3 1 0
github.com/linuxdeepin/lastore-daemon/src/lastore-tools/upgradable.go:96.2,96.18 1 0
github.com/linuxdeepin/lastore-daemon/src/lastore-tools/upgradable.go:96.18,98.3 1 0
github.com/linuxdeepin/lastore-daemon/src/lastore-tools/upgradable.go:99.2,102.50 2 0
github.com/linuxdeepin/lastore-daemon/src/lastore-tools/upgradable.go:102.50,103.19 1 0
github.com/linuxdeepin/lastore-daemon/src/lastore-tools/upgradable.go:103.19,106.4 2 0
github.com/linuxdeepin/lastore-daemon/src/lastore-tools/upgradable.go:106.9,109.4 2 0
github.com/linuxdeepin/lastore-daemon/src/lastore-tools/upgradable.go:111.2,114.16 4 0
github.com/linuxdeepin/lastore-daemon/src/lastore-tools/upgradable.go:114.16,116.3 1 0
github.com/linuxdeepin/lastore-daemon/src/lastore-tools/upgradable.go:117.2,118.16 2 0
github.com/linuxdeepin/lastore-daemon/src/lastore-tools/upgradable.go:118.16,120.3 1 0
github.com/linuxdeepin/lastore-daemon/src/lastore-tools/upgradable.go:121.2,121.50 1 0
github.com/linuxdeepin/lastore-daemon/src/lastore-tools/upgradable.go:121.50,123.3 1 0
github.com/linuxdeepin/lastore-daemon/src/lastore-tools/upgradable.go:125.2,128.16 3 0
github.com/linuxdeepin/lastore-daemon/src/lastore-tools/upgradable.go:128.16,130.3 1 0
github.com/linuxdeepin/lastore-daemon/src/lastore-tools/upgradable.go:132.2,134.53 3 0
github.com/linuxdeepin/lastore-daemon/src/lastore-tools/upgradable.go:134.53,136.3 1 0
github.com/linuxdeepin/lastore-daemon/src/lastore-tools/upgradable.go:137.2,138.16 2 0
github.com/linuxdeepin/lastore-daemon/src/lastore-tools/upgradable.go:138.16,140.3 1 0
github.com/linuxdeepin/lastore-daemon/src/lastore-tools/upgradable.go:141.2,142.19 2 0
github.com/linuxdeepin/lastore-daemon/src/lastore-tools/upgradable.go:145.53,148.16 3 0
github.com/linuxdeepin/lastore-daemon/src/lastore-tools/upgradable.go:148.16,150.3 1 0
github.com/linuxdeepin/lastore-daemon/src/lastore-tools/upgradable.go:152.2,153.16 2 0
github.com/linuxdeepin/lastore-daemon/src/lastore-tools/upgradable.go:153.16,155.3 1 0
github.com/linuxdeepin/lastore-daemon/src/lastore-tools/upgradable.go:157.2,158.72 2 0
github.com/linuxdeepin/lastore-daemon/src/lastore-tools/upgradable.go:158.72,160.3 1 0
github.com/linuxdeepin/lastore-daemon/src/lastore-tools/upgradable.go:161.2,161.81 1 0
github.com/linuxdeepin/lastore-daemon/src/lastore-tools/upgradable.go:161.81,162.43 1 0
github.com/linuxdeepin/lastore-daemon/src/lastore-tools/upgradable.go:162.43,164.4 1 0
github.com/linuxdeepin/lastore-daemon/src/lastore-tools/upgradable.go:166.2,166.10 1 0
github.com/linuxdeepin/lastore-daemon/src/lastore-tools/upgradable.go:169.51,171.57 2 0
github.com/linuxdeepin/lastore-daemon/src/lastore-tools/upgradable.go:171.57,174.17 3 0
github.com/linuxdeepin/lastore-daemon/src/lastore-tools/upgradable.go:174.17,175.26 1 0
github.com/linuxdeepin/lastore-daemon/src/lastore-tools/upgradable.go:175.26,177.5 1 0
github.com/linuxdeepin/lastore-daemon/src/lastore-tools/upgradable.go:177.10,183.11 5 0
github.com/linuxdeepin/lastore-daemon/src/lastore-tools/upgradable.go:183.11,186.6 2 0
github.com/linuxdeepin/lastore-daemon/src/lastore-tools/upgradable.go:186.11,189.6 2 0
github.com/linuxdeepin/lastore-daemon/src/lastore-tools/upgradable.go:190.5,190.50 1 0
github.com/linuxdeepin/lastore-daemon/src/lastore-tools/upgradable.go:192.9,198.4 1 0
github.com/linuxdeepin/lastore-daemon/src/lastore-tools/upgradable.go:200.2,200.43 1 0
github.com/linuxdeepin/lastore-daemon/src/lastore-update-tools/config/cache/appinfo.go:43.35,44.19 1 0
github.com/linuxdeepin/lastore-daemon/src/lastore-update-tools/config/cache/appinfo.go:44.19,46.3 1 0
github.com/linuxdeepin/lastore-daemon/src/lastore-update-tools/config/cache/appinfo.go:47.2,47.22 1 0
github.com/linuxdeepin/lastore-daemon/src/lastore-update-tools/config/cache/appinfo.go:47.22,49.3 1 0
github.com/linuxdeepin/lastore-daemon/src/lastore-update-tools/config/cache/appinfo.go:50.2,50.23 1 0
github.com/linuxdeepin/lastore-daemon/src/lastore-update-tools/config/cache/appinfo.go:50.23,52.3 1 0
github.com/linuxdeepin/lastore-daemon/src/lastore-update-tools/config/cache/appinfo.go:53.2,53.25 1 0
github.com/linuxdeepin/lastore-daemon/src/lastore-update-tools/config/cache/appinfo.go:53.25,55.3 1 0
github.com/linuxdeepin/lastore-daemon/src/lastore-update-tools/config/cache/appinfo.go:56.2,56.26 1 0
github.com/linuxdeepin/lastore-daemon/src/lastore-update-tools/config/cache/appinfo.go:56.26,58.3 1 0
github.com/linuxdeepin/lastore-daemon/src/lastore-update-tools/config/cache/appinfo.go:59.2,59.20 1 0
github.com/linuxdeepin/lastore-daemon/src/lastore-update-tools/config/cache/appinfo.go:59.20,61.3 1 0
github.com/linuxdeepin/lastore-daemon/src/lastore-update-tools/config/cache/appinfo.go:62.2,62.12 1 0
github.com/linuxdeepin/lastore-daemon/src/lastore-update-tools/config/cache/appinfo.go:65.54,70.48 3 0
github.com/linuxdeepin/lastore-daemon/src/lastore-update-tools/config/cache/appinfo.go:70.48,74.104 3 0
github.com/linuxdeepin/lastore-daemon/src/lastore-update-tools/config/cache/appinfo.go:74.104,77.4 1 0
github.com/linuxdeepin/lastore-daemon/src/lastore-update-tools/config/cache/appinfo.go:80.2,80.12 1 0
github.com/linuxdeepin/lastore-daemon/src/lastore-update-tools/config/cache/appinfo.go:89.68,90.52 1 1
github.com/linuxdeepin/lastore-daemon/src/lastore-update-tools/config/cache/appinfo.go:90.52,92.3 1 1
github.com/linuxdeepin/lastore-daemon/src/lastore-update-tools/config/cache/appinfo.go:93.2,93.52 1 1
github.com/linuxdeepin/lastore-daemon/src/lastore-update-tools/config/cache/appinfo.go:96.43,98.41 2 0
github.com/linuxdeepin/lastore-daemon/src/lastore-update-tools/config/cache/appinfo.go:98.41,100.3 1 0
github.com/linuxdeepin/lastore-daemon/src/lastore-update-tools/config/cache/appinfo.go:101.2,101.12 1 0
github.com/linuxdeepin/lastore-daemon/src/lastore-update-tools/config/cache/appinfo.go:104.46,106.68 2 1
github.com/linuxdeepin/lastore-daemon/src/lastore-update-tools/config/cache/appinfo.go:106.68,108.3 1 1
github.com/linuxdeepin/lastore-daemon/src/lastore-update-tools/config/cache/appinfo.go:109.2,109.12 1 0
github.com/linuxdeepin/lastore-daemon/src/lastore-update-tools/config/cache/appstate.go:52.34,54.9 1 1
github.com/linuxdeepin/lastore-daemon/src/lastore-update-tools/config/cache/appstate.go:55.15,56.15 1 1
github.com/linuxdeepin/lastore-daemon/src/lastore-update-tools/config/cache/appstate.go:57.225,58.14 1 1
github.com/linuxdeepin/lastore-daemon/src/lastore-update-tools/config/cache/appstate.go:59.10,60.15 1 1
github.com/linuxdeepin/lastore-daemon/src/lastore-update-tools/config/cache/appstate.go:64.47,65.9 1 1
github.com/linuxdeepin/lastore-daemon/src/lastore-update-tools/config/cache/appstate.go:66.114,67.19 1 1
github.com/linuxdeepin/lastore-daemon/src/lastore-update-tools/config/cache/appstate.go:68.19,69.20 1 1
github.com/linuxdeepin/lastore-daemon/src/lastore-update-tools/config/cache/appstate.go:70.15,71.42 1 1
github.com/linuxdeepin/lastore-daemon/src/lastore-update-tools/config/cache/appstate.go:72.10,73.50 1 1
github.com/linuxdeepin/lastore-daemon/src/lastore-update-tools/config/cache/appstate.go:77.50,78.9 1 1
github.com/linuxdeepin/lastore-daemon/src/lastore-update-tools/config/cache/appstate.go:79.106,80.19 1 1
github.com/linuxdeepin/lastore-daemon/src/lastore-update-tools/config/cache/appstate.go:81.19,82.20 1 1
github.com/linuxdeepin/lastore-daemon/src/lastore-update-tools/config/cache/appstate.go:83.15,84.42 1 1
github.com/linuxdeepin/lastore-daemon/src/lastore-update-tools/config/cache/appstate.go:85.10,86.50 1 1
github.com/linuxdeepin/lastore-daemon/src/lastore-update-tools/config/cache/config.go:22.29,24.2 1 1
github.com/linuxdeepin/lastore-daemon/src/lastore-update-tools/config/cache/config.go:26.32,28.2 1 1
github.com/linuxdeepin/lastore-daemon/src/lastore-update-tools/config/cache/config.go:30.34,32.2 1 1
github.com/linuxdeepin/lastore-daemon/src/lastore-update-tools/config/cache/config.go:34.35,36.2 1 1
github.com/linuxdeepin/lastore-daemon/src/lastore-update-tools/config/cache/config.go:58.48,60.2 1 1
github.com/linuxdeepin/lastore-daemon/src/lastore-update-tools/config/cache/package.go:54.13,58.38 4 1
github.com/linuxdeepin/lastore-daemon/src/lastore-update-tools/config/cache/package.go:58.38,60.12 2 1
github.com/linuxdeepin/lastore-daemon/src/lastore-update-tools/config/cache/package.go:61.12,62.12 1 1
github.com/linuxdeepin/lastore-daemon/src/lastore-update-tools/config/cache/package.go:63.11,64.43 1 0
github.com/linuxdeepin/lastore-daemon/src/lastore-update-tools/config/cache/package.go:65.11,67.28 2 1
github.com/linuxdeepin/lastore-daemon/src/lastore-update-tools/config/cache/package.go:67.28,69.5 1 1
github.com/linuxdeepin/lastore-daemon/src/lastore-update-tools/config/cache/package.go:107.36,109.16 2 1
github.com/linuxdeepin/lastore-daemon/src/lastore-update-tools/config/cache/package.go:109.16,111.3 1 0
github.com/linuxdeepin/lastore-daemon/src/lastore-update-tools/config/cache/package.go:112.2,112.20 1 1
github.com/linuxdeepin/lastore-daemon/src/lastore-update-tools/config/cache/package.go:115.46,120.43 4 1
github.com/linuxdeepin/lastore-daemon/src/lastore-update-tools/config/cache/package.go:120.43,121.48 1 1
github.com/linuxdeepin/lastore-daemon/src/lastore-update-tools/config/cache/package.go:121.48,122.12 1 0
github.com/linuxdeepin/lastore-daemon/src/lastore-update-tools/config/cache/package.go:123.9,126.17 3 1
github.com/linuxdeepin/lastore-daemon/src/lastore-update-tools/config/cache/package.go:126.17,127.13 1 1
github.com/linuxdeepin/lastore-daemon/src/lastore-update-tools/config/cache/package.go:129.4,129.59 1 1
github.com/linuxdeepin/lastore-daemon/src/lastore-update-tools/config/cache/package.go:129.59,131.5 1 0
github.com/linuxdeepin/lastore-daemon/src/lastore-update-tools/config/cache/package.go:135.2,135.26 1 1
github.com/linuxdeepin/lastore-daemon/src/lastore-update-tools/config/cache/package.go:139.54,141.27 2 1
github.com/linuxdeepin/lastore-daemon/src/lastore-update-tools/config/cache/package.go:141.27,142.45 1 1
github.com/linuxdeepin/lastore-daemon/src/lastore-update-tools/config/cache/package.go:142.45,144.4 1 1
github.com/linuxdeepin/lastore-daemon/src/lastore-update-tools/config/cache/package.go:155.41,157.2 1 1
github.com/linuxdeepin/lastore-daemon/src/lastore-update-tools/config/cache/package.go:159.56,160.66 1 1
github.com/linuxdeepin/lastore-daemon/src/lastore-update-tools/config/cache/package.go:160.66,162.3 1 1
github.com/linuxdeepin/lastore-daemon/src/lastore-update-tools/config/cache/package.go:163.2,165.21 3 1
github.com/linuxdeepin/lastore-daemon/src/lastore-update-tools/config/cache/package.go:165.21,168.41 3 1
github.com/linuxdeepin/lastore-daemon/src/lastore-update-tools/config/cache/package.go:168.41,170.4 1 1
github.com/linuxdeepin/lastore-daemon/src/lastore-update-tools/config/cache/package.go:171.3,174.5 1 1
github.com/linuxdeepin/lastore-daemon/src/lastore-update-tools/config/cache/package.go:176.2,176.20 1 1
github.com/linuxdeepin/lastore-daemon/src/lastore-update-tools/config/cache/package.go:180.84,183.2 2 1
github.com/linuxdeepin/lastore-daemon/src/lastore-update-tools/config/cache/package.go:186.97,188.2 1 1
github.com/linuxdeepin/lastore-daemon/src/lastore-update-tools/config/cache/package.go:190.108,193.27 3 1
github.com/linuxdeepin/lastore-daemon/src/lastore-update-tools/config/cache/package.go:193.27,194.32 1 1
github.com/linuxdeepin/lastore-daemon/src/lastore-update-tools/config/cache/package.go:194.32,196.33 2 1
github.com/linuxdeepin/lastore-daemon/src/lastore-update-tools/config/cache/package.go:196.33,197.17 1 1
github.com/linuxdeepin/lastore-daemon/src/lastore-update-tools/config/cache/package.go:197.17,198.78 1 1
github.com/linuxdeepin/lastore-daemon/src/lastore-update-tools/config/cache/package.go:198.78,200.7 1 1
github.com/linuxdeepin/lastore-daemon/src/lastore-update-tools/config/cache/package.go:207.11,209.6 1 1
github.com/linuxdeepin/lastore-daemon/src/lastore-update-tools/config/cache/package.go:210.10,212.5 1 1
github.com/linuxdeepin/lastore-daemon/src/lastore-update-tools/config/cache/package.go:216.2,217.25 2 1
github.com/linuxdeepin/lastore-daemon/src/lastore-update-tools/config/cache/package.go:217.25,219.3 1 1
github.com/linuxdeepin/lastore-daemon/src/lastore-update-tools/config/cache/package.go:220.2,220.26 1 1
github.com/linuxdeepin/lastore-daemon/src/lastore-update-tools/config/cache/package.go:223.55,225.37 2 1
github.com/linuxdeepin/lastore-daemon/src/lastore-update-tools/config/cache/package.go:225.37,227.3 1 0
github.com/linuxdeepin/lastore-daemon/src/lastore-update-tools/config/cache/package.go:227.8,229.3 1 1
github.com/linuxdeepin/lastore-daemon/src/lastore-update-tools/config/cache/package.go:230.2,230.37 1 1
github.com/linuxdeepin/lastore-daemon/src/lastore-update-tools/config/cache/package.go:230.37,232.3 1 1
github.com/linuxdeepin/lastore-daemon/src/lastore-update-tools/config/cache/package.go:232.8,234.3 1 1
github.com/linuxdeepin/lastore-daemon/src/lastore-update-tools/config/cache/package.go:235.2,235.42 1 1
github.com/linuxdeepin/lastore-daemon/src/lastore-update-tools/config/cache/package.go:235.42,237.3 1 0
github.com/linuxdeepin/lastore-daemon/src/lastore-update-tools/config/cache/package.go:237.8,239.3 1 1
github.com/linuxdeepin/lastore-daemon/src/lastore-update-tools/config/cache/package.go:240.2,240.38 1 1
github.com/linuxdeepin/lastore-daemon/src/lastore-update-tools/config/cache/package.go:240.38,242.3 1 0
github.com/linuxdeepin/lastore-daemon/src/lastore-update-tools/config/cache/package.go:242.8,244.3 1 1
github.com/linuxdeepin/lastore-daemon/src/lastore-update-tools/config/cache/package.go:245.2,245.36 1 1
github.com/linuxdeepin/lastore-daemon/src/lastore-update-tools/config/cache/package.go:245.36,247.3 1 0
github.com/linuxdeepin/lastore-daemon/src/lastore-update-tools/config/cache/package.go:247.8,249.3 1 1
github.com/linuxdeepin/lastore-daemon/src/lastore-update-tools/config/cache/package.go:251.2,251.33 1 1
github.com/linuxdeepin/lastore-daemon/src/lastore-update-tools/config/cache/package.go:251.33,252.50 1 1
github.com/linuxdeepin/lastore-daemon/src/lastore-update-tools/config/cache/package.go:252.50,254.4 1 1
github.com/linuxdeepin/lastore-daemon/src/lastore-update-tools/config/cache/package.go:255.8,257.3 1 0
github.com/linuxdeepin/lastore-daemon/src/lastore-update-tools/config/cache/package.go:259.2,259.43 1 1
github.com/linuxdeepin/lastore-daemon/src/lastore-update-tools/config/cache/package.go:259.43,260.50 1 1
github.com/linuxdeepin/lastore-daemon/src/lastore-update-tools/config/cache/package.go:260.50,262.4 1 1
github.com/linuxdeepin/lastore-daemon/src/lastore-update-tools/config/cache/package.go:263.8,265.3 1 0
github.com/linuxdeepin/lastore-daemon/src/lastore-update-tools/config/cache/package.go:267.2,267.22 1 1
github.com/linuxdeepin/lastore-daemon/src/lastore-update-tools/config/cache/package.go:269.141,272.2 2 1
github.com/linuxdeepin/lastore-daemon/src/lastore-update-tools/config/cache/package.go:274.134,278.6 3 1
github.com/linuxdeepin/lastore-daemon/src/lastore-update-tools/config/cache/package.go:278.6,280.17 2 1
github.com/linuxdeepin/lastore-daemon/src/lastore-update-tools/config/cache/package.go:280.17,282.4 1 0
github.com/linuxdeepin/lastore-daemon/src/lastore-update-tools/config/cache/package.go:283.3,283.20 1 1
github.com/linuxdeepin/lastore-daemon/src/lastore-update-tools/config/cache/package.go:283.20,284.9 1 1
github.com/linuxdeepin/lastore-daemon/src/lastore-update-tools/config/cache/package.go:286.3,286.23 1 1
github.com/linuxdeepin/lastore-daemon/src/lastore-update-tools/config/cache/package.go:286.23,288.18 2 1
github.com/linuxdeepin/lastore-daemon/src/lastore-update-tools/config/cache/package.go:288.18,290.5 1 0
github.com/linuxdeepin/lastore-daemon/src/lastore-update-tools/config/cache/package.go:291.4,291.26 1 1
github.com/linuxdeepin/lastore-daemon/src/lastore-update-tools/config/cache/package.go:291.26,292.40 1 1
github.com/linuxdeepin/lastore-daemon/src/lastore-update-tools/config/cache/package.go:292.40,293.11 1 0
github.com/linuxdeepin/lastore-daemon/src/lastore-update-tools/config/cache/package.go:294.11,295.18 1 1
github.com/linuxdeepin/lastore-daemon/src/lastore-update-tools/config/cache/package.go:295.18,297.7 1 1
github.com/linuxdeepin/lastore-daemon/src/lastore-update-tools/config/cache/package.go:304.2,304.20 1 1
github.com/linuxdeepin/lastore-daemon/src/lastore-update-tools/config/cache/package.go:307.116,311.6 3 1
github.com/linuxdeepin/lastore-daemon/src/lastore-update-tools/config/cache/package.go:311.6,313.17 2 1
github.com/linuxdeepin/lastore-daemon/src/lastore-update-tools/config/cache/package.go:313.17,315.4 1 0
github.com/linuxdeepin/lastore-daemon/src/lastore-update-tools/config/cache/package.go:316.3,316.20 1 1
github.com/linuxdeepin/lastore-daemon/src/lastore-update-tools/config/cache/package.go:316.20,317.9 1 1
github.com/linuxdeepin/lastore-daemon/src/lastore-update-tools/config/cache/package.go:319.3,319.23 1 1
github.com/linuxdeepin/lastore-daemon/src/lastore-update-tools/config/cache/package.go:319.23,321.18 2 1
github.com/linuxdeepin/lastore-daemon/src/lastore-update-tools/config/cache/package.go:321.18,323.5 1 0
github.com/linuxdeepin/lastore-daemon/src/lastore-update-tools/config/cache/package.go:324.4,324.33 1 1
github.com/linuxdeepin/lastore-daemon/src/lastore-update-tools/config/cache/package.go:327.2,327.20 1 1
github.com/linuxdeepin/lastore-daemon/src/lastore-update-tools/config/cache/package.go:331.88,332.39 1 1
github.com/linuxdeepin/lastore-daemon/src/lastore-update-tools/config/cache/package.go:332.39,334.3 1 1
github.com/linuxdeepin/lastore-daemon/src/lastore-update-tools/config/cache/package.go:336.2,336.39 1 1
github.com/linuxdeepin/lastore-daemon/src/lastore-update-tools/config/cache/package.go:336.39,338.3 1 1
github.com/linuxdeepin/lastore-daemon/src/lastore-update-tools/config/cache/package.go:340.2,347.6 6 1
github.com/linuxdeepin/lastore-daemon/src/lastore-update-tools/config/cache/package.go:347.6,348.19 1 1
github.com/linuxdeepin/lastore-daemon/src/lastore-update-tools/config/cache/package.go:348.19,350.9 2 1
github.com/linuxdeepin/lastore-daemon/src/lastore-update-tools/config/cache/package.go:352.3,352.19 1 1
github.com/linuxdeepin/lastore-daemon/src/lastore-update-tools/config/cache/package.go:352.19,354.9 2 1
github.com/linuxdeepin/lastore-daemon/src/lastore-update-tools/config/cache/package.go:357.3,357.10 1 1
github.com/linuxdeepin/lastore-daemon/src/lastore-update-tools/config/cache/package.go:358.53,361.12 3 1
github.com/linuxdeepin/lastore-daemon/src/lastore-update-tools/config/cache/package.go:362.52,364.7 2 1
github.com/linuxdeepin/lastore-daemon/src/lastore-update-tools/config/cache/package.go:365.11,367.7 2 1
github.com/linuxdeepin/lastore-daemon/src/lastore-update-tools/config/cache/package.go:370.2,370.8 1 1
github.com/linuxdeepin/lastore-daemon/src/lastore-update-tools/config/cache/package.go:376.32,378.2 1 1
github.com/linuxdeepin/lastore-daemon/src/lastore-update-tools/config/cache/package.go:380.34,382.20 2 1
github.com/linuxdeepin/lastore-daemon/src/lastore-update-tools/config/cache/package.go:382.20,383.86 1 1
github.com/linuxdeepin/lastore-daemon/src/lastore-update-tools/config/cache/package.go:383.86,385.4 1 1
github.com/linuxdeepin/lastore-daemon/src/lastore-update-tools/config/cache/package.go:387.2,387.13 1 1
github.com/linuxdeepin/lastore-daemon/src/lastore-update-tools/config/cache/package.go:390.50,391.18 1 1
github.com/linuxdeepin/lastore-daemon/src/lastore-update-tools/config/cache/package.go:391.18,393.3 1 1
github.com/linuxdeepin/lastore-daemon/src/lastore-update-tools/config/cache/package.go:394.2,394.20 1 1
github.com/linuxdeepin/lastore-daemon/src/lastore-update-tools/config/cache/package.go:394.20,396.3 1 1
github.com/linuxdeepin/lastore-daemon/src/lastore-update-tools/config/cache/package.go:398.2,404.30 6 1
github.com/linuxdeepin/lastore-daemon/src/lastore-update-tools/config/cache/package.go:404.30,408.3 3 1
github.com/linuxdeepin/lastore-daemon/src/lastore-update-tools/config/cache/package.go:409.2,410.12 2 1
github.com/linuxdeepin/lastore-daemon/src/lastore-update-tools/config/cache/package.go:413.51,414.23 1 1
github.com/linuxdeepin/lastore-daemon/src/lastore-update-tools/config/cache/package.go:414.23,415.19 1 1
github.com/linuxdeepin/lastore-daemon/src/lastore-update-tools/config/cache/package.go:415.19,417.4 1 1
github.com/linuxdeepin/lastore-daemon/src/lastore-update-tools/config/cache/package.go:418.3,418.21 1 1
github.com/linuxdeepin/lastore-daemon/src/lastore-update-tools/config/cache/package.go:418.21,420.4 1 0
github.com/linuxdeepin/lastore-daemon/src/lastore-update-tools/config/cache/package.go:423.2,424.23 2 1
github.com/linuxdeepin/lastore-daemon/src/lastore-update-tools/config/cache/package.go:424.23,425.14 1 1
github.com/linuxdeepin/lastore-daemon/src/lastore-update-tools/config/cache/package.go:425.14,426.12 1 1
github.com/linuxdeepin/lastore-daemon/src/lastore-update-tools/config/cache/package.go:428.3,433.33 5 1
github.com/linuxdeepin/lastore-daemon/src/lastore-update-tools/config/cache/package.go:433.33,436.4 2 0
github.com/linuxdeepin/lastore-daemon/src/lastore-update-tools/config/cache/package.go:437.3,438.26 2 1
github.com/linuxdeepin/lastore-daemon/src/lastore-update-tools/config/cache/package.go:440.2,441.12 2 1
github.com/linuxdeepin/lastore-daemon/src/lastore-update-tools/config/cache/package.go:446.47,452.18 6 1
github.com/linuxdeepin/lastore-daemon/src/lastore-update-tools/config/cache/package.go:452.18,454.17 2 1
github.com/linuxdeepin/lastore-daemon/src/lastore-update-tools/config/cache/package.go:454.17,455.17 1 1
github.com/linuxdeepin/lastore-daemon/src/lastore-update-tools/config/cache/package.go:455.17,457.5 1 1
github.com/linuxdeepin/lastore-daemon/src/lastore-update-tools/config/cache/package.go:458.4,458.23 1 1
github.com/linuxdeepin/lastore-daemon/src/lastore-update-tools/config/cache/package.go:458.23,460.5 1 1
github.com/linuxdeepin/lastore-daemon/src/lastore-update-tools/config/cache/package.go:461.4,461.12 1 0
github.com/linuxdeepin/lastore-daemon/src/lastore-update-tools/config/cache/package.go:463.3,463.40 1 1
github.com/linuxdeepin/lastore-daemon/src/lastore-update-tools/config/cache/package.go:463.40,465.4 1 1
github.com/linuxdeepin/lastore-daemon/src/lastore-update-tools/config/cache/package.go:465.9,466.17 1 1
github.com/linuxdeepin/lastore-daemon/src/lastore-update-tools/config/cache/package.go:466.17,468.5 1 1
github.com/linuxdeepin/lastore-daemon/src/lastore-update-tools/config/cache/package.go:469.4,470.29 2 1
github.com/linuxdeepin/lastore-daemon/src/lastore-update-tools/config/cache/package.go:470.29,472.5 1 1
github.com/linuxdeepin/lastore-daemon/src/lastore-update-tools/config/cache/package.go:473.4,474.19 2 1
github.com/linuxdeepin/lastore-daemon/src/lastore-update-tools/config/cache/package.go:478.2,478.20 1 1
github.com/linuxdeepin/lastore-daemon/src/lastore-update-tools/config/cache/package.go:488.58,489.15 1 1
github.com/linuxdeepin/lastore-daemon/src/lastore-update-tools/config/cache/package.go:491.10,492.14 1 1
github.com/linuxdeepin/lastore-daemon/src/lastore-update-tools/config/cache/package.go:493.21,494.14 1 1
github.com/linuxdeepin/lastore-daemon/src/lastore-update-tools/config/cache/package.go:495.15,496.14 1 1
github.com/linuxdeepin/lastore-daemon/src/lastore-update-tools/config/cache/package.go:497.17,498.14 1 1
github.com/linuxdeepin/lastore-daemon/src/lastore-update-tools/config/cache/package.go:499.24,500.14 1 1
github.com/linuxdeepin/lastore-daemon/src/lastore-update-tools/config/cache/package.go:501.26,502.14 1 1
github.com/linuxdeepin/lastore-daemon/src/lastore-update-tools/config/cache/package.go:503.26,504.14 1 1
github.com/linuxdeepin/lastore-daemon/src/lastore-update-tools/config/cache/package.go:505.22,506.14 1 1
github.com/linuxdeepin/lastore-daemon/src/lastore-update-tools/config/cache/package.go:507.16,508.19 1 1
github.com/linuxdeepin/lastore-daemon/src/lastore-update-tools/config/cache/package.go:509.14,510.19 1 1
github.com/linuxdeepin/lastore-daemon/src/lastore-update-tools/config/cache/package.go:511.16,512.19 1 1
github.com/linuxdeepin/lastore-daemon/src/lastore-update-tools/config/cache/package.go:513.16,514.19 1 1
github.com/linuxdeepin/lastore-daemon/src/lastore-update-tools/config/cache/package.go:516.2,516.14 1 1
github.com/linuxdeepin/lastore-daemon/src/lastore-update-tools/config/cache/package.go:519.41,521.15 2 1
github.com/linuxdeepin/lastore-daemon/src/lastore-update-tools/config/cache/package.go:522.34,523.15 1 1
github.com/linuxdeepin/lastore-daemon/src/lastore-update-tools/config/cache/package.go:524.16,525.18 1 1
github.com/linuxdeepin/lastore-daemon/src/lastore-update-tools/config/cache/package.go:526.22,527.24 1 1
github.com/linuxdeepin/lastore-daemon/src/lastore-update-tools/config/cache/package.go:528.30,529.32 1 1
github.com/linuxdeepin/lastore-daemon/src/lastore-update-tools/config/cache/package.go:532.2,534.39 2 1
github.com/linuxdeepin/lastore-daemon/src/lastore-update-tools/config/cache/package.go:534.39,535.18 1 1
github.com/linuxdeepin/lastore-daemon/src/lastore-update-tools/config/cache/package.go:535.18,538.4 2 1
github.com/linuxdeepin/lastore-daemon/src/lastore-update-tools/config/cache/package.go:540.3,540.15 1 1
github.com/linuxdeepin/lastore-daemon/src/lastore-update-tools/config/cache/package.go:540.15,542.4 1 1
github.com/linuxdeepin/lastore-daemon/src/lastore-update-tools/config/cache/package.go:544.3,544.28 1 1
github.com/linuxdeepin/lastore-daemon/src/lastore-update-tools/config/cache/package.go:556.88,565.2 3 1
github.com/linuxdeepin/lastore-daemon/src/lastore-update-tools/config/cache/package.go:568.58,573.23 4 1
github.com/linuxdeepin/lastore-daemon/src/lastore-update-tools/config/cache/package.go:573.23,577.17 2 1
github.com/linuxdeepin/lastore-daemon/src/lastore-update-tools/config/cache/package.go:577.17,578.23 1 1
github.com/linuxdeepin/lastore-daemon/src/lastore-update-tools/config/cache/package.go:578.23,580.5 1 1
github.com/linuxdeepin/lastore-daemon/src/lastore-update-tools/config/cache/package.go:581.4,581.12 1 1
github.com/linuxdeepin/lastore-daemon/src/lastore-update-tools/config/cache/package.go:584.3,584.57 1 1
github.com/linuxdeepin/lastore-daemon/src/lastore-update-tools/config/cache/package.go:584.57,585.12 1 1
github.com/linuxdeepin/lastore-daemon/src/lastore-update-tools/config/cache/package.go:591.9,593.23 2 1
github.com/linuxdeepin/lastore-daemon/src/lastore-update-tools/config/cache/package.go:593.23,595.5 1 1
github.com/linuxdeepin/lastore-daemon/src/lastore-update-tools/config/cache/package.go:596.4,598.26 3 1
github.com/linuxdeepin/lastore-daemon/src/lastore-update-tools/config/cache/package.go:598.26,600.23 2 1
github.com/linuxdeepin/lastore-daemon/src/lastore-update-tools/config/cache/package.go:600.23,602.6 1 1
github.com/linuxdeepin/lastore-daemon/src/lastore-update-tools/config/cache/package.go:603.10,605.5 1 1
github.com/linuxdeepin/lastore-daemon/src/lastore-update-tools/config/cache/package.go:608.2,608.40 1 1
github.com/linuxdeepin/lastore-daemon/src/lastore-update-tools/config/cache/package.go:608.40,610.3 1 0
github.com/linuxdeepin/lastore-daemon/src/lastore-update-tools/config/cache/package.go:611.2,611.21 1 1
github.com/linuxdeepin/lastore-daemon/src/lastore-update-tools/config/cache/package.go:611.21,613.3 1 0
github.com/linuxdeepin/lastore-daemon/src/lastore-update-tools/config/cache/package.go:614.2,614.17 1 1
github.com/linuxdeepin/lastore-daemon/src/lastore-update-tools/config/cache/repoinfo.go:23.57,28.48 3 1
github.com/linuxdeepin/lastore-daemon/src/lastore-update-tools/config/cache/repoinfo.go:28.48,32.104 3 1
github.com/linuxdeepin/lastore-daemon/src/lastore-update-tools/config/cache/repoinfo.go:32.104,35.4 1 1
github.com/linuxdeepin/lastore-daemon/src/lastore-update-tools/config/cache/repoinfo.go:38.2,38.12 1 1
github.com/linuxdeepin/lastore-daemon/src/lastore-update-tools/config/cache/repoinfo.go:42.43,43.49 1 1
github.com/linuxdeepin/lastore-daemon/src/lastore-update-tools/config/cache/repoinfo.go:43.49,45.3 1 1
github.com/linuxdeepin/lastore-daemon/src/lastore-update-tools/config/cache/repoinfo.go:46.2,46.50 1 1
github.com/linuxdeepin/lastore-daemon/src/lastore-update-tools/config/cache/repoinfo.go:46.50,48.3 1 0
github.com/linuxdeepin/lastore-daemon/src/lastore-update-tools/config/cache/repoinfo.go:49.2,49.12 1 1
github.com/linuxdeepin/lastore-daemon/src/lastore-update-tools/config/cache/repoinfo.go:53.49,54.48 1 1
github.com/linuxdeepin/lastore-daemon/src/lastore-update-tools/config/cache/repoinfo.go:54.48,56.3 1 1
github.com/linuxdeepin/lastore-daemon/src/lastore-update-tools/config/cache/repoinfo.go:57.2,57.12 1 1
github.com/linuxdeepin/lastore-daemon/src/lastore-update-tools/config/cache/repoinfo.go:61.50,63.79 1 1
github.com/linuxdeepin/lastore-daemon/src/lastore-update-tools/config/cache/repoinfo.go:63.79,65.3 1 0
github.com/linuxdeepin/lastore-daemon/src/lastore-update-tools/config/cache/repoinfo.go:67.2,67.12 1 1
github.com/linuxdeepin/lastore-daemon/src/lastore-update-tools/config/cache/repoinfo.go:71.65,72.60 1 1
github.com/linuxdeepin/lastore-daemon/src/lastore-update-tools/config/cache/repoinfo.go:72.60,74.3 1 1
github.com/linuxdeepin/lastore-daemon/src/lastore-update-tools/config/cache/repoinfo.go:76.2,76.12 1 1
github.com/linuxdeepin/lastore-daemon/src/lastore-update-tools/config/cache/update.go:33.50,35.41 1 1
github.com/linuxdeepin/lastore-daemon/src/lastore-update-tools/config/cache/update.go:35.41,37.3 1 1
github.com/linuxdeepin/lastore-daemon/src/lastore-update-tools/config/cache/update.go:38.2,39.16 2 1
github.com/linuxdeepin/lastore-daemon/src/lastore-update-tools/config/cache/update.go:39.16,41.3 1 0
github.com/linuxdeepin/lastore-daemon/src/lastore-update-tools/config/cache/update.go:43.2,43.52 1 1
github.com/linuxdeepin/lastore-daemon/src/lastore-update-tools/config/cache/update.go:43.52,45.3 1 0
github.com/linuxdeepin/lastore-daemon/src/lastore-update-tools/config/cache/update.go:47.2,47.12 1 1
github.com/linuxdeepin/lastore-daemon/src/lastore-update-tools/config/cache/update.go:50.100,52.2 1 0
github.com/linuxdeepin/lastore-daemon/src/lastore-update-tools/config/cache/update.go:54.77,56.33 1 1
github.com/linuxdeepin/lastore-daemon/src/lastore-update-tools/config/cache/update.go:56.33,58.3 1 1
github.com/linuxdeepin/lastore-daemon/src/lastore-update-tools/config/cache/update.go:58.8,60.3 1 1
github.com/linuxdeepin/lastore-daemon/src/lastore-update-tools/config/cache/update.go:61.2,63.16 2 1
github.com/linuxdeepin/lastore-daemon/src/lastore-update-tools/config/cache/update.go:63.16,65.3 1 0
github.com/linuxdeepin/lastore-daemon/src/lastore-update-tools/config/cache/update.go:67.2,68.16 2 1
github.com/linuxdeepin/lastore-daemon/src/lastore-update-tools/config/cache/update.go:68.16,70.3 1 0
github.com/linuxdeepin/lastore-daemon/src/lastore-update-tools/config/cache/update.go:72.2,72.12 1 1
github.com/linuxdeepin/lastore-daemon/src/lastore-update-tools/config/cache/update.go:75.57,78.60 3 1
github.com/linuxdeepin/lastore-daemon/src/lastore-update-tools/config/cache/update.go:78.60,81.3 2 1
github.com/linuxdeepin/lastore-daemon/src/lastore-update-tools/config/cache/update.go:82.2,83.57 2 1
github.com/linuxdeepin/lastore-daemon/src/lastore-update-tools/config/cache/update.go:83.57,86.3 2 1
github.com/linuxdeepin/lastore-daemon/src/lastore-update-tools/config/cache/update.go:87.2,87.12 1 1
github.com/linuxdeepin/lastore-daemon/src/lastore-update-tools/config/cache/updateinfo.go:35.48,36.29 1 1
github.com/linuxdeepin/lastore-daemon/src/lastore-update-tools/config/cache/updateinfo.go:36.29,38.3 1 1
github.com/linuxdeepin/lastore-daemon/src/lastore-update-tools/config/cache/updateinfo.go:40.2,40.23 1 1
github.com/linuxdeepin/lastore-daemon/src/lastore-update-tools/config/cache/updateinfo.go:40.23,42.3 1 1
github.com/linuxdeepin/lastore-daemon/src/lastore-update-tools/config/cache/updateinfo.go:44.2,44.30 1 1
github.com/linuxdeepin/lastore-daemon/src/lastore-update-tools/config/cache/updateinfo.go:44.30,46.3 1 1
github.com/linuxdeepin/lastore-daemon/src/lastore-update-tools/config/cache/updateinfo.go:49.2,49.45 1 1
github.com/linuxdeepin/lastore-daemon/src/lastore-update-tools/config/cache/updateinfo.go:49.45,50.53 1 1
github.com/linuxdeepin/lastore-daemon/src/lastore-update-tools/config/cache/updateinfo.go:50.53,52.4 1 0
github.com/linuxdeepin/lastore-daemon/src/lastore-update-tools/config/cache/updateinfo.go:55.2,55.12 1 1
github.com/linuxdeepin/lastore-daemon/src/lastore-update-tools/config/cache/updateinfo.go:58.53,59.41 1 1
github.com/linuxdeepin/lastore-daemon/src/lastore-update-tools/config/cache/updateinfo.go:59.41,61.3 1 1
github.com/linuxdeepin/lastore-daemon/src/lastore-update-tools/config/cache/updateinfo.go:62.2,63.16 2 1
github.com/linuxdeepin/lastore-daemon/src/lastore-update-tools/config/cache/updateinfo.go:63.16,65.3 1 0
github.com/linuxdeepin/lastore-daemon/src/lastore-update-tools/config/cache/updateinfo.go:66.2,66.52 1 1
github.com/linuxdeepin/lastore-daemon/src/lastore-update-tools/config/cache/updateinfo.go:66.52,68.3 1 1
github.com/linuxdeepin/lastore-daemon/src/lastore-update-tools/config/cache/updateinfo.go:69.2,69.12 1 1
github.com/linuxdeepin/lastore-daemon/src/lastore-update-tools/config/cache/updateinfo.go:73.56,77.52 2 1
github.com/linuxdeepin/lastore-daemon/src/lastore-update-tools/config/cache/updateinfo.go:77.52,80.3 2 1
github.com/linuxdeepin/lastore-daemon/src/lastore-update-tools/config/cache/updateinfo.go:82.2,82.22 1 1
github.com/linuxdeepin/lastore-daemon/src/lastore-update-tools/config/cache/updateinfo.go:82.22,84.3 1 1
github.com/linuxdeepin/lastore-daemon/src/lastore-update-tools/config/cache/updateinfo.go:85.2,85.33 1 1
github.com/linuxdeepin/lastore-daemon/src/lastore-update-tools/config/cache/updateinfo.go:85.33,88.3 2 1
github.com/linuxdeepin/lastore-daemon/src/lastore-update-tools/config/cache/updateinfo.go:90.2,90.12 1 1
github.com/linuxdeepin/lastore-daemon/src/lastore-update-tools/config/meta/config.go:12.59,15.16 2 1
github.com/linuxdeepin/lastore-daemon/src/lastore-update-tools/config/meta/config.go:15.16,17.3 1 1
github.com/linuxdeepin/lastore-daemon/src/lastore-update-tools/config/meta/config.go:18.2,22.16 3 1
github.com/linuxdeepin/lastore-daemon/src/lastore-update-tools/config/meta/config.go:22.16,24.3 1 0
github.com/linuxdeepin/lastore-daemon/src/lastore-update-tools/config/meta/config.go:27.2,28.31 2 1
github.com/linuxdeepin/lastore-daemon/src/lastore-update-tools/config/meta/config.go:28.31,30.3 1 0
github.com/linuxdeepin/lastore-daemon/src/lastore-update-tools/config/meta/config.go:33.2,34.53 2 1
github.com/linuxdeepin/lastore-daemon/src/lastore-update-tools/config/meta/config.go:34.53,36.3 1 0
github.com/linuxdeepin/lastore-daemon/src/lastore-update-tools/config/meta/config.go:38.2,39.60 2 1
github.com/linuxdeepin/lastore-daemon/src/lastore-update-tools/config/meta/config.go:39.60,41.3 1 1
github.com/linuxdeepin/lastore-daemon/src/lastore-update-tools/config/meta/config.go:43.2,45.12 2 1
github.com/linuxdeepin/lastore-daemon/src/lastore-update-tools/controller/check/check.go:24.37,25.17 1 1
github.com/linuxdeepin/lastore-daemon/src/lastore-update-tools/controller/check/check.go:25.17,27.3 1 1
github.com/linuxdeepin/lastore-daemon/src/lastore-update-tools/controller/check/check.go:33.63,34.57 1 0
github.com/linuxdeepin/lastore-daemon/src/lastore-update-tools/controller/check/check.go:34.57,40.3 1 0
github.com/linuxdeepin/lastore-daemon/src/lastore-update-tools/controller/check/check.go:41.2,41.12 1 0
github.com/linuxdeepin/lastore-daemon/src/lastore-update-tools/controller/check/check.go:45.35,48.65 1 0
github.com/linuxdeepin/lastore-daemon/src/lastore-update-tools/controller/check/check.go:48.65,54.3 1 0
github.com/linuxdeepin/lastore-daemon/src/lastore-update-tools/controller/check/check.go:55.2,55.66 1 0
github.com/linuxdeepin/lastore-daemon/src/lastore-update-tools/controller/check/check.go:55.66,61.3 1 0
github.com/linuxdeepin/lastore-daemon/src/lastore-update-tools/controller/check/check.go:62.2,63.16 2 0
github.com/linuxdeepin/lastore-daemon/src/lastore-update-tools/controller/check/check.go:63.16,69.3 1 0
github.com/linuxdeepin/lastore-daemon/src/lastore-update-tools/controller/check/check.go:70.2,70.22 1 0
github.com/linuxdeepin/lastore-daemon/src/lastore-update-tools/controller/check/check.go:70.22,76.3 1 0
github.com/linuxdeepin/lastore-daemon/src/lastore-update-tools/controller/check/check.go:78.2,79.16 2 0
github.com/linuxdeepin/lastore-daemon/src/lastore-update-tools/controller/check/check.go:79.16,85.3 1 0
github.com/linuxdeepin/lastore-daemon/src/lastore-update-tools/controller/check/check.go:86.2,86.23 1 0
github.com/linuxdeepin/lastore-daemon/src/lastore-update-tools/controller/check/check.go:86.23,92.3 1 0
github.com/linuxdeepin/lastore-daemon/src/lastore-update-tools/controller/check/check.go:94.2,94.12 1 0
github.com/linuxdeepin/lastore-daemon/src/lastore-update-tools/controller/check/check.go:98.41,99.42 1 1
github.com/linuxdeepin/lastore-daemon/src/lastore-update-tools/controller/check/check.go:99.42,101.35 1 1
github.com/linuxdeepin/lastore-daemon/src/lastore-update-tools/controller/check/check.go:101.35,104.4 2 1
github.com/linuxdeepin/lastore-daemon/src/lastore-update-tools/controller/check/check.go:106.3,106.67 1 1
github.com/linuxdeepin/lastore-daemon/src/lastore-update-tools/controller/check/check.go:106.67,108.4 1 1
github.com/linuxdeepin/lastore-daemon/src/lastore-update-tools/controller/check/check.go:110.3,110.17 1 1
github.com/linuxdeepin/lastore-daemon/src/lastore-update-tools/controller/check/check.go:110.17,112.4 1 0
github.com/linuxdeepin/lastore-daemon/src/lastore-update-tools/controller/check/check.go:115.3,115.38 1 1
github.com/linuxdeepin/lastore-daemon/src/lastore-update-tools/controller/check/check.go:115.38,119.18 4 1
github.com/linuxdeepin/lastore-daemon/src/lastore-update-tools/controller/check/check.go:119.18,122.5 1 1
github.com/linuxdeepin/lastore-daemon/src/lastore-update-tools/controller/check/check.go:123.4,123.62 1 1
github.com/linuxdeepin/lastore-daemon/src/lastore-update-tools/controller/check/check.go:125.3,125.13 1 1
github.com/linuxdeepin/lastore-daemon/src/lastore-update-tools/controller/check/check.go:128.2,129.19 2 1
github.com/linuxdeepin/lastore-daemon/src/lastore-update-tools/controller/check/check.go:130.28,131.67 1 1
github.com/linuxdeepin/lastore-daemon/src/lastore-update-tools/controller/check/check.go:132.29,133.68 1 1
github.com/linuxdeepin/lastore-daemon/src/lastore-update-tools/controller/check/check.go:134.30,135.69 1 1
github.com/linuxdeepin/lastore-daemon/src/lastore-update-tools/controller/check/check.go:136.31,137.70 1 1
github.com/linuxdeepin/lastore-daemon/src/lastore-update-tools/controller/check/check.go:138.28,139.67 1 1
github.com/linuxdeepin/lastore-daemon/src/lastore-update-tools/controller/check/check.go:140.29,141.68 1 1
github.com/linuxdeepin/lastore-daemon/src/lastore-update-tools/controller/check/check.go:142.29,143.68 1 1
github.com/linuxdeepin/lastore-daemon/src/lastore-update-tools/controller/check/check.go:144.29,145.68 1 1
github.com/linuxdeepin/lastore-daemon/src/lastore-update-tools/controller/check/check.go:146.30,147.69 1 1
github.com/linuxdeepin/lastore-daemon/src/lastore-update-tools/controller/check/check.go:148.10,149.40 1 1
github.com/linuxdeepin/lastore-daemon/src/lastore-update-tools/controller/check/check.go:152.2,152.16 1 1
github.com/linuxdeepin/lastore-daemon/src/lastore-update-tools/controller/check/check.go:152.16,154.3 1 1
github.com/linuxdeepin/lastore-daemon/src/lastore-update-tools/controller/check/check.go:156.2,156.12 1 1
github.com/linuxdeepin/lastore-daemon/src/lastore-update-tools/controller/check/check.go:160.53,162.16 2 0
github.com/linuxdeepin/lastore-daemon/src/lastore-update-tools/controller/check/check.go:162.16,168.3 1 0
github.com/linuxdeepin/lastore-daemon/src/lastore-update-tools/controller/check/check.go:169.2,169.26 1 0
github.com/linuxdeepin/lastore-daemon/src/lastore-update-tools/controller/check/check.go:169.26,176.3 2 0
github.com/linuxdeepin/lastore-daemon/src/lastore-update-tools/controller/check/check.go:177.2,178.12 2 0
github.com/linuxdeepin/lastore-daemon/src/lastore-update-tools/controller/check/check.go:182.53,184.16 2 0
github.com/linuxdeepin/lastore-daemon/src/lastore-update-tools/controller/check/check.go:184.16,190.3 1 0
github.com/linuxdeepin/lastore-daemon/src/lastore-update-tools/controller/check/check.go:191.2,191.26 1 0
github.com/linuxdeepin/lastore-daemon/src/lastore-update-tools/controller/check/check.go:191.26,198.3 2 0
github.com/linuxdeepin/lastore-daemon/src/lastore-update-tools/controller/check/check.go:199.2,200.12 2 0
github.com/linuxdeepin/lastore-daemon/src/lastore-update-tools/controller/check/midcheck.go:17.33,26.16 7 0
github.com/linuxdeepin/lastore-daemon/src/lastore-update-tools/controller/check/midcheck.go:26.16,30.3 2 0
github.com/linuxdeepin/lastore-daemon/src/lastore-update-tools/controller/check/midcheck.go:32.2,32.12 1 0
github.com/linuxdeepin/lastore-daemon/src/lastore-update-tools/controller/check/midcheck.go:35.52,36.61 1 1
github.com/linuxdeepin/lastore-daemon/src/lastore-update-tools/controller/check/midcheck.go:36.61,38.3 1 1
github.com/linuxdeepin/lastore-daemon/src/lastore-update-tools/controller/check/midcheck.go:39.2,40.16 2 1
github.com/linuxdeepin/lastore-daemon/src/lastore-update-tools/controller/check/midcheck.go:40.16,42.3 1 0
github.com/linuxdeepin/lastore-daemon/src/lastore-update-tools/controller/check/midcheck.go:43.2,44.36 2 1
github.com/linuxdeepin/lastore-daemon/src/lastore-update-tools/controller/check/midcheck.go:44.36,46.35 2 1
github.com/linuxdeepin/lastore-daemon/src/lastore-update-tools/controller/check/midcheck.go:46.35,47.12 1 1
github.com/linuxdeepin/lastore-daemon/src/lastore-update-tools/controller/check/midcheck.go:49.3,49.54 1 1
github.com/linuxdeepin/lastore-daemon/src/lastore-update-tools/controller/check/midcheck.go:49.54,52.4 2 1
github.com/linuxdeepin/lastore-daemon/src/lastore-update-tools/controller/check/midcheck.go:54.2,54.12 1 1
github.com/linuxdeepin/lastore-daemon/src/lastore-update-tools/controller/check/midcheck.go:57.136,59.53 1 1
github.com/linuxdeepin/lastore-daemon/src/lastore-update-tools/controller/check/midcheck.go:59.53,66.3 2 1
github.com/linuxdeepin/lastore-daemon/src/lastore-update-tools/controller/check/midcheck.go:68.2,69.60 2 1
github.com/linuxdeepin/lastore-daemon/src/lastore-update-tools/controller/check/midcheck.go:69.60,70.34 1 0
github.com/linuxdeepin/lastore-daemon/src/lastore-update-tools/controller/check/midcheck.go:70.34,77.4 2 0
github.com/linuxdeepin/lastore-daemon/src/lastore-update-tools/controller/check/midcheck.go:80.2,80.30 1 1
github.com/linuxdeepin/lastore-daemon/src/lastore-update-tools/controller/check/midcheck.go:80.30,81.63 1 0
github.com/linuxdeepin/lastore-daemon/src/lastore-update-tools/controller/check/midcheck.go:81.63,82.45 1 0
github.com/linuxdeepin/lastore-daemon/src/lastore-update-tools/controller/check/midcheck.go:82.45,89.5 2 0
github.com/linuxdeepin/lastore-daemon/src/lastore-update-tools/controller/check/midcheck.go:93.2,93.12 1 1
github.com/linuxdeepin/lastore-daemon/src/lastore-update-tools/controller/check/postcheck.go:40.48,41.56 1 1
github.com/linuxdeepin/lastore-daemon/src/lastore-update-tools/controller/check/postcheck.go:41.56,42.44 1 0
github.com/linuxdeepin/lastore-daemon/src/lastore-update-tools/controller/check/postcheck.go:42.44,44.18 2 0
github.com/linuxdeepin/lastore-daemon/src/lastore-update-tools/controller/check/postcheck.go:44.18,50.5 1 0
github.com/linuxdeepin/lastore-daemon/src/lastore-update-tools/controller/check/postcheck.go:51.4,51.28 1 0
github.com/linuxdeepin/lastore-daemon/src/lastore-update-tools/controller/check/postcheck.go:51.28,57.5 1 0
github.com/linuxdeepin/lastore-daemon/src/lastore-update-tools/controller/check/postcheck.go:59.8,65.3 1 1
github.com/linuxdeepin/lastore-daemon/src/lastore-update-tools/controller/check/postcheck.go:66.2,66.12 1 0
github.com/linuxdeepin/lastore-daemon/src/lastore-update-tools/controller/check/postcheck.go:74.51,76.16 2 0
github.com/linuxdeepin/lastore-daemon/src/lastore-update-tools/controller/check/postcheck.go:76.16,78.3 1 0
github.com/linuxdeepin/lastore-daemon/src/lastore-update-tools/controller/check/postcheck.go:80.2,85.8 2 0
github.com/linuxdeepin/lastore-daemon/src/lastore-update-tools/controller/check/postcheck.go:88.73,90.16 2 0
github.com/linuxdeepin/lastore-daemon/src/lastore-update-tools/controller/check/postcheck.go:90.16,92.3 1 0
github.com/linuxdeepin/lastore-daemon/src/lastore-update-tools/controller/check/postcheck.go:94.2,95.16 2 0
github.com/linuxdeepin/lastore-daemon/src/lastore-update-tools/controller/check/postcheck.go:95.16,97.3 1 0
github.com/linuxdeepin/lastore-daemon/src/lastore-update-tools/controller/check/postcheck.go:99.2,100.16 2 0
github.com/linuxdeepin/lastore-daemon/src/lastore-update-tools/controller/check/postcheck.go:100.16,102.3 1 0
github.com/linuxdeepin/lastore-daemon/src/lastore-update-tools/controller/check/postcheck.go:104.2,104.37 1 0
github.com/linuxdeepin/lastore-daemon/src/lastore-update-tools/controller/check/postcheck.go:107.48,109.16 2 0
github.com/linuxdeepin/lastore-daemon/src/lastore-update-tools/controller/check/postcheck.go:109.16,115.3 1 0
github.com/linuxdeepin/lastore-daemon/src/lastore-update-tools/controller/check/postcheck.go:117.2,117.56 1 0
github.com/linuxdeepin/lastore-daemon/src/lastore-update-tools/controller/check/postcheck.go:117.56,118.44 1 0
github.com/linuxdeepin/lastore-daemon/src/lastore-update-tools/controller/check/postcheck.go:118.44,120.18 2 0
github.com/linuxdeepin/lastore-daemon/src/lastore-update-tools/controller/check/postcheck.go:120.18,126.5 1 0
github.com/linuxdeepin/lastore-daemon/src/lastore-update-tools/controller/check/postcheck.go:127.4,127.15 1 0
github.com/linuxdeepin/lastore-daemon/src/lastore-update-tools/controller/check/postcheck.go:127.15,133.5 1 0
github.com/linuxdeepin/lastore-daemon/src/lastore-update-tools/controller/check/postcheck.go:135.8,141.3 1 0
github.com/linuxdeepin/lastore-daemon/src/lastore-update-tools/controller/check/postcheck.go:142.2,142.12 1 0
github.com/linuxdeepin/lastore-daemon/src/lastore-update-tools/controller/check/precheck.go:11.55,13.62 1 1
github.com/linuxdeepin/lastore-daemon/src/lastore-update-tools/controller/check/precheck.go:13.62,15.3 1 1
github.com/linuxdeepin/lastore-daemon/src/lastore-update-tools/controller/check/precheck.go:17.2,17.12 1 0
github.com/linuxdeepin/lastore-daemon/src/lastore-update-tools/controller/check/precheck.go:20.82,21.48 1 1
github.com/linuxdeepin/lastore-daemon/src/lastore-update-tools/controller/check/precheck.go:21.48,22.98 1 1
github.com/linuxdeepin/lastore-daemon/src/lastore-update-tools/controller/check/precheck.go:22.98,29.4 2 1
github.com/linuxdeepin/lastore-daemon/src/lastore-update-tools/controller/check/precheck.go:30.3,30.13 1 1
github.com/linuxdeepin/lastore-daemon/src/lastore-update-tools/controller/check/precheck.go:31.8,37.3 1 1
github.com/linuxdeepin/lastore-daemon/src/lastore-update-tools/pkg/utils/fs/file.go:14.49,19.24 2 1
github.com/linuxdeepin/lastore-daemon/src/lastore-update-tools/pkg/utils/fs/file.go:19.24,21.3 1 1
github.com/linuxdeepin/lastore-daemon/src/lastore-update-tools/pkg/utils/fs/file.go:21.8,21.23 1 1
github.com/linuxdeepin/lastore-daemon/src/lastore-update-tools/pkg/utils/fs/file.go:21.23,23.3 1 1
github.com/linuxdeepin/lastore-daemon/src/lastore-update-tools/pkg/utils/fs/file.go:23.8,25.3 1 0
github.com/linuxdeepin/lastore-daemon/src/lastore-update-tools/pkg/utils/fs/file.go:28.52,30.19 2 1
github.com/linuxdeepin/lastore-daemon/src/lastore-update-tools/pkg/utils/fs/file.go:30.19,32.3 1 0
github.com/linuxdeepin/lastore-daemon/src/lastore-update-tools/pkg/utils/fs/file.go:33.2,33.52 1 1
github.com/linuxdeepin/lastore-daemon/src/lastore-update-tools/pkg/utils/fs/file.go:33.52,35.17 2 1
github.com/linuxdeepin/lastore-daemon/src/lastore-update-tools/pkg/utils/fs/file.go:35.17,37.4 1 0
github.com/linuxdeepin/lastore-daemon/src/lastore-update-tools/pkg/utils/fs/file.go:39.2,40.17 2 1
github.com/linuxdeepin/lastore-daemon/src/lastore-update-tools/pkg/utils/fs/file.go:43.53,45.16 2 1
github.com/linuxdeepin/lastore-daemon/src/lastore-update-tools/pkg/utils/fs/file.go:45.16,47.3 1 1
github.com/linuxdeepin/lastore-daemon/src/lastore-update-tools/pkg/utils/fs/file.go:48.2,48.25 1 1
github.com/linuxdeepin/lastore-daemon/src/lastore-update-tools/pkg/utils/fs/file.go:51.56,52.48 1 1
github.com/linuxdeepin/lastore-daemon/src/lastore-update-tools/pkg/utils/fs/file.go:52.48,54.3 1 1
github.com/linuxdeepin/lastore-daemon/src/lastore-update-tools/pkg/utils/fs/file.go:55.2,55.12 1 1
github.com/linuxdeepin/lastore-daemon/src/lastore-update-tools/pkg/utils/fs/hash.go:19.54,23.16 3 1
github.com/linuxdeepin/lastore-daemon/src/lastore-update-tools/pkg/utils/fs/hash.go:23.16,26.3 1 0
github.com/linuxdeepin/lastore-daemon/src/lastore-update-tools/pkg/utils/fs/hash.go:27.2,28.16 2 1
github.com/linuxdeepin/lastore-daemon/src/lastore-update-tools/pkg/utils/fs/hash.go:28.16,31.3 1 0
github.com/linuxdeepin/lastore-daemon/src/lastore-update-tools/pkg/utils/fs/hash.go:33.2,36.23 3 1
github.com/linuxdeepin/lastore-daemon/src/lastore-update-tools/pkg/utils/fs/hash.go:39.52,43.16 3 1
github.com/linuxdeepin/lastore-daemon/src/lastore-update-tools/pkg/utils/fs/hash.go:43.16,46.3 1 0
github.com/linuxdeepin/lastore-daemon/src/lastore-update-tools/pkg/utils/fs/hash.go:47.2,48.16 2 1
github.com/linuxdeepin/lastore-daemon/src/lastore-update-tools/pkg/utils/fs/hash.go:48.16,51.3 1 0
github.com/linuxdeepin/lastore-daemon/src/lastore-update-tools/pkg/utils/fs/hash.go:53.2,55.23 2 1
github.com/linuxdeepin/lastore-daemon/src/lastore-update-tools/pkg/utils/fs/hash.go:58.60,59.53 1 0
github.com/linuxdeepin/lastore-daemon/src/lastore-update-tools/pkg/utils/fs/hash.go:59.53,60.19 1 0
github.com/linuxdeepin/lastore-daemon/src/lastore-update-tools/pkg/utils/fs/hash.go:60.19,62.4 1 0
github.com/linuxdeepin/lastore-daemon/src/lastore-update-tools/pkg/utils/fs/hash.go:62.9,64.4 1 0
github.com/linuxdeepin/lastore-daemon/src/lastore-update-tools/pkg/utils/fs/hash.go:65.8,67.3 1 0
github.com/linuxdeepin/lastore-daemon/src/lastore-update-tools/pkg/utils/fs/hash.go:70.62,71.57 1 0
github.com/linuxdeepin/lastore-daemon/src/lastore-update-tools/pkg/utils/fs/hash.go:71.57,72.21 1 0
github.com/linuxdeepin/lastore-daemon/src/lastore-update-tools/pkg/utils/fs/hash.go:72.21,74.4 1 0
github.com/linuxdeepin/lastore-daemon/src/lastore-update-tools/pkg/utils/fs/hash.go:74.9,76.4 1 0
github.com/linuxdeepin/lastore-daemon/src/lastore-update-tools/pkg/utils/fs/hash.go:77.8,79.3 1 0
github.com/linuxdeepin/lastore-daemon/src/lastore-update-tools/pkg/utils/fs/hash.go:82.66,83.57 1 0
github.com/linuxdeepin/lastore-daemon/src/lastore-update-tools/pkg/utils/fs/hash.go:83.57,84.21 1 0
github.com/linuxdeepin/lastore-daemon/src/lastore-update-tools/pkg/utils/fs/hash.go:84.21,86.4 1 0
github.com/linuxdeepin/lastore-daemon/src/lastore-update-tools/pkg/utils/fs/hash.go:86.9,90.4 2 0
github.com/linuxdeepin/lastore-daemon/src/lastore-update-tools/pkg/utils/fs/hash.go:91.8,93.3 1 0
github.com/linuxdeepin/lastore-daemon/src/lastore-update-tools/sysinfo/diskinfo.go:41.55,43.22 2 1
github.com/linuxdeepin/lastore-daemon/src/lastore-update-tools/sysinfo/diskinfo.go:43.22,45.3 1 1
github.com/linuxdeepin/lastore-daemon/src/lastore-update-tools/sysinfo/diskinfo.go:46.2,46.57 1 1
github.com/linuxdeepin/lastore-daemon/src/lastore-update-tools/sysinfo/diskinfo.go:50.45,52.16 2 1
github.com/linuxdeepin/lastore-daemon/src/lastore-update-tools/sysinfo/diskinfo.go:52.16,54.3 1 0
github.com/linuxdeepin/lastore-daemon/src/lastore-update-tools/sysinfo/diskinfo.go:56.2,56.37 1 1
github.com/linuxdeepin/lastore-daemon/src/lastore-update-tools/sysinfo/diskinfo.go:60.45,61.56 1 1
github.com/linuxdeepin/lastore-daemon/src/lastore-update-tools/sysinfo/diskinfo.go:61.56,63.17 2 1
github.com/linuxdeepin/lastore-daemon/src/lastore-update-tools/sysinfo/diskinfo.go:63.17,65.4 1 0
github.com/linuxdeepin/lastore-daemon/src/lastore-update-tools/sysinfo/diskinfo.go:66.3,66.23 1 1
github.com/linuxdeepin/lastore-daemon/src/lastore-update-tools/sysinfo/diskinfo.go:69.2,70.16 2 0
github.com/linuxdeepin/lastore-daemon/src/lastore-update-tools/sysinfo/diskinfo.go:70.16,72.3 1 0
github.com/linuxdeepin/lastore-daemon/src/lastore-update-tools/sysinfo/diskinfo.go:74.2,74.37 1 0
github.com/linuxdeepin/lastore-daemon/src/lastore-update-tools/sysinfo/pkginfo.go:20.48,21.52 1 0
github.com/linuxdeepin/lastore-daemon/src/lastore-update-tools/sysinfo/pkginfo.go:21.52,23.3 1 0
github.com/linuxdeepin/lastore-daemon/src/lastore-update-tools/sysinfo/pkginfo.go:24.2,24.18 1 0
github.com/linuxdeepin/lastore-daemon/src/lastore-update-tools/sysinfo/pkginfo.go:27.67,29.28 1 0
github.com/linuxdeepin/lastore-daemon/src/lastore-update-tools/sysinfo/pkginfo.go:29.28,31.3 1 0
github.com/linuxdeepin/lastore-daemon/src/lastore-update-tools/sysinfo/pkginfo.go:34.2,40.16 2 0
github.com/linuxdeepin/lastore-daemon/src/lastore-update-tools/sysinfo/pkginfo.go:40.16,42.3 1 0
github.com/linuxdeepin/lastore-daemon/src/lastore-update-tools/sysinfo/pkginfo.go:45.2,47.35 2 0
github.com/linuxdeepin/lastore-daemon/src/lastore-update-tools/sysinfo/pkginfo.go:47.35,49.20 2 0
github.com/linuxdeepin/lastore-daemon/src/lastore-update-tools/sysinfo/pkginfo.go:49.20,51.12 2 0
github.com/linuxdeepin/lastore-daemon/src/lastore-update-tools/sysinfo/pkginfo.go:53.3,61.71 3 0
github.com/linuxdeepin/lastore-daemon/src/lastore-update-tools/sysinfo/pkginfo.go:65.2,65.12 1 0
github.com/linuxdeepin/lastore-daemon/src/lastore-update-tools/sysinfo/pkginfo.go:69.71,77.16 2 1
github.com/linuxdeepin/lastore-daemon/src/lastore-update-tools/sysinfo/pkginfo.go:77.16,79.3 1 0
github.com/linuxdeepin/lastore-daemon/src/lastore-update-tools/sysinfo/pkginfo.go:81.2,82.22 2 1
github.com/linuxdeepin/lastore-daemon/src/lastore-update-tools/sysinfo/pkginfo.go:82.22,84.3 1 0
github.com/linuxdeepin/lastore-daemon/src/lastore-update-tools/sysinfo/pkginfo.go:85.2,85.36 1 1
github.com/linuxdeepin/lastore-daemon/src/lastore-update-tools/pkg/utils/cmd/runer.go:21.76,23.16 2 1
github.com/linuxdeepin/lastore-daemon/src/lastore-update-tools/pkg/utils/cmd/runer.go:23.16,26.3 2 0
github.com/linuxdeepin/lastore-daemon/src/lastore-update-tools/pkg/utils/cmd/runer.go:27.2,27.17 1 1
github.com/linuxdeepin/lastore-daemon/src/lastore-update-tools/pkg/utils/cmd/runer.go:31.93,33.16 2 1
github.com/linuxdeepin/lastore-daemon/src/lastore-update-tools/pkg/utils/cmd/runer.go:33.16,36.3 2 0
github.com/linuxdeepin/lastore-daemon/src/lastore-update-tools/pkg/utils/cmd/runer.go:37.2,37.17 1 1
github.com/linuxdeepin/lastore-daemon/src/lastore-update-tools/pkg/utils/cmd/runer.go:41.69,43.16 2 1
github.com/linuxdeepin/lastore-daemon/src/lastore-update-tools/pkg/utils/cmd/runer.go:43.16,46.3 2 0
github.com/linuxdeepin/lastore-daemon/src/lastore-update-tools/pkg/utils/cmd/runer.go:47.2,47.12 1 1
github.com/linuxdeepin/lastore-daemon/src/lastore-update-tools/pkg/utils/cmd/runer.go:51.108,68.16 12 1
github.com/linuxdeepin/lastore-daemon/src/lastore-update-tools/pkg/utils/cmd/runer.go:68.16,69.44 1 1
github.com/linuxdeepin/lastore-daemon/src/lastore-update-tools/pkg/utils/cmd/runer.go:69.44,71.4 1 1
github.com/linuxdeepin/lastore-daemon/src/lastore-update-tools/pkg/utils/cmd/runer.go:71.9,73.4 1 1
github.com/linuxdeepin/lastore-daemon/src/lastore-update-tools/pkg/utils/cmd/runer.go:76.2,76.8 1 1
github.com/linuxdeepin/lastore-daemon/src/lastore-daemon/agent.go:38.38,42.2 1 1
github.com/linuxdeepin/lastore-daemon/src/lastore-daemon/agent.go:45.136,48.16 3 0
github.com/linuxdeepin/lastore-daemon/src/lastore-daemon/agent.go:48.16,51.3 2 0
github.com/linuxdeepin/lastore-daemon/src/lastore-daemon/agent.go:52.2,55.16 4 0
github.com/linuxdeepin/lastore-daemon/src/lastore-daemon/agent.go:55.16,58.3 2 0
github.com/linuxdeepin/lastore-daemon/src/lastore-daemon/agent.go:59.2,60.39 2 0
github.com/linuxdeepin/lastore-daemon/src/lastore-daemon/agent.go:60.39,61.58 1 0
github.com/linuxdeepin/lastore-daemon/src/lastore-daemon/agent.go:61.58,63.4 1 0
github.com/linuxdeepin/lastore-daemon/src/lastore-daemon/agent.go:65.2,68.47 4 0
github.com/linuxdeepin/lastore-daemon/src/lastore-daemon/agent.go:68.47,73.48 5 0
github.com/linuxdeepin/lastore-daemon/src/lastore-daemon/agent.go:73.48,75.50 1 0
github.com/linuxdeepin/lastore-daemon/src/lastore-daemon/agent.go:75.50,77.13 2 0
github.com/linuxdeepin/lastore-daemon/src/lastore-daemon/agent.go:79.4,79.31 1 0
github.com/linuxdeepin/lastore-daemon/src/lastore-daemon/agent.go:81.3,81.54 1 0
github.com/linuxdeepin/lastore-daemon/src/lastore-daemon/agent.go:81.54,84.31 2 0
github.com/linuxdeepin/lastore-daemon/src/lastore-daemon/agent.go:84.31,86.13 2 0
github.com/linuxdeepin/lastore-daemon/src/lastore-daemon/agent.go:88.4,89.18 2 0
github.com/linuxdeepin/lastore-daemon/src/lastore-daemon/agent.go:89.18,91.13 2 0
github.com/linuxdeepin/lastore-daemon/src/lastore-daemon/agent.go:93.4,93.34 1 0
github.com/linuxdeepin/lastore-daemon/src/lastore-daemon/agent.go:95.3,95.27 1 0
github.com/linuxdeepin/lastore-daemon/src/lastore-daemon/agent.go:97.2,98.20 2 0
github.com/linuxdeepin/lastore-daemon/src/lastore-daemon/agent.go:98.20,101.3 2 0
github.com/linuxdeepin/lastore-daemon/src/lastore-daemon/agent.go:104.71,109.8 4 0
github.com/linuxdeepin/lastore-daemon/src/lastore-daemon/agent.go:109.8,110.25 1 0
github.com/linuxdeepin/lastore-daemon/src/lastore-daemon/agent.go:110.25,112.4 1 0
github.com/linuxdeepin/lastore-daemon/src/lastore-daemon/agent.go:113.3,113.28 1 0
github.com/linuxdeepin/lastore-daemon/src/lastore-daemon/agent.go:113.28,116.4 1 0
github.com/linuxdeepin/lastore-daemon/src/lastore-daemon/agent.go:117.3,117.37 1 0
github.com/linuxdeepin/lastore-daemon/src/lastore-daemon/agent.go:118.8,124.3 1 0
github.com/linuxdeepin/lastore-daemon/src/lastore-daemon/agent.go:127.81,132.9 4 1
github.com/linuxdeepin/lastore-daemon/src/lastore-daemon/agent.go:132.9,134.3 1 1
github.com/linuxdeepin/lastore-daemon/src/lastore-daemon/agent.go:136.2,136.42 1 0
github.com/linuxdeepin/lastore-daemon/src/lastore-daemon/agent.go:136.42,138.3 1 0
github.com/linuxdeepin/lastore-daemon/src/lastore-daemon/agent.go:139.2,140.12 2 0
github.com/linuxdeepin/lastore-daemon/src/lastore-daemon/agent.go:143.49,148.2 4 1
github.com/linuxdeepin/lastore-daemon/src/lastore-daemon/agent.go:150.52,154.36 3 1
github.com/linuxdeepin/lastore-daemon/src/lastore-daemon/agent.go:154.36,155.40 1 0
github.com/linuxdeepin/lastore-daemon/src/lastore-daemon/agent.go:155.40,156.36 1 0
github.com/linuxdeepin/lastore-daemon/src/lastore-daemon/agent.go:156.36,159.5 2 0
github.com/linuxdeepin/lastore-daemon/src/lastore-daemon/agent.go:164.44,169.9 4 1
github.com/linuxdeepin/lastore-daemon/src/lastore-daemon/agent.go:169.9,174.3 1 1
github.com/linuxdeepin/lastore-daemon/src/lastore-daemon/agent.go:177.47,181.9 4 1
github.com/linuxdeepin/lastore-daemon/src/lastore-daemon/agent.go:181.9,183.3 1 1
github.com/linuxdeepin/lastore-daemon/src/lastore-daemon/agent.go:185.2,185.50 1 1
github.com/linuxdeepin/lastore-daemon/src/lastore-daemon/agent.go:185.50,188.3 2 0
github.com/linuxdeepin/lastore-daemon/src/lastore-daemon/agent.go:189.2,189.27 1 1
github.com/linuxdeepin/lastore-daemon/src/lastore-daemon/agent.go:192.49,197.2 4 1
github.com/linuxdeepin/lastore-daemon/src/lastore-daemon/agent.go:199.76,204.9 4 0
github.com/linuxdeepin/lastore-daemon/src/lastore-daemon/agent.go:204.9,211.3 3 0
github.com/linuxdeepin/lastore-daemon/src/lastore-daemon/agent.go:213.2,214.8 2 0
github.com/linuxdeepin/lastore-daemon/src/lastore-daemon/agent.go:214.8,217.3 2 0
github.com/linuxdeepin/lastore-daemon/src/lastore-daemon/agent.go:218.2,220.13 3 0
github.com/linuxdeepin/lastore-daemon/src/lastore-daemon/agent.go:223.67,227.36 3 1
github.com/linuxdeepin/lastore-daemon/src/lastore-daemon/agent.go:227.36,228.45 1 0
github.com/linuxdeepin/lastore-daemon/src/lastore-daemon/agent.go:228.45,229.28 1 0
github.com/linuxdeepin/lastore-daemon/src/lastore-daemon/agent.go:229.28,230.23 1 0
github.com/linuxdeepin/lastore-daemon/src/lastore-daemon/agent.go:230.23,232.6 1 0
github.com/linuxdeepin/lastore-daemon/src/lastore-daemon/agent.go:233.5,233.33 1 0
github.com/linuxdeepin/lastore-daemon/src/lastore-daemon/agent.go:239.50,244.8 4 1
github.com/linuxdeepin/lastore-daemon/src/lastore-daemon/agent.go:244.8,246.3 1 1
github.com/linuxdeepin/lastore-daemon/src/lastore-daemon/agent.go:246.8,248.3 1 0
github.com/linuxdeepin/lastore-daemon/src/lastore-daemon/agent.go:252.59,256.23 3 1
github.com/linuxdeepin/lastore-daemon/src/lastore-daemon/agent.go:256.23,258.3 1 1
github.com/linuxdeepin/lastore-daemon/src/lastore-daemon/agent.go:260.2,261.17 2 1
github.com/linuxdeepin/lastore-daemon/src/lastore-daemon/agent.go:261.17,263.3 1 1
github.com/linuxdeepin/lastore-daemon/src/lastore-daemon/agent.go:264.2,264.18 1 1
github.com/linuxdeepin/lastore-daemon/src/lastore-daemon/agent.go:269.67,271.2 1 1
github.com/linuxdeepin/lastore-daemon/src/lastore-daemon/agent.go:273.80,277.23 3 1
github.com/linuxdeepin/lastore-daemon/src/lastore-daemon/agent.go:277.23,279.3 1 1
github.com/linuxdeepin/lastore-daemon/src/lastore-daemon/agent.go:281.2,282.17 2 0
github.com/linuxdeepin/lastore-daemon/src/lastore-daemon/agent.go:282.17,284.3 1 0
github.com/linuxdeepin/lastore-daemon/src/lastore-daemon/agent.go:285.2,285.26 1 0
github.com/linuxdeepin/lastore-daemon/src/lastore-daemon/agent.go:301.58,306.38 2 1
github.com/linuxdeepin/lastore-daemon/src/lastore-daemon/agent.go:306.38,310.42 4 1
github.com/linuxdeepin/lastore-daemon/src/lastore-daemon/agent.go:310.42,312.4 1 0
github.com/linuxdeepin/lastore-daemon/src/lastore-daemon/agent.go:313.3,313.45 1 1
github.com/linuxdeepin/lastore-daemon/src/lastore-daemon/agent.go:313.45,315.4 1 0
github.com/linuxdeepin/lastore-daemon/src/lastore-daemon/agent.go:316.3,320.4 1 1
github.com/linuxdeepin/lastore-daemon/src/lastore-daemon/agent.go:322.2,322.16 1 1
github.com/linuxdeepin/lastore-daemon/src/lastore-daemon/agent.go:326.65,328.16 2 1
github.com/linuxdeepin/lastore-daemon/src/lastore-daemon/agent.go:328.16,331.3 2 0
github.com/linuxdeepin/lastore-daemon/src/lastore-daemon/agent.go:332.2,333.16 2 1
github.com/linuxdeepin/lastore-daemon/src/lastore-daemon/agent.go:333.16,335.3 1 0
github.com/linuxdeepin/lastore-daemon/src/lastore-daemon/agent.go:338.52,340.16 2 1
github.com/linuxdeepin/lastore-daemon/src/lastore-daemon/agent.go:340.16,342.3 1 1
github.com/linuxdeepin/lastore-daemon/src/lastore-daemon/agent.go:343.2,343.36 1 1
github.com/linuxdeepin/lastore-daemon/src/lastore-daemon/common.go:53.43,56.16 3 1
github.com/linuxdeepin/lastore-daemon/src/lastore-daemon/common.go:56.16,59.3 2 1
github.com/linuxdeepin/lastore-daemon/src/lastore-daemon/common.go:60.2,60.18 1 1
github.com/linuxdeepin/lastore-daemon/src/lastore-daemon/common.go:60.18,62.17 2 1
github.com/linuxdeepin/lastore-daemon/src/lastore-daemon/common.go:62.17,65.4 2 0
github.com/linuxdeepin/lastore-daemon/src/lastore-daemon/common.go:66.3,66.30 1 1
github.com/linuxdeepin/lastore-daemon/src/lastore-daemon/common.go:66.30,68.4 1 1
github.com/linuxdeepin/lastore-daemon/src/lastore-daemon/common.go:69.8,71.17 2 1
github.com/linuxdeepin/lastore-daemon/src/lastore-daemon/common.go:71.17,74.4 2 0
github.com/linuxdeepin/lastore-daemon/src/lastore-daemon/common.go:75.3,75.26 1 1
github.com/linuxdeepin/lastore-daemon/src/lastore-daemon/common.go:75.26,77.18 2 1
github.com/linuxdeepin/lastore-daemon/src/lastore-daemon/common.go:77.18,79.5 1 0
github.com/linuxdeepin/lastore-daemon/src/lastore-daemon/common.go:81.3,82.7 2 1
github.com/linuxdeepin/lastore-daemon/src/lastore-daemon/common.go:82.7,85.51 3 1
github.com/linuxdeepin/lastore-daemon/src/lastore-daemon/common.go:85.51,86.32 1 1
github.com/linuxdeepin/lastore-daemon/src/lastore-daemon/common.go:86.32,88.6 1 1
github.com/linuxdeepin/lastore-daemon/src/lastore-daemon/common.go:90.4,90.18 1 1
github.com/linuxdeepin/lastore-daemon/src/lastore-daemon/common.go:90.18,91.10 1 1
github.com/linuxdeepin/lastore-daemon/src/lastore-daemon/common.go:95.2,95.20 1 1
github.com/linuxdeepin/lastore-daemon/src/lastore-daemon/common.go:100.56,102.35 2 1
github.com/linuxdeepin/lastore-daemon/src/lastore-daemon/common.go:102.35,103.42 1 1
github.com/linuxdeepin/lastore-daemon/src/lastore-daemon/common.go:103.42,105.4 1 1
github.com/linuxdeepin/lastore-daemon/src/lastore-daemon/common.go:108.2,108.35 1 1
github.com/linuxdeepin/lastore-daemon/src/lastore-daemon/common.go:108.35,110.3 1 1
github.com/linuxdeepin/lastore-daemon/src/lastore-daemon/common.go:111.2,111.22 1 1
github.com/linuxdeepin/lastore-daemon/src/lastore-daemon/common.go:115.87,119.18 4 0
github.com/linuxdeepin/lastore-daemon/src/lastore-daemon/common.go:119.18,121.17 2 0
github.com/linuxdeepin/lastore-daemon/src/lastore-daemon/common.go:121.17,123.4 1 0
github.com/linuxdeepin/lastore-daemon/src/lastore-daemon/common.go:123.9,125.41 1 0
github.com/linuxdeepin/lastore-daemon/src/lastore-daemon/common.go:125.41,126.30 1 0
github.com/linuxdeepin/lastore-daemon/src/lastore-daemon/common.go:126.30,128.6 1 0
github.com/linuxdeepin/lastore-daemon/src/lastore-daemon/common.go:132.2,133.16 2 0
github.com/linuxdeepin/lastore-daemon/src/lastore-daemon/common.go:133.16,135.3 1 0
github.com/linuxdeepin/lastore-daemon/src/lastore-daemon/common.go:136.2,137.16 2 0
github.com/linuxdeepin/lastore-daemon/src/lastore-daemon/common.go:137.16,139.3 1 0
github.com/linuxdeepin/lastore-daemon/src/lastore-daemon/common.go:140.2,142.16 3 0
github.com/linuxdeepin/lastore-daemon/src/lastore-daemon/common.go:142.16,144.3 1 0
github.com/linuxdeepin/lastore-daemon/src/lastore-daemon/common.go:144.8,149.3 4 0
github.com/linuxdeepin/lastore-daemon/src/lastore-daemon/common.go:150.2,150.21 1 0
github.com/linuxdeepin/lastore-daemon/src/lastore-daemon/common.go:153.52,155.2 1 1
github.com/linuxdeepin/lastore-daemon/src/lastore-daemon/common.go:157.45,158.64 1 1
github.com/linuxdeepin/lastore-daemon/src/lastore-daemon/common.go:158.64,160.18 2 1
github.com/linuxdeepin/lastore-daemon/src/lastore-daemon/common.go:160.18,162.4 1 1
github.com/linuxdeepin/lastore-daemon/src/lastore-daemon/common.go:164.2,164.11 1 1
github.com/linuxdeepin/lastore-daemon/src/lastore-daemon/common.go:167.51,170.37 3 0
github.com/linuxdeepin/lastore-daemon/src/lastore-daemon/common.go:170.37,171.43 1 0
github.com/linuxdeepin/lastore-daemon/src/lastore-daemon/common.go:171.43,175.67 1 0
github.com/linuxdeepin/lastore-daemon/src/lastore-daemon/common.go:175.67,178.19 2 0
github.com/linuxdeepin/lastore-daemon/src/lastore-daemon/common.go:178.19,179.14 1 0
github.com/linuxdeepin/lastore-daemon/src/lastore-daemon/common.go:181.5,181.25 1 0
github.com/linuxdeepin/lastore-daemon/src/lastore-daemon/common.go:181.25,182.14 1 0
github.com/linuxdeepin/lastore-daemon/src/lastore-daemon/common.go:184.5,184.36 1 0
github.com/linuxdeepin/lastore-daemon/src/lastore-daemon/common.go:184.36,185.14 1 0
github.com/linuxdeepin/lastore-daemon/src/lastore-daemon/common.go:187.5,187.38 1 0
github.com/linuxdeepin/lastore-daemon/src/lastore-daemon/common.go:191.2,191.15 1 0
github.com/linuxdeepin/lastore-daemon/src/lastore-daemon/common.go:194.39,196.16 2 1
github.com/linuxdeepin/lastore-daemon/src/lastore-daemon/common.go:196.16,198.3 1 0
github.com/linuxdeepin/lastore-daemon/src/lastore-daemon/common.go:199.2,199.25 1 1
github.com/linuxdeepin/lastore-daemon/src/lastore-daemon/common.go:202.47,204.16 2 1
github.com/linuxdeepin/lastore-daemon/src/lastore-daemon/common.go:204.16,206.3 1 0
github.com/linuxdeepin/lastore-daemon/src/lastore-daemon/common.go:207.2,209.16 3 1
github.com/linuxdeepin/lastore-daemon/src/lastore-daemon/common.go:209.16,211.3 1 0
github.com/linuxdeepin/lastore-daemon/src/lastore-daemon/common.go:212.2,213.16 2 1
github.com/linuxdeepin/lastore-daemon/src/lastore-daemon/common.go:213.16,215.3 1 0
github.com/linuxdeepin/lastore-daemon/src/lastore-daemon/common.go:216.2,216.18 1 1
github.com/linuxdeepin/lastore-daemon/src/lastore-daemon/common.go:222.50,226.12 4 1
github.com/linuxdeepin/lastore-daemon/src/lastore-daemon/common.go:226.12,228.17 2 0
github.com/linuxdeepin/lastore-daemon/src/lastore-daemon/common.go:228.17,230.4 1 0
github.com/linuxdeepin/lastore-daemon/src/lastore-daemon/common.go:231.3,237.17 4 0
github.com/linuxdeepin/lastore-daemon/src/lastore-daemon/common.go:237.17,239.4 1 0
github.com/linuxdeepin/lastore-daemon/src/lastore-daemon/common.go:240.8,242.17 2 1
github.com/linuxdeepin/lastore-daemon/src/lastore-daemon/common.go:242.17,244.4 1 0
github.com/linuxdeepin/lastore-daemon/src/lastore-daemon/common.go:246.2,246.12 1 1
github.com/linuxdeepin/lastore-daemon/src/lastore-daemon/common.go:253.81,254.22 1 1
github.com/linuxdeepin/lastore-daemon/src/lastore-daemon/common.go:254.22,256.3 1 1
github.com/linuxdeepin/lastore-daemon/src/lastore-daemon/common.go:258.2,259.16 2 1
github.com/linuxdeepin/lastore-daemon/src/lastore-daemon/common.go:259.16,262.3 1 1
github.com/linuxdeepin/lastore-daemon/src/lastore-daemon/common.go:264.2,265.20 2 1
github.com/linuxdeepin/lastore-daemon/src/lastore-daemon/common.go:268.102,269.76 1 1
github.com/linuxdeepin/lastore-daemon/src/lastore-daemon/common.go:269.76,271.3 1 1
github.com/linuxdeepin/lastore-daemon/src/lastore-daemon/common.go:273.2,274.16 2 1
github.com/linuxdeepin/lastore-daemon/src/lastore-daemon/common.go:274.16,276.3 1 1
github.com/linuxdeepin/lastore-daemon/src/lastore-daemon/common.go:277.2,278.16 2 1
github.com/linuxdeepin/lastore-daemon/src/lastore-daemon/common.go:278.16,280.3 1 1
github.com/linuxdeepin/lastore-daemon/src/lastore-daemon/common.go:283.2,283.30 1 1
github.com/linuxdeepin/lastore-daemon/src/lastore-daemon/common.go:283.30,285.3 1 1
github.com/linuxdeepin/lastore-daemon/src/lastore-daemon/common.go:286.2,286.46 1 1
github.com/linuxdeepin/lastore-daemon/src/lastore-daemon/common.go:290.93,292.50 2 1
github.com/linuxdeepin/lastore-daemon/src/lastore-daemon/common.go:292.50,293.24 1 1
github.com/linuxdeepin/lastore-daemon/src/lastore-daemon/common.go:293.24,295.10 2 1
github.com/linuxdeepin/lastore-daemon/src/lastore-daemon/common.go:295.10,297.5 1 1
github.com/linuxdeepin/lastore-daemon/src/lastore-daemon/common.go:300.2,300.10 1 1
github.com/linuxdeepin/lastore-daemon/src/lastore-daemon/common.go:303.22,305.16 2 0
github.com/linuxdeepin/lastore-daemon/src/lastore-daemon/common.go:305.16,307.3 1 0
github.com/linuxdeepin/lastore-daemon/src/lastore-daemon/common.go:325.102,328.22 3 1
github.com/linuxdeepin/lastore-daemon/src/lastore-daemon/common.go:328.22,330.17 2 1
github.com/linuxdeepin/lastore-daemon/src/lastore-daemon/common.go:330.17,333.4 2 1
github.com/linuxdeepin/lastore-daemon/src/lastore-daemon/common.go:336.2,347.16 4 1
github.com/linuxdeepin/lastore-daemon/src/lastore-daemon/common.go:347.16,350.3 2 0
github.com/linuxdeepin/lastore-daemon/src/lastore-daemon/common.go:351.2,352.16 2 1
github.com/linuxdeepin/lastore-daemon/src/lastore-daemon/common.go:352.16,355.3 2 0
github.com/linuxdeepin/lastore-daemon/src/lastore-daemon/common.go:358.59,360.16 2 1
github.com/linuxdeepin/lastore-daemon/src/lastore-daemon/common.go:360.16,363.3 2 1
github.com/linuxdeepin/lastore-daemon/src/lastore-daemon/common.go:364.2,364.24 1 1
github.com/linuxdeepin/lastore-daemon/src/lastore-daemon/common.go:367.42,369.16 2 1
github.com/linuxdeepin/lastore-daemon/src/lastore-daemon/common.go:369.16,372.3 2 1
github.com/linuxdeepin/lastore-daemon/src/lastore-daemon/common.go:373.2,373.13 1 0
github.com/linuxdeepin/lastore-daemon/src/lastore-daemon/common.go:384.52,386.29 2 1
github.com/linuxdeepin/lastore-daemon/src/lastore-daemon/common.go:386.29,388.17 2 1
github.com/linuxdeepin/lastore-daemon/src/lastore-daemon/common.go:388.17,389.12 1 1
github.com/linuxdeepin/lastore-daemon/src/lastore-daemon/common.go:392.3,393.22 2 1
github.com/linuxdeepin/lastore-daemon/src/lastore-daemon/common.go:393.22,394.12 1 1
github.com/linuxdeepin/lastore-daemon/src/lastore-daemon/common.go:396.3,399.28 2 1
github.com/linuxdeepin/lastore-daemon/src/lastore-daemon/common.go:399.28,402.4 2 1
github.com/linuxdeepin/lastore-daemon/src/lastore-daemon/common.go:405.3,406.59 2 1
github.com/linuxdeepin/lastore-daemon/src/lastore-daemon/common.go:406.59,409.4 2 1
github.com/linuxdeepin/lastore-daemon/src/lastore-daemon/common.go:411.2,411.14 1 1
github.com/linuxdeepin/lastore-daemon/src/lastore-daemon/common.go:415.54,419.52 4 0
github.com/linuxdeepin/lastore-daemon/src/lastore-daemon/common.go:419.52,420.19 1 0
github.com/linuxdeepin/lastore-daemon/src/lastore-daemon/common.go:420.19,425.4 1 0
github.com/linuxdeepin/lastore-daemon/src/lastore-daemon/common.go:425.9,430.4 1 0
github.com/linuxdeepin/lastore-daemon/src/lastore-daemon/common.go:432.2,433.16 2 0
github.com/linuxdeepin/lastore-daemon/src/lastore-daemon/common.go:433.16,437.3 2 0
github.com/linuxdeepin/lastore-daemon/src/lastore-daemon/common.go:439.2,440.16 2 0
github.com/linuxdeepin/lastore-daemon/src/lastore-daemon/common.go:440.16,442.3 1 0
github.com/linuxdeepin/lastore-daemon/src/lastore-daemon/common.go:443.2,444.29 2 0
github.com/linuxdeepin/lastore-daemon/src/lastore-daemon/common.go:444.29,447.82 2 0
github.com/linuxdeepin/lastore-daemon/src/lastore-daemon/common.go:447.82,449.9 2 0
github.com/linuxdeepin/lastore-daemon/src/lastore-daemon/common.go:452.2,452.19 1 0
github.com/linuxdeepin/lastore-daemon/src/lastore-daemon/common.go:452.19,456.17 3 0
github.com/linuxdeepin/lastore-daemon/src/lastore-daemon/common.go:456.17,458.4 1 0
github.com/linuxdeepin/lastore-daemon/src/lastore-daemon/common.go:459.3,459.49 1 0
github.com/linuxdeepin/lastore-daemon/src/lastore-daemon/common.go:459.49,461.4 1 0
github.com/linuxdeepin/lastore-daemon/src/lastore-daemon/common.go:463.3,464.17 2 0
github.com/linuxdeepin/lastore-daemon/src/lastore-daemon/common.go:464.17,466.4 1 0
github.com/linuxdeepin/lastore-daemon/src/lastore-daemon/common.go:467.3,472.17 5 0
github.com/linuxdeepin/lastore-daemon/src/lastore-daemon/common.go:472.17,474.4 1 0
github.com/linuxdeepin/lastore-daemon/src/lastore-daemon/common.go:475.3,475.50 1 0
github.com/linuxdeepin/lastore-daemon/src/lastore-daemon/common.go:476.8,478.3 1 0
github.com/linuxdeepin/lastore-daemon/src/lastore-daemon/common.go:481.38,484.16 2 1
github.com/linuxdeepin/lastore-daemon/src/lastore-daemon/common.go:484.16,487.3 2 1
github.com/linuxdeepin/lastore-daemon/src/lastore-daemon/common.go:488.2,490.16 3 0
github.com/linuxdeepin/lastore-daemon/src/lastore-daemon/common.go:490.16,493.3 2 0
github.com/linuxdeepin/lastore-daemon/src/lastore-daemon/common.go:494.2,495.38 2 0
github.com/linuxdeepin/lastore-daemon/src/lastore-daemon/common.go:495.38,497.3 1 0
github.com/linuxdeepin/lastore-daemon/src/lastore-daemon/common.go:498.2,498.13 1 0
github.com/linuxdeepin/lastore-daemon/src/lastore-daemon/common.go:511.35,515.16 2 0
github.com/linuxdeepin/lastore-daemon/src/lastore-daemon/common.go:515.16,518.3 2 0
github.com/linuxdeepin/lastore-daemon/src/lastore-daemon/common.go:520.2,521.16 2 0
github.com/linuxdeepin/lastore-daemon/src/lastore-daemon/common.go:521.16,523.3 1 0
github.com/linuxdeepin/lastore-daemon/src/lastore-daemon/common.go:525.2,526.16 2 0
github.com/linuxdeepin/lastore-daemon/src/lastore-daemon/common.go:526.16,529.3 2 0
github.com/linuxdeepin/lastore-daemon/src/lastore-daemon/common.go:530.2,532.16 3 0
github.com/linuxdeepin/lastore-daemon/src/lastore-daemon/common.go:532.16,535.3 2 0
github.com/linuxdeepin/lastore-daemon/src/lastore-daemon/common.go:536.2,537.38 2 0
github.com/linuxdeepin/lastore-daemon/src/lastore-daemon/common.go:537.38,539.3 1 0
github.com/linuxdeepin/lastore-daemon/src/lastore-daemon/common.go:540.2,540.13 1 0
github.com/linuxdeepin/lastore-daemon/src/lastore-daemon/common.go:563.107,573.2 3 1
github.com/linuxdeepin/lastore-daemon/src/lastore-daemon/common.go:575.82,576.33 1 1
github.com/linuxdeepin/lastore-daemon/src/lastore-daemon/common.go:576.33,577.20 1 1
github.com/linuxdeepin/lastore-daemon/src/lastore-daemon/common.go:577.20,579.4 1 1
github.com/linuxdeepin/lastore-daemon/src/lastore-daemon/common.go:579.9,581.4 1 1
github.com/linuxdeepin/lastore-daemon/src/lastore-daemon/common.go:586.53,587.20 1 1
github.com/linuxdeepin/lastore-daemon/src/lastore-daemon/common.go:587.20,589.3 1 1
github.com/linuxdeepin/lastore-daemon/src/lastore-daemon/common.go:590.2,592.16 3 1
github.com/linuxdeepin/lastore-daemon/src/lastore-daemon/common.go:592.16,594.3 1 1
github.com/linuxdeepin/lastore-daemon/src/lastore-daemon/common.go:595.2,597.16 3 1
github.com/linuxdeepin/lastore-daemon/src/lastore-daemon/common.go:597.16,599.3 1 0
github.com/linuxdeepin/lastore-daemon/src/lastore-daemon/common.go:600.2,600.47 1 1
github.com/linuxdeepin/lastore-daemon/src/lastore-daemon/common.go:604.39,612.9 3 1
github.com/linuxdeepin/lastore-daemon/src/lastore-daemon/common.go:613.18,614.33 1 1
github.com/linuxdeepin/lastore-daemon/src/lastore-daemon/common.go:615.23,616.41 1 1
github.com/linuxdeepin/lastore-daemon/src/lastore-daemon/common.go:617.28,618.41 1 1
github.com/linuxdeepin/lastore-daemon/src/lastore-daemon/common.go:619.33,620.41 1 1
github.com/linuxdeepin/lastore-daemon/src/lastore-daemon/common.go:621.10,622.41 1 1
github.com/linuxdeepin/lastore-daemon/src/lastore-daemon/common.go:626.46,630.2 3 1
github.com/linuxdeepin/lastore-daemon/src/lastore-daemon/common.go:640.51,641.22 1 1
github.com/linuxdeepin/lastore-daemon/src/lastore-daemon/common.go:641.22,643.3 1 1
github.com/linuxdeepin/lastore-daemon/src/lastore-daemon/common.go:644.2,644.42 1 1
github.com/linuxdeepin/lastore-daemon/src/lastore-daemon/common.go:648.48,650.2 1 1
github.com/linuxdeepin/lastore-daemon/src/lastore-daemon/common.go:652.37,654.2 1 1
github.com/linuxdeepin/lastore-daemon/src/lastore-daemon/dbusutil.go:15.70,16.33 1 1
github.com/linuxdeepin/lastore-daemon/src/lastore-daemon/dbusutil.go:16.33,20.3 3 1
github.com/linuxdeepin/lastore-daemon/src/lastore-daemon/dbusutil.go:21.2,21.14 1 1
github.com/linuxdeepin/lastore-daemon/src/lastore-daemon/dbusutil.go:24.69,26.2 1 1
github.com/linuxdeepin/lastore-daemon/src/lastore-daemon/dbusutil.go:28.73,29.36 1 1
github.com/linuxdeepin/lastore-daemon/src/lastore-daemon/dbusutil.go:29.36,33.3 3 1
github.com/linuxdeepin/lastore-daemon/src/lastore-daemon/dbusutil.go:34.2,34.14 1 1
github.com/linuxdeepin/lastore-daemon/src/lastore-daemon/dbusutil.go:37.72,39.2 1 1
github.com/linuxdeepin/lastore-daemon/src/lastore-daemon/dbusutil.go:41.66,42.29 1 1
github.com/linuxdeepin/lastore-daemon/src/lastore-daemon/dbusutil.go:42.29,46.3 3 1
github.com/linuxdeepin/lastore-daemon/src/lastore-daemon/dbusutil.go:47.2,47.14 1 1
github.com/linuxdeepin/lastore-daemon/src/lastore-daemon/dbusutil.go:50.65,52.2 1 1
github.com/linuxdeepin/lastore-daemon/src/lastore-daemon/dbusutil.go:54.68,55.29 1 1
github.com/linuxdeepin/lastore-daemon/src/lastore-daemon/dbusutil.go:55.29,59.3 3 1
github.com/linuxdeepin/lastore-daemon/src/lastore-daemon/dbusutil.go:60.2,60.14 1 1
github.com/linuxdeepin/lastore-daemon/src/lastore-daemon/dbusutil.go:63.67,65.2 1 1
github.com/linuxdeepin/lastore-daemon/src/lastore-daemon/dbusutil.go:67.56,70.2 2 1
github.com/linuxdeepin/lastore-daemon/src/lastore-daemon/dbusutil.go:72.70,74.2 1 1
github.com/linuxdeepin/lastore-daemon/src/lastore-daemon/dbusutil.go:76.60,79.2 2 1
github.com/linuxdeepin/lastore-daemon/src/lastore-daemon/dbusutil.go:81.74,83.2 1 1
github.com/linuxdeepin/lastore-daemon/src/lastore-daemon/dbusutil.go:85.81,88.2 2 1
github.com/linuxdeepin/lastore-daemon/src/lastore-daemon/dbusutil.go:90.95,92.2 1 1
github.com/linuxdeepin/lastore-daemon/src/lastore-daemon/dbusutil.go:94.72,95.35 1 1
github.com/linuxdeepin/lastore-daemon/src/lastore-daemon/dbusutil.go:95.35,99.3 3 1
github.com/linuxdeepin/lastore-daemon/src/lastore-daemon/dbusutil.go:100.2,100.14 1 1
github.com/linuxdeepin/lastore-daemon/src/lastore-daemon/dbusutil.go:103.71,105.2 1 1
github.com/linuxdeepin/lastore-daemon/src/lastore-daemon/dbusutil.go:107.88,108.38 1 1
github.com/linuxdeepin/lastore-daemon/src/lastore-daemon/dbusutil.go:108.38,112.3 3 1
github.com/linuxdeepin/lastore-daemon/src/lastore-daemon/dbusutil.go:113.2,113.14 1 1
github.com/linuxdeepin/lastore-daemon/src/lastore-daemon/dbusutil.go:116.87,118.2 1 1
github.com/linuxdeepin/lastore-daemon/src/lastore-daemon/dbusutil.go:120.74,121.35 1 1
github.com/linuxdeepin/lastore-daemon/src/lastore-daemon/dbusutil.go:121.35,125.3 3 1
github.com/linuxdeepin/lastore-daemon/src/lastore-daemon/dbusutil.go:126.2,126.14 1 1
github.com/linuxdeepin/lastore-daemon/src/lastore-daemon/dbusutil.go:129.73,131.2 1 1
github.com/linuxdeepin/lastore-daemon/src/lastore-daemon/dbusutil.go:133.80,134.41 1 1
github.com/linuxdeepin/lastore-daemon/src/lastore-daemon/dbusutil.go:134.41,139.3 4 1
github.com/linuxdeepin/lastore-daemon/src/lastore-daemon/dbusutil.go:140.2,140.14 1 1
github.com/linuxdeepin/lastore-daemon/src/lastore-daemon/dbusutil.go:143.79,145.2 1 1
github.com/linuxdeepin/lastore-daemon/src/lastore-daemon/dbusutil.go:147.68,148.29 1 1
github.com/linuxdeepin/lastore-daemon/src/lastore-daemon/dbusutil.go:148.29,152.3 3 1
github.com/linuxdeepin/lastore-daemon/src/lastore-daemon/dbusutil.go:153.2,153.14 1 1
github.com/linuxdeepin/lastore-daemon/src/lastore-daemon/dbusutil.go:156.67,158.2 1 1
github.com/linuxdeepin/lastore-daemon/src/lastore-daemon/dbusutil.go:160.69,161.32 1 1
github.com/linuxdeepin/lastore-daemon/src/lastore-daemon/dbusutil.go:161.32,165.3 3 1
github.com/linuxdeepin/lastore-daemon/src/lastore-daemon/dbusutil.go:166.2,166.14 1 1
github.com/linuxdeepin/lastore-daemon/src/lastore-daemon/dbusutil.go:169.68,171.2 1 1
github.com/linuxdeepin/lastore-daemon/src/lastore-daemon/dbusutil.go:173.70,174.33 1 1
github.com/linuxdeepin/lastore-daemon/src/lastore-daemon/dbusutil.go:174.33,178.3 3 1
github.com/linuxdeepin/lastore-daemon/src/lastore-daemon/dbusutil.go:179.2,179.14 1 1
github.com/linuxdeepin/lastore-daemon/src/lastore-daemon/dbusutil.go:182.69,184.2 1 1
github.com/linuxdeepin/lastore-daemon/src/lastore-daemon/dbusutil.go:186.54,187.19 1 1
github.com/linuxdeepin/lastore-daemon/src/lastore-daemon/dbusutil.go:187.19,191.3 3 1
github.com/linuxdeepin/lastore-daemon/src/lastore-daemon/dbusutil.go:192.2,192.14 1 1
github.com/linuxdeepin/lastore-daemon/src/lastore-daemon/dbusutil.go:195.53,197.2 1 1
github.com/linuxdeepin/lastore-daemon/src/lastore-daemon/dbusutil.go:199.56,200.21 1 1
github.com/linuxdeepin/lastore-daemon/src/lastore-daemon/dbusutil.go:200.21,204.3 3 1
github.com/linuxdeepin/lastore-daemon/src/lastore-daemon/dbusutil.go:205.2,205.14 1 1
github.com/linuxdeepin/lastore-daemon/src/lastore-daemon/dbusutil.go:208.55,210.2 1 1
github.com/linuxdeepin/lastore-daemon/src/lastore-daemon/dbusutil.go:212.47,215.2 2 1
github.com/linuxdeepin/lastore-daemon/src/lastore-daemon/dbusutil.go:217.61,219.2 1 1
github.com/linuxdeepin/lastore-daemon/src/lastore-daemon/dbusutil.go:221.61,222.27 1 1
github.com/linuxdeepin/lastore-daemon/src/lastore-daemon/dbusutil.go:222.27,226.3 3 1
github.com/linuxdeepin/lastore-daemon/src/lastore-daemon/dbusutil.go:227.2,227.14 1 1
github.com/linuxdeepin/lastore-daemon/src/lastore-daemon/dbusutil.go:230.60,232.2 1 1
github.com/linuxdeepin/lastore-daemon/src/lastore-daemon/dbusutil.go:234.63,235.29 1 1
github.com/linuxdeepin/lastore-daemon/src/lastore-daemon/dbusutil.go:235.29,239.3 3 1
github.com/linuxdeepin/lastore-daemon/src/lastore-daemon/dbusutil.go:240.2,240.14 1 1
github.com/linuxdeepin/lastore-daemon/src/lastore-daemon/dbusutil.go:243.62,245.2 1 1
github.com/linuxdeepin/lastore-daemon/src/lastore-daemon/dbusutil.go:247.60,249.2 1 1
github.com/linuxdeepin/lastore-daemon/src/lastore-daemon/dbusutil.go:251.56,252.21 1 1
github.com/linuxdeepin/lastore-daemon/src/lastore-daemon/dbusutil.go:252.21,256.3 3 1
github.com/linuxdeepin/lastore-daemon/src/lastore-daemon/dbusutil.go:257.2,257.14 1 1
github.com/linuxdeepin/lastore-daemon/src/lastore-daemon/dbusutil.go:260.55,262.2 1 1
github.com/linuxdeepin/lastore-daemon/src/lastore-daemon/dbusutil.go:264.65,265.23 1 1
github.com/linuxdeepin/lastore-daemon/src/lastore-daemon/dbusutil.go:265.23,269.3 3 1
github.com/linuxdeepin/lastore-daemon/src/lastore-daemon/dbusutil.go:270.2,270.14 1 1
github.com/linuxdeepin/lastore-daemon/src/lastore-daemon/dbusutil.go:273.64,275.2 1 1
github.com/linuxdeepin/lastore-daemon/src/lastore-daemon/dbusutil.go:277.61,278.25 1 1
github.com/linuxdeepin/lastore-daemon/src/lastore-daemon/dbusutil.go:278.25,282.3 3 1
github.com/linuxdeepin/lastore-daemon/src/lastore-daemon/dbusutil.go:283.2,283.14 1 1
github.com/linuxdeepin/lastore-daemon/src/lastore-daemon/dbusutil.go:286.60,288.2 1 1
github.com/linuxdeepin/lastore-daemon/src/lastore-daemon/dbusutil.go:290.57,291.22 1 1
github.com/linuxdeepin/lastore-daemon/src/lastore-daemon/dbusutil.go:291.22,295.3 3 1
github.com/linuxdeepin/lastore-daemon/src/lastore-daemon/dbusutil.go:296.2,296.14 1 1
github.com/linuxdeepin/lastore-daemon/src/lastore-daemon/dbusutil.go:299.56,301.2 1 1
github.com/linuxdeepin/lastore-daemon/src/lastore-daemon/dbusutil.go:303.63,304.28 1 1
github.com/linuxdeepin/lastore-daemon/src/lastore-daemon/dbusutil.go:304.28,308.3 3 1
github.com/linuxdeepin/lastore-daemon/src/lastore-daemon/dbusutil.go:309.2,309.14 1 1
github.com/linuxdeepin/lastore-daemon/src/lastore-daemon/dbusutil.go:312.62,314.2 1 1
github.com/linuxdeepin/lastore-daemon/src/lastore-daemon/dbusutil.go:316.56,317.22 1 1
github.com/linuxdeepin/lastore-daemon/src/lastore-daemon/dbusutil.go:317.22,321.3 3 1
github.com/linuxdeepin/lastore-daemon/src/lastore-daemon/dbusutil.go:322.2,322.14 1 1
github.com/linuxdeepin/lastore-daemon/src/lastore-daemon/dbusutil.go:325.55,327.2 1 1
github.com/linuxdeepin/lastore-daemon/src/lastore-daemon/dbusutil.go:329.60,330.27 1 1
github.com/linuxdeepin/lastore-daemon/src/lastore-daemon/dbusutil.go:330.27,334.3 3 1
github.com/linuxdeepin/lastore-daemon/src/lastore-daemon/dbusutil.go:335.2,335.14 1 1
github.com/linuxdeepin/lastore-daemon/src/lastore-daemon/dbusutil.go:338.59,340.2 1 1
github.com/linuxdeepin/lastore-daemon/src/lastore-daemon/dbusutil.go:342.59,345.2 2 1
github.com/linuxdeepin/lastore-daemon/src/lastore-daemon/dbusutil.go:347.73,349.2 1 1
github.com/linuxdeepin/lastore-daemon/src/lastore-daemon/dbusutil.go:351.57,354.2 2 1
github.com/linuxdeepin/lastore-daemon/src/lastore-daemon/dbusutil.go:356.71,358.2 1 1
github.com/linuxdeepin/lastore-daemon/src/lastore-daemon/dbusutil.go:360.70,361.33 1 1
github.com/linuxdeepin/lastore-daemon/src/lastore-daemon/dbusutil.go:361.33,365.3 3 1
github.com/linuxdeepin/lastore-daemon/src/lastore-daemon/dbusutil.go:366.2,366.14 1 1
github.com/linuxdeepin/lastore-daemon/src/lastore-daemon/dbusutil.go:369.69,371.2 1 1
github.com/linuxdeepin/lastore-daemon/src/lastore-daemon/dbusutil.go:373.77,374.40 1 1
github.com/linuxdeepin/lastore-daemon/src/lastore-daemon/dbusutil.go:374.40,379.3 4 1
github.com/linuxdeepin/lastore-daemon/src/lastore-daemon/dbusutil.go:380.2,380.14 1 1
github.com/linuxdeepin/lastore-daemon/src/lastore-daemon/dbusutil.go:383.76,385.2 1 1
github.com/linuxdeepin/lastore-daemon/src/lastore-daemon/dbusutil.go:387.63,388.26 1 1
github.com/linuxdeepin/lastore-daemon/src/lastore-daemon/dbusutil.go:388.26,392.3 3 1
github.com/linuxdeepin/lastore-daemon/src/lastore-daemon/dbusutil.go:393.2,393.14 1 1
github.com/linuxdeepin/lastore-daemon/src/lastore-daemon/dbusutil.go:396.62,398.2 1 1
github.com/linuxdeepin/lastore-daemon/src/lastore-daemon/dbusutil.go:400.77,401.27 1 1
github.com/linuxdeepin/lastore-daemon/src/lastore-daemon/dbusutil.go:401.27,405.3 3 1
github.com/linuxdeepin/lastore-daemon/src/lastore-daemon/dbusutil.go:406.2,406.14 1 1
github.com/linuxdeepin/lastore-daemon/src/lastore-daemon/dbusutil.go:409.76,411.2 1 1
github.com/linuxdeepin/lastore-daemon/src/lastore-daemon/dbusutil.go:413.82,414.32 1 1
github.com/linuxdeepin/lastore-daemon/src/lastore-daemon/dbusutil.go:414.32,418.3 3 1
github.com/linuxdeepin/lastore-daemon/src/lastore-daemon/dbusutil.go:419.2,419.14 1 1
github.com/linuxdeepin/lastore-daemon/src/lastore-daemon/dbusutil.go:422.81,424.2 1 1
github.com/linuxdeepin/lastore-daemon/src/lastore-daemon/dbusutil.go:426.68,427.29 1 1
github.com/linuxdeepin/lastore-daemon/src/lastore-daemon/dbusutil.go:427.29,431.3 3 1
github.com/linuxdeepin/lastore-daemon/src/lastore-daemon/dbusutil.go:432.2,432.14 1 1
github.com/linuxdeepin/lastore-daemon/src/lastore-daemon/dbusutil.go:435.67,437.2 1 1
github.com/linuxdeepin/lastore-daemon/src/lastore-daemon/dbusutil.go:439.66,440.27 1 1
github.com/linuxdeepin/lastore-daemon/src/lastore-daemon/dbusutil.go:440.27,444.3 3 1
github.com/linuxdeepin/lastore-daemon/src/lastore-daemon/dbusutil.go:445.2,445.14 1 1
github.com/linuxdeepin/lastore-daemon/src/lastore-daemon/dbusutil.go:448.65,450.2 1 1
github.com/linuxdeepin/lastore-daemon/src/lastore-daemon/dbusutil.go:452.75,453.38 1 1
github.com/linuxdeepin/lastore-daemon/src/lastore-daemon/dbusutil.go:453.38,457.3 3 1
github.com/linuxdeepin/lastore-daemon/src/lastore-daemon/dbusutil.go:458.2,458.14 1 1
github.com/linuxdeepin/lastore-daemon/src/lastore-daemon/dbusutil.go:461.74,463.2 1 1
github.com/linuxdeepin/lastore-daemon/src/lastore-daemon/exported_methods_auto.go:9.65,180.2 1 0
github.com/linuxdeepin/lastore-daemon/src/lastore-daemon/exported_methods_auto.go:181.65,249.2 1 1
github.com/linuxdeepin/lastore-daemon/src/lastore-daemon/immutable.go:15.77,16.60 1 0
github.com/linuxdeepin/lastore-daemon/src/lastore-daemon/immutable.go:16.60,24.16 8 0
github.com/linuxdeepin/lastore-daemon/src/lastore-daemon/immutable.go:24.16,29.4 1 0
github.com/linuxdeepin/lastore-daemon/src/lastore-daemon/immutable.go:31.3,36.17 3 0
github.com/linuxdeepin/lastore-daemon/src/lastore-daemon/immutable.go:36.17,38.4 1 0
github.com/linuxdeepin/lastore-daemon/src/lastore-daemon/immutable.go:38.9,40.4 1 0
github.com/linuxdeepin/lastore-daemon/src/lastore-daemon/immutable.go:41.8,43.3 1 0
github.com/linuxdeepin/lastore-daemon/src/lastore-daemon/immutable.go:71.72,73.2 1 1
github.com/linuxdeepin/lastore-daemon/src/lastore-daemon/immutable.go:76.57,80.2 3 0
github.com/linuxdeepin/lastore-daemon/src/lastore-daemon/immutable.go:82.64,84.44 2 0
github.com/linuxdeepin/lastore-daemon/src/lastore-daemon/immutable.go:84.44,86.3 1 0
github.com/linuxdeepin/lastore-daemon/src/lastore-daemon/immutable.go:87.2,88.16 2 0
github.com/linuxdeepin/lastore-daemon/src/lastore-daemon/immutable.go:88.16,90.3 1 0
github.com/linuxdeepin/lastore-daemon/src/lastore-daemon/immutable.go:91.2,91.12 1 0
github.com/linuxdeepin/lastore-daemon/src/lastore-daemon/immutable.go:94.51,96.16 2 0
github.com/linuxdeepin/lastore-daemon/src/lastore-daemon/immutable.go:96.16,98.3 1 0
github.com/linuxdeepin/lastore-daemon/src/lastore-daemon/immutable.go:99.2,99.12 1 0
github.com/linuxdeepin/lastore-daemon/src/lastore-daemon/immutable.go:102.51,104.16 2 0
github.com/linuxdeepin/lastore-daemon/src/lastore-daemon/immutable.go:104.16,106.3 1 0
github.com/linuxdeepin/lastore-daemon/src/lastore-daemon/immutable.go:107.2,107.12 1 0
github.com/linuxdeepin/lastore-daemon/src/lastore-daemon/immutable.go:110.70,112.16 2 0
github.com/linuxdeepin/lastore-daemon/src/lastore-daemon/immutable.go:112.16,115.3 2 0
github.com/linuxdeepin/lastore-daemon/src/lastore-daemon/immutable.go:117.2,121.16 4 0
github.com/linuxdeepin/lastore-daemon/src/lastore-daemon/immutable.go:121.16,124.3 2 0
github.com/linuxdeepin/lastore-daemon/src/lastore-daemon/immutable.go:126.2,126.23 1 0
github.com/linuxdeepin/lastore-daemon/src/lastore-daemon/immutable.go:126.23,129.3 2 0
github.com/linuxdeepin/lastore-daemon/src/lastore-daemon/immutable.go:131.2,131.31 1 0
github.com/linuxdeepin/lastore-daemon/src/lastore-daemon/immutable.go:134.63,136.16 2 0
github.com/linuxdeepin/lastore-daemon/src/lastore-daemon/immutable.go:136.16,138.3 1 0
github.com/linuxdeepin/lastore-daemon/src/lastore-daemon/immutable.go:140.2,142.16 3 0
github.com/linuxdeepin/lastore-daemon/src/lastore-daemon/immutable.go:142.16,144.3 1 0
github.com/linuxdeepin/lastore-daemon/src/lastore-daemon/immutable.go:146.2,146.35 1 0
github.com/linuxdeepin/lastore-daemon/src/lastore-daemon/immutable.go:149.65,151.16 2 0
github.com/linuxdeepin/lastore-daemon/src/lastore-daemon/immutable.go:151.16,153.3 1 0
github.com/linuxdeepin/lastore-daemon/src/lastore-daemon/immutable.go:155.2,157.16 3 0
github.com/linuxdeepin/lastore-daemon/src/lastore-daemon/immutable.go:157.16,159.3 1 0
github.com/linuxdeepin/lastore-daemon/src/lastore-daemon/immutable.go:162.2,163.67 2 0
github.com/linuxdeepin/lastore-daemon/src/lastore-daemon/immutable.go:163.67,164.52 1 0
github.com/linuxdeepin/lastore-daemon/src/lastore-daemon/immutable.go:164.52,166.4 1 0
github.com/linuxdeepin/lastore-daemon/src/lastore-daemon/immutable.go:169.2,169.20 1 0
github.com/linuxdeepin/lastore-daemon/src/lastore-daemon/inhibitor.go:23.46,23.79 1 0
github.com/linuxdeepin/lastore-daemon/src/lastore-daemon/inhibitor.go:26.82,27.37 1 0
github.com/linuxdeepin/lastore-daemon/src/lastore-daemon/inhibitor.go:27.37,29.23 2 0
github.com/linuxdeepin/lastore-daemon/src/lastore-daemon/inhibitor.go:29.23,31.4 1 0
github.com/linuxdeepin/lastore-daemon/src/lastore-daemon/inhibitor.go:31.9,33.4 1 0
github.com/linuxdeepin/lastore-daemon/src/lastore-daemon/inhibitor.go:34.3,35.17 2 0
github.com/linuxdeepin/lastore-daemon/src/lastore-daemon/inhibitor.go:35.17,38.4 2 0
github.com/linuxdeepin/lastore-daemon/src/lastore-daemon/inhibitor.go:39.3,40.19 2 0
github.com/linuxdeepin/lastore-daemon/src/lastore-daemon/inhibitor.go:41.8,41.45 1 0
github.com/linuxdeepin/lastore-daemon/src/lastore-daemon/inhibitor.go:41.45,43.17 2 0
github.com/linuxdeepin/lastore-daemon/src/lastore-daemon/inhibitor.go:43.17,45.4 1 0
github.com/linuxdeepin/lastore-daemon/src/lastore-daemon/inhibitor.go:45.9,47.4 1 0
github.com/linuxdeepin/lastore-daemon/src/lastore-daemon/inhibitor.go:48.3,48.19 1 0
github.com/linuxdeepin/lastore-daemon/src/lastore-daemon/inhibitor.go:52.60,56.27 3 1
github.com/linuxdeepin/lastore-daemon/src/lastore-daemon/inhibitor.go:56.27,58.17 2 1
github.com/linuxdeepin/lastore-daemon/src/lastore-daemon/inhibitor.go:58.17,60.4 1 1
github.com/linuxdeepin/lastore-daemon/src/lastore-daemon/inhibitor.go:61.3,61.23 1 1
github.com/linuxdeepin/lastore-daemon/src/lastore-daemon/inhibitor.go:63.2,64.29 2 1
github.com/linuxdeepin/lastore-daemon/src/lastore-daemon/inhibitor.go:67.35,71.27 3 1
github.com/linuxdeepin/lastore-daemon/src/lastore-daemon/inhibitor.go:71.27,73.3 1 1
github.com/linuxdeepin/lastore-daemon/src/lastore-daemon/inhibitor.go:74.2,75.27 2 1
github.com/linuxdeepin/lastore-daemon/src/lastore-daemon/inhibitor.go:75.27,77.3 1 1
github.com/linuxdeepin/lastore-daemon/src/lastore-daemon/inhibitor.go:78.2,78.27 1 1
github.com/linuxdeepin/lastore-daemon/src/lastore-daemon/inhibitor.go:78.27,80.3 1 0
github.com/linuxdeepin/lastore-daemon/src/lastore-daemon/inhibitor.go:81.2,83.27 3 1
github.com/linuxdeepin/lastore-daemon/src/lastore-daemon/inhibitor.go:86.60,88.16 2 0
github.com/linuxdeepin/lastore-daemon/src/lastore-daemon/inhibitor.go:88.16,90.3 1 0
github.com/linuxdeepin/lastore-daemon/src/lastore-daemon/inhibitor.go:91.2,92.46 2 0
github.com/linuxdeepin/lastore-daemon/src/lastore-daemon/job.go:85.138,107.2 2 1
github.com/linuxdeepin/lastore-daemon/src/lastore-daemon/job.go:109.43,112.25 3 0
github.com/linuxdeepin/lastore-daemon/src/lastore-daemon/job.go:112.25,115.3 2 0
github.com/linuxdeepin/lastore-daemon/src/lastore-daemon/job.go:116.2,117.20 2 0
github.com/linuxdeepin/lastore-daemon/src/lastore-daemon/job.go:120.66,123.27 3 0
github.com/linuxdeepin/lastore-daemon/src/lastore-daemon/job.go:123.27,126.3 2 0
github.com/linuxdeepin/lastore-daemon/src/lastore-daemon/job.go:127.2,127.20 1 0
github.com/linuxdeepin/lastore-daemon/src/lastore-daemon/job.go:130.31,136.2 1 1
github.com/linuxdeepin/lastore-daemon/src/lastore-daemon/job.go:138.79,142.41 3 1
github.com/linuxdeepin/lastore-daemon/src/lastore-daemon/job.go:142.41,144.3 1 1
github.com/linuxdeepin/lastore-daemon/src/lastore-daemon/job.go:146.2,150.15 4 1
github.com/linuxdeepin/lastore-daemon/src/lastore-daemon/job.go:150.15,152.3 1 0
github.com/linuxdeepin/lastore-daemon/src/lastore-daemon/job.go:153.2,153.22 1 1
github.com/linuxdeepin/lastore-daemon/src/lastore-daemon/job.go:153.22,155.23 2 1
github.com/linuxdeepin/lastore-daemon/src/lastore-daemon/job.go:155.23,157.4 1 0
github.com/linuxdeepin/lastore-daemon/src/lastore-daemon/job.go:160.2,161.22 2 1
github.com/linuxdeepin/lastore-daemon/src/lastore-daemon/job.go:161.22,164.23 3 1
github.com/linuxdeepin/lastore-daemon/src/lastore-daemon/job.go:164.23,166.4 1 0
github.com/linuxdeepin/lastore-daemon/src/lastore-daemon/job.go:172.60,178.23 4 1
github.com/linuxdeepin/lastore-daemon/src/lastore-daemon/job.go:178.23,179.40 1 1
github.com/linuxdeepin/lastore-daemon/src/lastore-daemon/job.go:179.40,183.4 3 0
github.com/linuxdeepin/lastore-daemon/src/lastore-daemon/job.go:184.8,188.3 3 0
github.com/linuxdeepin/lastore-daemon/src/lastore-daemon/job.go:190.2,190.37 1 1
github.com/linuxdeepin/lastore-daemon/src/lastore-daemon/job.go:190.37,194.3 3 0
github.com/linuxdeepin/lastore-daemon/src/lastore-daemon/job.go:195.2,198.71 2 1
github.com/linuxdeepin/lastore-daemon/src/lastore-daemon/job.go:198.71,200.3 1 0
github.com/linuxdeepin/lastore-daemon/src/lastore-daemon/job.go:202.2,205.24 3 1
github.com/linuxdeepin/lastore-daemon/src/lastore-daemon/job.go:205.24,208.3 2 0
github.com/linuxdeepin/lastore-daemon/src/lastore-daemon/job.go:208.8,212.3 2 1
github.com/linuxdeepin/lastore-daemon/src/lastore-daemon/job.go:214.2,214.26 1 1
github.com/linuxdeepin/lastore-daemon/src/lastore-daemon/job.go:214.26,219.3 3 0
github.com/linuxdeepin/lastore-daemon/src/lastore-daemon/job.go:221.2,221.32 1 1
github.com/linuxdeepin/lastore-daemon/src/lastore-daemon/job.go:221.32,222.57 1 1
github.com/linuxdeepin/lastore-daemon/src/lastore-daemon/job.go:222.57,226.24 4 1
github.com/linuxdeepin/lastore-daemon/src/lastore-daemon/job.go:226.24,228.5 1 0
github.com/linuxdeepin/lastore-daemon/src/lastore-daemon/job.go:232.3,234.23 2 1
github.com/linuxdeepin/lastore-daemon/src/lastore-daemon/job.go:234.23,237.24 3 1
github.com/linuxdeepin/lastore-daemon/src/lastore-daemon/job.go:237.24,239.5 1 0
github.com/linuxdeepin/lastore-daemon/src/lastore-daemon/job.go:243.2,243.21 1 1
github.com/linuxdeepin/lastore-daemon/src/lastore-daemon/job.go:243.21,245.3 1 0
github.com/linuxdeepin/lastore-daemon/src/lastore-daemon/job.go:247.2,247.29 1 1
github.com/linuxdeepin/lastore-daemon/src/lastore-daemon/job.go:247.29,249.17 2 0
github.com/linuxdeepin/lastore-daemon/src/lastore-daemon/job.go:249.17,252.43 2 0
github.com/linuxdeepin/lastore-daemon/src/lastore-daemon/job.go:252.43,255.11 3 0
github.com/linuxdeepin/lastore-daemon/src/lastore-daemon/job.go:255.11,263.6 6 0
github.com/linuxdeepin/lastore-daemon/src/lastore-daemon/job.go:265.5,265.51 1 0
github.com/linuxdeepin/lastore-daemon/src/lastore-daemon/job.go:267.4,267.16 1 0
github.com/linuxdeepin/lastore-daemon/src/lastore-daemon/job.go:269.3,269.17 1 0
github.com/linuxdeepin/lastore-daemon/src/lastore-daemon/job.go:271.2,271.16 1 1
github.com/linuxdeepin/lastore-daemon/src/lastore-daemon/job.go:274.54,275.59 1 1
github.com/linuxdeepin/lastore-daemon/src/lastore-daemon/job.go:275.59,276.88 1 0
github.com/linuxdeepin/lastore-daemon/src/lastore-daemon/job.go:278.2,278.21 1 1
github.com/linuxdeepin/lastore-daemon/src/lastore-daemon/job.go:278.21,279.71 1 0
github.com/linuxdeepin/lastore-daemon/src/lastore-daemon/job.go:281.2,283.35 3 1
github.com/linuxdeepin/lastore-daemon/src/lastore-daemon/job.go:286.51,288.2 1 1
github.com/linuxdeepin/lastore-daemon/src/lastore-daemon/job.go:290.50,291.32 1 1
github.com/linuxdeepin/lastore-daemon/src/lastore-daemon/job.go:292.23,293.16 1 1
github.com/linuxdeepin/lastore-daemon/src/lastore-daemon/job.go:294.25,295.20 1 1
github.com/linuxdeepin/lastore-daemon/src/lastore-daemon/job.go:296.10,297.15 1 1
github.com/linuxdeepin/lastore-daemon/src/lastore-daemon/job.go:301.49,302.17 1 1
github.com/linuxdeepin/lastore-daemon/src/lastore-daemon/job.go:303.99,304.14 1 1
github.com/linuxdeepin/lastore-daemon/src/lastore-daemon/job.go:305.10,306.15 1 1
github.com/linuxdeepin/lastore-daemon/src/lastore-daemon/job.go:310.44,312.16 2 0
github.com/linuxdeepin/lastore-daemon/src/lastore-daemon/job.go:312.16,315.3 2 0
github.com/linuxdeepin/lastore-daemon/src/lastore-daemon/job.go:316.2,316.41 1 0
github.com/linuxdeepin/lastore-daemon/src/lastore-daemon/job.go:319.52,324.2 4 1
github.com/linuxdeepin/lastore-daemon/src/lastore-daemon/job.go:327.58,329.35 2 1
github.com/linuxdeepin/lastore-daemon/src/lastore-daemon/job.go:329.35,331.3 1 1
github.com/linuxdeepin/lastore-daemon/src/lastore-daemon/job.go:332.2,332.18 1 1
github.com/linuxdeepin/lastore-daemon/src/lastore-daemon/job.go:332.18,333.27 1 1
github.com/linuxdeepin/lastore-daemon/src/lastore-daemon/job.go:333.27,335.4 1 1
github.com/linuxdeepin/lastore-daemon/src/lastore-daemon/job.go:337.2,337.35 1 1
github.com/linuxdeepin/lastore-daemon/src/lastore-daemon/job.go:340.65,343.35 3 1
github.com/linuxdeepin/lastore-daemon/src/lastore-daemon/job.go:343.35,346.3 2 1
github.com/linuxdeepin/lastore-daemon/src/lastore-daemon/job.go:347.2,347.35 1 1
github.com/linuxdeepin/lastore-daemon/src/lastore-daemon/job.go:347.35,350.9 3 1
github.com/linuxdeepin/lastore-daemon/src/lastore-daemon/job.go:350.9,351.47 1 1
github.com/linuxdeepin/lastore-daemon/src/lastore-daemon/job.go:351.47,353.19 2 1
github.com/linuxdeepin/lastore-daemon/src/lastore-daemon/job.go:353.19,355.6 1 1
github.com/linuxdeepin/lastore-daemon/src/lastore-daemon/job.go:356.5,356.22 1 1
github.com/linuxdeepin/lastore-daemon/src/lastore-daemon/job.go:358.9,360.4 1 0
github.com/linuxdeepin/lastore-daemon/src/lastore-daemon/job.go:364.54,369.2 4 1
github.com/linuxdeepin/lastore-daemon/src/lastore-daemon/job.go:372.60,374.32 2 1
github.com/linuxdeepin/lastore-daemon/src/lastore-daemon/job.go:374.32,376.3 1 1
github.com/linuxdeepin/lastore-daemon/src/lastore-daemon/job.go:377.2,377.18 1 1
github.com/linuxdeepin/lastore-daemon/src/lastore-daemon/job.go:377.18,378.27 1 1
github.com/linuxdeepin/lastore-daemon/src/lastore-daemon/job.go:378.27,380.4 1 1
github.com/linuxdeepin/lastore-daemon/src/lastore-daemon/job.go:382.2,382.32 1 1
github.com/linuxdeepin/lastore-daemon/src/lastore-daemon/job.go:385.67,388.32 3 1
github.com/linuxdeepin/lastore-daemon/src/lastore-daemon/job.go:388.32,391.3 2 1
github.com/linuxdeepin/lastore-daemon/src/lastore-daemon/job.go:392.2,392.35 1 1
github.com/linuxdeepin/lastore-daemon/src/lastore-daemon/job.go:392.35,395.9 3 1
github.com/linuxdeepin/lastore-daemon/src/lastore-daemon/job.go:395.9,396.44 1 1
github.com/linuxdeepin/lastore-daemon/src/lastore-daemon/job.go:396.44,398.19 2 1
github.com/linuxdeepin/lastore-daemon/src/lastore-daemon/job.go:398.19,400.6 1 1
github.com/linuxdeepin/lastore-daemon/src/lastore-daemon/job.go:401.5,401.22 1 1
github.com/linuxdeepin/lastore-daemon/src/lastore-daemon/job.go:403.9,405.4 1 0
github.com/linuxdeepin/lastore-daemon/src/lastore-daemon/job.go:409.42,412.12 3 1
github.com/linuxdeepin/lastore-daemon/src/lastore-daemon/job.go:412.12,415.3 2 1
github.com/linuxdeepin/lastore-daemon/src/lastore-daemon/job.go:416.2,416.29 1 1
github.com/linuxdeepin/lastore-daemon/src/lastore-daemon/job.go:416.29,418.3 1 1
github.com/linuxdeepin/lastore-daemon/src/lastore-daemon/job.go:419.2,419.11 1 1
github.com/linuxdeepin/lastore-daemon/src/lastore-daemon/job.go:423.52,427.2 3 1
github.com/linuxdeepin/lastore-daemon/src/lastore-daemon/job_manager.go:56.125,57.16 1 1
github.com/linuxdeepin/lastore-daemon/src/lastore-daemon/job_manager.go:57.16,58.38 1 0
github.com/linuxdeepin/lastore-daemon/src/lastore-daemon/job_manager.go:60.2,74.10 8 1
github.com/linuxdeepin/lastore-daemon/src/lastore-daemon/job_manager.go:77.38,79.34 2 1
github.com/linuxdeepin/lastore-daemon/src/lastore-daemon/job_manager.go:79.34,81.3 1 1
github.com/linuxdeepin/lastore-daemon/src/lastore-daemon/job_manager.go:82.2,83.10 2 1
github.com/linuxdeepin/lastore-daemon/src/lastore-daemon/job_manager.go:87.156,88.60 1 1
github.com/linuxdeepin/lastore-daemon/src/lastore-daemon/job_manager.go:88.60,89.21 1 0
github.com/linuxdeepin/lastore-daemon/src/lastore-daemon/job_manager.go:90.28,91.39 1 0
github.com/linuxdeepin/lastore-daemon/src/lastore-daemon/job_manager.go:92.11,93.25 1 0
github.com/linuxdeepin/lastore-daemon/src/lastore-daemon/job_manager.go:96.2,97.17 2 1
github.com/linuxdeepin/lastore-daemon/src/lastore-daemon/job_manager.go:98.30,99.113 1 1
github.com/linuxdeepin/lastore-daemon/src/lastore-daemon/job_manager.go:103.39,104.123 1 0
github.com/linuxdeepin/lastore-daemon/src/lastore-daemon/job_manager.go:105.40,108.10 3 0
github.com/linuxdeepin/lastore-daemon/src/lastore-daemon/job_manager.go:108.10,110.4 1 0
github.com/linuxdeepin/lastore-daemon/src/lastore-daemon/job_manager.go:111.3,112.10 2 0
github.com/linuxdeepin/lastore-daemon/src/lastore-daemon/job_manager.go:112.10,114.4 1 0
github.com/linuxdeepin/lastore-daemon/src/lastore-daemon/job_manager.go:115.3,116.10 2 0
github.com/linuxdeepin/lastore-daemon/src/lastore-daemon/job_manager.go:116.10,118.4 1 0
github.com/linuxdeepin/lastore-daemon/src/lastore-daemon/job_manager.go:119.3,121.53 3 0
github.com/linuxdeepin/lastore-daemon/src/lastore-daemon/job_manager.go:121.53,122.21 1 0
github.com/linuxdeepin/lastore-daemon/src/lastore-daemon/job_manager.go:122.21,124.5 1 0
github.com/linuxdeepin/lastore-daemon/src/lastore-daemon/job_manager.go:126.3,126.53 1 0
github.com/linuxdeepin/lastore-daemon/src/lastore-daemon/job_manager.go:126.53,127.21 1 0
github.com/linuxdeepin/lastore-daemon/src/lastore-daemon/job_manager.go:127.21,128.36 1 0
github.com/linuxdeepin/lastore-daemon/src/lastore-daemon/job_manager.go:128.36,129.14 1 0
github.com/linuxdeepin/lastore-daemon/src/lastore-daemon/job_manager.go:132.5,133.56 2 0
github.com/linuxdeepin/lastore-daemon/src/lastore-daemon/job_manager.go:133.56,138.6 1 0
github.com/linuxdeepin/lastore-daemon/src/lastore-daemon/job_manager.go:138.11,143.6 1 0
github.com/linuxdeepin/lastore-daemon/src/lastore-daemon/job_manager.go:146.5,149.26 3 0
github.com/linuxdeepin/lastore-daemon/src/lastore-daemon/job_manager.go:149.26,151.6 1 0
github.com/linuxdeepin/lastore-daemon/src/lastore-daemon/job_manager.go:152.5,154.41 3 0
github.com/linuxdeepin/lastore-daemon/src/lastore-daemon/job_manager.go:157.3,157.24 1 0
github.com/linuxdeepin/lastore-daemon/src/lastore-daemon/job_manager.go:157.24,159.4 1 0
github.com/linuxdeepin/lastore-daemon/src/lastore-daemon/job_manager.go:160.3,160.19 1 0
github.com/linuxdeepin/lastore-daemon/src/lastore-daemon/job_manager.go:162.29,171.18 6 1
github.com/linuxdeepin/lastore-daemon/src/lastore-daemon/job_manager.go:172.33,173.113 1 0
github.com/linuxdeepin/lastore-daemon/src/lastore-daemon/job_manager.go:174.28,175.102 1 0
github.com/linuxdeepin/lastore-daemon/src/lastore-daemon/job_manager.go:176.34,178.36 2 0
github.com/linuxdeepin/lastore-daemon/src/lastore-daemon/job_manager.go:179.33,181.10 2 1
github.com/linuxdeepin/lastore-daemon/src/lastore-daemon/job_manager.go:181.10,183.4 1 0
github.com/linuxdeepin/lastore-daemon/src/lastore-daemon/job_manager.go:184.3,185.10 2 1
github.com/linuxdeepin/lastore-daemon/src/lastore-daemon/job_manager.go:185.10,187.4 1 0
github.com/linuxdeepin/lastore-daemon/src/lastore-daemon/job_manager.go:189.3,190.69 2 1
github.com/linuxdeepin/lastore-daemon/src/lastore-daemon/job_manager.go:190.69,193.4 1 0
github.com/linuxdeepin/lastore-daemon/src/lastore-daemon/job_manager.go:194.3,194.21 1 1
github.com/linuxdeepin/lastore-daemon/src/lastore-daemon/job_manager.go:194.21,204.30 8 0
github.com/linuxdeepin/lastore-daemon/src/lastore-daemon/job_manager.go:204.30,209.5 1 0
github.com/linuxdeepin/lastore-daemon/src/lastore-daemon/job_manager.go:209.10,214.5 1 0
github.com/linuxdeepin/lastore-daemon/src/lastore-daemon/job_manager.go:215.4,215.21 1 0
github.com/linuxdeepin/lastore-daemon/src/lastore-daemon/job_manager.go:215.21,217.5 1 0
github.com/linuxdeepin/lastore-daemon/src/lastore-daemon/job_manager.go:218.4,221.19 4 0
github.com/linuxdeepin/lastore-daemon/src/lastore-daemon/job_manager.go:222.9,226.4 3 1
github.com/linuxdeepin/lastore-daemon/src/lastore-daemon/job_manager.go:228.28,229.102 1 0
github.com/linuxdeepin/lastore-daemon/src/lastore-daemon/job_manager.go:230.27,231.94 1 0
github.com/linuxdeepin/lastore-daemon/src/lastore-daemon/job_manager.go:232.30,234.25 2 0
github.com/linuxdeepin/lastore-daemon/src/lastore-daemon/job_manager.go:234.25,236.4 1 0
github.com/linuxdeepin/lastore-daemon/src/lastore-daemon/job_manager.go:237.3,238.82 2 0
github.com/linuxdeepin/lastore-daemon/src/lastore-daemon/job_manager.go:243.33,245.34 2 0
github.com/linuxdeepin/lastore-daemon/src/lastore-daemon/job_manager.go:246.33,247.115 1 0
github.com/linuxdeepin/lastore-daemon/src/lastore-daemon/job_manager.go:248.28,249.107 1 0
github.com/linuxdeepin/lastore-daemon/src/lastore-daemon/job_manager.go:250.10,251.44 1 0
github.com/linuxdeepin/lastore-daemon/src/lastore-daemon/job_manager.go:253.2,254.38 2 1
github.com/linuxdeepin/lastore-daemon/src/lastore-daemon/job_manager.go:257.48,258.17 1 1
github.com/linuxdeepin/lastore-daemon/src/lastore-daemon/job_manager.go:264.33,265.14 1 1
github.com/linuxdeepin/lastore-daemon/src/lastore-daemon/job_manager.go:266.10,267.15 1 1
github.com/linuxdeepin/lastore-daemon/src/lastore-daemon/job_manager.go:271.49,275.38 3 1
github.com/linuxdeepin/lastore-daemon/src/lastore-daemon/job_manager.go:275.38,277.17 2 0
github.com/linuxdeepin/lastore-daemon/src/lastore-daemon/job_manager.go:277.17,280.4 2 0
github.com/linuxdeepin/lastore-daemon/src/lastore-daemon/job_manager.go:282.2,285.9 3 1
github.com/linuxdeepin/lastore-daemon/src/lastore-daemon/job_manager.go:285.9,287.3 1 0
github.com/linuxdeepin/lastore-daemon/src/lastore-daemon/job_manager.go:288.2,288.28 1 1
github.com/linuxdeepin/lastore-daemon/src/lastore-daemon/job_manager.go:292.49,296.38 3 1
github.com/linuxdeepin/lastore-daemon/src/lastore-daemon/job_manager.go:296.38,298.17 2 1
github.com/linuxdeepin/lastore-daemon/src/lastore-daemon/job_manager.go:298.17,301.4 2 0
github.com/linuxdeepin/lastore-daemon/src/lastore-daemon/job_manager.go:303.2,304.12 2 1
github.com/linuxdeepin/lastore-daemon/src/lastore-daemon/job_manager.go:309.53,311.16 2 1
github.com/linuxdeepin/lastore-daemon/src/lastore-daemon/job_manager.go:311.16,313.3 1 0
github.com/linuxdeepin/lastore-daemon/src/lastore-daemon/job_manager.go:315.2,315.26 1 1
github.com/linuxdeepin/lastore-daemon/src/lastore-daemon/job_manager.go:320.52,322.16 2 1
github.com/linuxdeepin/lastore-daemon/src/lastore-daemon/job_manager.go:322.16,324.3 1 0
github.com/linuxdeepin/lastore-daemon/src/lastore-daemon/job_manager.go:326.2,329.58 3 1
github.com/linuxdeepin/lastore-daemon/src/lastore-daemon/job_manager.go:329.58,331.17 2 1
github.com/linuxdeepin/lastore-daemon/src/lastore-daemon/job_manager.go:331.17,333.4 1 1
github.com/linuxdeepin/lastore-daemon/src/lastore-daemon/job_manager.go:336.2,336.59 1 0
github.com/linuxdeepin/lastore-daemon/src/lastore-daemon/job_manager.go:336.59,338.3 1 0
github.com/linuxdeepin/lastore-daemon/src/lastore-daemon/job_manager.go:339.2,339.50 1 0
github.com/linuxdeepin/lastore-daemon/src/lastore-daemon/job_manager.go:342.48,343.20 1 1
github.com/linuxdeepin/lastore-daemon/src/lastore-daemon/job_manager.go:344.27,346.13 2 0
github.com/linuxdeepin/lastore-daemon/src/lastore-daemon/job_manager.go:347.28,349.17 2 1
github.com/linuxdeepin/lastore-daemon/src/lastore-daemon/job_manager.go:349.17,351.4 1 1
github.com/linuxdeepin/lastore-daemon/src/lastore-daemon/job_manager.go:354.2,354.53 1 0
github.com/linuxdeepin/lastore-daemon/src/lastore-daemon/job_manager.go:358.52,360.16 2 0
github.com/linuxdeepin/lastore-daemon/src/lastore-daemon/job_manager.go:360.16,362.3 1 0
github.com/linuxdeepin/lastore-daemon/src/lastore-daemon/job_manager.go:363.2,366.12 4 0
github.com/linuxdeepin/lastore-daemon/src/lastore-daemon/job_manager.go:370.58,373.40 3 0
github.com/linuxdeepin/lastore-daemon/src/lastore-daemon/job_manager.go:373.40,374.20 1 0
github.com/linuxdeepin/lastore-daemon/src/lastore-daemon/job_manager.go:374.20,376.4 1 0
github.com/linuxdeepin/lastore-daemon/src/lastore-daemon/job_manager.go:377.3,378.17 2 0
github.com/linuxdeepin/lastore-daemon/src/lastore-daemon/job_manager.go:378.17,380.4 1 0
github.com/linuxdeepin/lastore-daemon/src/lastore-daemon/job_manager.go:382.2,382.56 1 0
github.com/linuxdeepin/lastore-daemon/src/lastore-daemon/job_manager.go:382.56,384.3 1 0
github.com/linuxdeepin/lastore-daemon/src/lastore-daemon/job_manager.go:386.2,387.12 2 0
github.com/linuxdeepin/lastore-daemon/src/lastore-daemon/job_manager.go:393.34,397.34 4 0
github.com/linuxdeepin/lastore-daemon/src/lastore-daemon/job_manager.go:397.34,400.3 1 0
github.com/linuxdeepin/lastore-daemon/src/lastore-daemon/job_manager.go:402.2,402.40 1 0
github.com/linuxdeepin/lastore-daemon/src/lastore-daemon/job_manager.go:402.40,404.22 2 0
github.com/linuxdeepin/lastore-daemon/src/lastore-daemon/job_manager.go:404.22,407.30 2 0
github.com/linuxdeepin/lastore-daemon/src/lastore-daemon/job_manager.go:407.30,409.5 1 0
github.com/linuxdeepin/lastore-daemon/src/lastore-daemon/job_manager.go:411.4,411.25 1 0
github.com/linuxdeepin/lastore-daemon/src/lastore-daemon/job_manager.go:411.25,413.77 1 0
github.com/linuxdeepin/lastore-daemon/src/lastore-daemon/job_manager.go:413.77,415.12 2 0
github.com/linuxdeepin/lastore-daemon/src/lastore-daemon/job_manager.go:415.12,417.7 1 0
github.com/linuxdeepin/lastore-daemon/src/lastore-daemon/job_manager.go:417.12,419.7 1 0
github.com/linuxdeepin/lastore-daemon/src/lastore-daemon/job_manager.go:422.4,431.25 8 0
github.com/linuxdeepin/lastore-daemon/src/lastore-daemon/job_manager.go:436.2,442.39 6 0
github.com/linuxdeepin/lastore-daemon/src/lastore-daemon/job_manager.go:442.39,444.3 1 0
github.com/linuxdeepin/lastore-daemon/src/lastore-daemon/job_manager.go:446.2,446.17 1 0
github.com/linuxdeepin/lastore-daemon/src/lastore-daemon/job_manager.go:449.35,453.2 3 1
github.com/linuxdeepin/lastore-daemon/src/lastore-daemon/job_manager.go:454.36,455.22 1 0
github.com/linuxdeepin/lastore-daemon/src/lastore-daemon/job_manager.go:455.22,457.3 1 0
github.com/linuxdeepin/lastore-daemon/src/lastore-daemon/job_manager.go:459.2,461.13 3 0
github.com/linuxdeepin/lastore-daemon/src/lastore-daemon/job_manager.go:461.13,463.3 1 0
github.com/linuxdeepin/lastore-daemon/src/lastore-daemon/job_manager.go:464.2,466.13 2 0
github.com/linuxdeepin/lastore-daemon/src/lastore-daemon/job_manager.go:466.13,468.3 1 0
github.com/linuxdeepin/lastore-daemon/src/lastore-daemon/job_manager.go:471.57,472.16 1 0
github.com/linuxdeepin/lastore-daemon/src/lastore-daemon/job_manager.go:472.16,474.3 1 0
github.com/linuxdeepin/lastore-daemon/src/lastore-daemon/job_manager.go:475.2,476.27 2 0
github.com/linuxdeepin/lastore-daemon/src/lastore-daemon/job_manager.go:476.27,481.39 4 0
github.com/linuxdeepin/lastore-daemon/src/lastore-daemon/job_manager.go:481.39,485.4 3 0
github.com/linuxdeepin/lastore-daemon/src/lastore-daemon/job_manager.go:487.3,488.17 2 0
github.com/linuxdeepin/lastore-daemon/src/lastore-daemon/job_manager.go:488.17,492.10 4 0
github.com/linuxdeepin/lastore-daemon/src/lastore-daemon/job_manager.go:492.10,499.5 5 0
github.com/linuxdeepin/lastore-daemon/src/lastore-daemon/job_manager.go:499.10,499.29 1 0
github.com/linuxdeepin/lastore-daemon/src/lastore-daemon/job_manager.go:499.29,506.5 3 0
github.com/linuxdeepin/lastore-daemon/src/lastore-daemon/job_manager.go:508.4,510.24 3 0
github.com/linuxdeepin/lastore-daemon/src/lastore-daemon/job_manager.go:515.34,516.6 1 0
github.com/linuxdeepin/lastore-daemon/src/lastore-daemon/job_manager.go:516.6,519.3 2 0
github.com/linuxdeepin/lastore-daemon/src/lastore-daemon/job_manager.go:522.59,525.2 2 1
github.com/linuxdeepin/lastore-daemon/src/lastore-daemon/job_manager.go:527.44,530.14 3 1
github.com/linuxdeepin/lastore-daemon/src/lastore-daemon/job_manager.go:530.14,532.3 1 0
github.com/linuxdeepin/lastore-daemon/src/lastore-daemon/job_manager.go:533.2,535.9 3 1
github.com/linuxdeepin/lastore-daemon/src/lastore-daemon/job_manager.go:535.9,537.3 1 0
github.com/linuxdeepin/lastore-daemon/src/lastore-daemon/job_manager.go:538.2,538.207 1 1
github.com/linuxdeepin/lastore-daemon/src/lastore-daemon/job_manager.go:538.207,540.3 1 0
github.com/linuxdeepin/lastore-daemon/src/lastore-daemon/job_manager.go:542.2,543.16 2 1
github.com/linuxdeepin/lastore-daemon/src/lastore-daemon/job_manager.go:543.16,544.50 1 1
github.com/linuxdeepin/lastore-daemon/src/lastore-daemon/job_manager.go:544.50,547.4 2 1
github.com/linuxdeepin/lastore-daemon/src/lastore-daemon/job_manager.go:548.3,548.13 1 0
github.com/linuxdeepin/lastore-daemon/src/lastore-daemon/job_manager.go:550.2,550.17 1 1
github.com/linuxdeepin/lastore-daemon/src/lastore-daemon/job_manager.go:550.17,553.17 2 0
github.com/linuxdeepin/lastore-daemon/src/lastore-daemon/job_manager.go:553.17,556.4 2 0
github.com/linuxdeepin/lastore-daemon/src/lastore-daemon/job_manager.go:558.2,560.12 3 1
github.com/linuxdeepin/lastore-daemon/src/lastore-daemon/job_manager.go:562.71,564.9 2 1
github.com/linuxdeepin/lastore-daemon/src/lastore-daemon/job_manager.go:564.9,566.3 1 0
github.com/linuxdeepin/lastore-daemon/src/lastore-daemon/job_manager.go:568.2,569.16 2 1
github.com/linuxdeepin/lastore-daemon/src/lastore-daemon/job_manager.go:569.16,571.3 1 0
github.com/linuxdeepin/lastore-daemon/src/lastore-daemon/job_manager.go:572.2,574.12 3 1
github.com/linuxdeepin/lastore-daemon/src/lastore-daemon/job_manager.go:577.74,579.56 1 0
github.com/linuxdeepin/lastore-daemon/src/lastore-daemon/job_manager.go:579.56,581.3 1 0
github.com/linuxdeepin/lastore-daemon/src/lastore-daemon/job_manager.go:582.2,583.14 2 0
github.com/linuxdeepin/lastore-daemon/src/lastore-daemon/job_manager.go:583.14,586.3 2 0
github.com/linuxdeepin/lastore-daemon/src/lastore-daemon/job_manager.go:587.2,587.18 1 0
github.com/linuxdeepin/lastore-daemon/src/lastore-daemon/job_manager.go:587.18,589.3 1 0
github.com/linuxdeepin/lastore-daemon/src/lastore-daemon/job_manager.go:590.2,590.24 1 0
github.com/linuxdeepin/lastore-daemon/src/lastore-daemon/job_manager.go:590.24,592.3 1 0
github.com/linuxdeepin/lastore-daemon/src/lastore-daemon/job_manager.go:595.87,597.14 2 0
github.com/linuxdeepin/lastore-daemon/src/lastore-daemon/job_manager.go:597.14,600.3 2 0
github.com/linuxdeepin/lastore-daemon/src/lastore-daemon/job_manager.go:601.2,602.50 2 0
github.com/linuxdeepin/lastore-daemon/src/lastore-daemon/job_manager.go:602.50,604.3 1 0
github.com/linuxdeepin/lastore-daemon/src/lastore-daemon/job_manager.go:607.54,608.34 1 1
github.com/linuxdeepin/lastore-daemon/src/lastore-daemon/job_manager.go:608.34,610.17 2 1
github.com/linuxdeepin/lastore-daemon/src/lastore-daemon/job_manager.go:610.17,612.4 1 1
github.com/linuxdeepin/lastore-daemon/src/lastore-daemon/job_manager.go:614.2,614.12 1 0
github.com/linuxdeepin/lastore-daemon/src/lastore-daemon/job_manager.go:617.73,619.32 2 1
github.com/linuxdeepin/lastore-daemon/src/lastore-daemon/job_manager.go:619.32,621.24 2 1
github.com/linuxdeepin/lastore-daemon/src/lastore-daemon/job_manager.go:621.24,624.4 2 1
github.com/linuxdeepin/lastore-daemon/src/lastore-daemon/job_manager.go:625.3,625.69 1 1
github.com/linuxdeepin/lastore-daemon/src/lastore-daemon/job_manager.go:625.69,628.4 2 1
github.com/linuxdeepin/lastore-daemon/src/lastore-daemon/job_manager.go:629.3,629.22 1 1
github.com/linuxdeepin/lastore-daemon/src/lastore-daemon/job_manager.go:629.22,631.12 2 1
github.com/linuxdeepin/lastore-daemon/src/lastore-daemon/job_manager.go:633.3,633.79 1 0
github.com/linuxdeepin/lastore-daemon/src/lastore-daemon/job_manager.go:633.79,638.4 2 0
github.com/linuxdeepin/lastore-daemon/src/lastore-daemon/job_manager.go:639.3,639.24 1 0
github.com/linuxdeepin/lastore-daemon/src/lastore-daemon/job_manager.go:641.2,641.12 1 1
github.com/linuxdeepin/lastore-daemon/src/lastore-daemon/job_manager.go:644.43,646.37 2 1
github.com/linuxdeepin/lastore-daemon/src/lastore-daemon/job_manager.go:646.37,647.18 1 1
github.com/linuxdeepin/lastore-daemon/src/lastore-daemon/job_manager.go:651.151,652.18 1 1
github.com/linuxdeepin/lastore-daemon/src/lastore-daemon/job_manager.go:653.11,655.42 2 1
github.com/linuxdeepin/lastore-daemon/src/lastore-daemon/job_queue.go:17.28,19.2 1 1
github.com/linuxdeepin/lastore-daemon/src/lastore-daemon/job_queue.go:21.38,22.45 1 1
github.com/linuxdeepin/lastore-daemon/src/lastore-daemon/job_queue.go:22.45,24.3 1 1
github.com/linuxdeepin/lastore-daemon/src/lastore-daemon/job_queue.go:25.2,25.42 1 1
github.com/linuxdeepin/lastore-daemon/src/lastore-daemon/job_queue.go:28.33,30.2 1 1
github.com/linuxdeepin/lastore-daemon/src/lastore-daemon/job_queue.go:41.50,46.2 1 1
github.com/linuxdeepin/lastore-daemon/src/lastore-daemon/job_queue.go:48.38,55.2 5 1
github.com/linuxdeepin/lastore-daemon/src/lastore-daemon/job_queue.go:58.42,63.29 4 1
github.com/linuxdeepin/lastore-daemon/src/lastore-daemon/job_queue.go:63.29,68.20 4 1
github.com/linuxdeepin/lastore-daemon/src/lastore-daemon/job_queue.go:69.28,70.21 1 1
github.com/linuxdeepin/lastore-daemon/src/lastore-daemon/job_queue.go:70.21,72.5 1 1
github.com/linuxdeepin/lastore-daemon/src/lastore-daemon/job_queue.go:73.29,74.31 1 1
github.com/linuxdeepin/lastore-daemon/src/lastore-daemon/job_queue.go:75.27,76.38 1 1
github.com/linuxdeepin/lastore-daemon/src/lastore-daemon/job_queue.go:79.2,83.34 4 1
github.com/linuxdeepin/lastore-daemon/src/lastore-daemon/job_queue.go:83.34,87.3 3 1
github.com/linuxdeepin/lastore-daemon/src/lastore-daemon/job_queue.go:88.2,88.22 1 1
github.com/linuxdeepin/lastore-daemon/src/lastore-daemon/job_queue.go:88.22,90.3 1 1
github.com/linuxdeepin/lastore-daemon/src/lastore-daemon/job_queue.go:91.2,95.10 4 1
github.com/linuxdeepin/lastore-daemon/src/lastore-daemon/job_queue.go:98.39,101.27 3 1
github.com/linuxdeepin/lastore-daemon/src/lastore-daemon/job_queue.go:101.27,105.36 4 1
github.com/linuxdeepin/lastore-daemon/src/lastore-daemon/job_queue.go:105.36,107.4 1 1
github.com/linuxdeepin/lastore-daemon/src/lastore-daemon/job_queue.go:109.2,110.12 2 1
github.com/linuxdeepin/lastore-daemon/src/lastore-daemon/job_queue.go:113.42,116.29 3 1
github.com/linuxdeepin/lastore-daemon/src/lastore-daemon/job_queue.go:116.29,120.69 4 1
github.com/linuxdeepin/lastore-daemon/src/lastore-daemon/job_queue.go:120.69,122.4 1 1
github.com/linuxdeepin/lastore-daemon/src/lastore-daemon/job_queue.go:124.2,125.10 2 1
github.com/linuxdeepin/lastore-daemon/src/lastore-daemon/job_queue.go:128.38,129.14 1 1
github.com/linuxdeepin/lastore-daemon/src/lastore-daemon/job_queue.go:129.14,131.3 1 1
github.com/linuxdeepin/lastore-daemon/src/lastore-daemon/job_queue.go:132.2,134.29 3 1
github.com/linuxdeepin/lastore-daemon/src/lastore-daemon/job_queue.go:134.29,135.91 1 1
github.com/linuxdeepin/lastore-daemon/src/lastore-daemon/job_queue.go:135.91,136.35 1 1
github.com/linuxdeepin/lastore-daemon/src/lastore-daemon/job_queue.go:136.35,137.23 1 1
github.com/linuxdeepin/lastore-daemon/src/lastore-daemon/job_queue.go:137.23,139.6 1 1
github.com/linuxdeepin/lastore-daemon/src/lastore-daemon/job_queue.go:140.10,142.5 1 1
github.com/linuxdeepin/lastore-daemon/src/lastore-daemon/job_queue.go:145.2,147.12 3 1
github.com/linuxdeepin/lastore-daemon/src/lastore-daemon/job_queue.go:150.52,155.29 4 1
github.com/linuxdeepin/lastore-daemon/src/lastore-daemon/job_queue.go:155.29,156.19 1 1
github.com/linuxdeepin/lastore-daemon/src/lastore-daemon/job_queue.go:156.19,158.9 2 1
github.com/linuxdeepin/lastore-daemon/src/lastore-daemon/job_queue.go:161.2,161.17 1 1
github.com/linuxdeepin/lastore-daemon/src/lastore-daemon/job_queue.go:161.17,163.3 1 1
github.com/linuxdeepin/lastore-daemon/src/lastore-daemon/job_queue.go:165.2,169.17 4 1
github.com/linuxdeepin/lastore-daemon/src/lastore-daemon/job_queue.go:174.46,179.29 4 1
github.com/linuxdeepin/lastore-daemon/src/lastore-daemon/job_queue.go:179.29,180.22 1 1
github.com/linuxdeepin/lastore-daemon/src/lastore-daemon/job_queue.go:180.22,182.9 2 1
github.com/linuxdeepin/lastore-daemon/src/lastore-daemon/job_queue.go:185.2,185.13 1 1
github.com/linuxdeepin/lastore-daemon/src/lastore-daemon/job_queue.go:185.13,187.3 1 1
github.com/linuxdeepin/lastore-daemon/src/lastore-daemon/job_queue.go:188.2,189.12 2 1
github.com/linuxdeepin/lastore-daemon/src/lastore-daemon/job_queue.go:192.41,196.29 3 1
github.com/linuxdeepin/lastore-daemon/src/lastore-daemon/job_queue.go:196.29,197.19 1 1
github.com/linuxdeepin/lastore-daemon/src/lastore-daemon/job_queue.go:197.19,199.4 1 1
github.com/linuxdeepin/lastore-daemon/src/lastore-daemon/job_queue.go:201.2,201.12 1 1
github.com/linuxdeepin/lastore-daemon/src/lastore-daemon/locale_pkgs.go:11.99,13.27 2 1
github.com/linuxdeepin/lastore-daemon/src/lastore-daemon/locale_pkgs.go:13.27,14.80 1 1
github.com/linuxdeepin/lastore-daemon/src/lastore-daemon/locale_pkgs.go:14.80,16.4 1 0
github.com/linuxdeepin/lastore-daemon/src/lastore-daemon/locale_pkgs.go:19.2,20.23 2 1
github.com/linuxdeepin/lastore-daemon/src/lastore-daemon/locale_pkgs.go:20.23,21.19 1 0
github.com/linuxdeepin/lastore-daemon/src/lastore-daemon/locale_pkgs.go:21.19,23.4 1 0
github.com/linuxdeepin/lastore-daemon/src/lastore-daemon/locale_pkgs.go:25.2,25.10 1 1
github.com/linuxdeepin/lastore-daemon/src/lastore-daemon/main.go:38.29,40.2 1 1
github.com/linuxdeepin/lastore-daemon/src/lastore-daemon/main.go:47.13,51.16 4 0
github.com/linuxdeepin/lastore-daemon/src/lastore-daemon/main.go:51.16,54.3 2 0
github.com/linuxdeepin/lastore-daemon/src/lastore-daemon/main.go:56.2,59.16 3 0
github.com/linuxdeepin/lastore-daemon/src/lastore-daemon/main.go:59.16,62.3 2 0
github.com/linuxdeepin/lastore-daemon/src/lastore-daemon/main.go:63.2,63.14 1 0
github.com/linuxdeepin/lastore-daemon/src/lastore-daemon/main.go:63.14,66.3 2 0
github.com/linuxdeepin/lastore-daemon/src/lastore-daemon/main.go:69.2,74.46 4 0
github.com/linuxdeepin/lastore-daemon/src/lastore-daemon/main.go:74.46,76.3 1 0
github.com/linuxdeepin/lastore-daemon/src/lastore-daemon/main.go:77.2,79.27 3 0
github.com/linuxdeepin/lastore-daemon/src/lastore-daemon/main.go:79.27,80.13 1 0
github.com/linuxdeepin/lastore-daemon/src/lastore-daemon/main.go:80.13,82.18 2 0
github.com/linuxdeepin/lastore-daemon/src/lastore-daemon/main.go:82.18,84.5 1 0
github.com/linuxdeepin/lastore-daemon/src/lastore-daemon/main.go:88.2,96.16 7 0
github.com/linuxdeepin/lastore-daemon/src/lastore-daemon/main.go:96.16,99.3 2 0
github.com/linuxdeepin/lastore-daemon/src/lastore-daemon/main.go:100.2,101.27 2 0
github.com/linuxdeepin/lastore-daemon/src/lastore-daemon/main.go:101.27,104.3 1 0
github.com/linuxdeepin/lastore-daemon/src/lastore-daemon/main.go:105.2,106.16 2 0
github.com/linuxdeepin/lastore-daemon/src/lastore-daemon/main.go:106.16,108.3 1 0
github.com/linuxdeepin/lastore-daemon/src/lastore-daemon/main.go:109.2,110.16 2 0
github.com/linuxdeepin/lastore-daemon/src/lastore-daemon/main.go:110.16,112.3 1 0
github.com/linuxdeepin/lastore-daemon/src/lastore-daemon/main.go:113.2,114.16 2 0
github.com/linuxdeepin/lastore-daemon/src/lastore-daemon/main.go:114.16,116.3 1 0
github.com/linuxdeepin/lastore-daemon/src/lastore-daemon/main.go:117.2,118.16 2 0
github.com/linuxdeepin/lastore-daemon/src/lastore-daemon/main.go:118.16,120.3 1 0
github.com/linuxdeepin/lastore-daemon/src/lastore-daemon/main.go:121.2,122.16 2 0
github.com/linuxdeepin/lastore-daemon/src/lastore-daemon/main.go:122.16,124.3 1 0
github.com/linuxdeepin/lastore-daemon/src/lastore-daemon/main.go:126.2,126.114 1 0
github.com/linuxdeepin/lastore-daemon/src/lastore-daemon/main.go:126.114,129.3 2 0
github.com/linuxdeepin/lastore-daemon/src/lastore-daemon/main.go:130.2,130.116 1 0
github.com/linuxdeepin/lastore-daemon/src/lastore-daemon/main.go:130.116,133.3 2 0
github.com/linuxdeepin/lastore-daemon/src/lastore-daemon/main.go:134.2,138.16 5 0
github.com/linuxdeepin/lastore-daemon/src/lastore-daemon/main.go:138.16,141.3 2 0
github.com/linuxdeepin/lastore-daemon/src/lastore-daemon/main.go:142.2,144.16 3 0
github.com/linuxdeepin/lastore-daemon/src/lastore-daemon/main.go:144.16,147.3 2 0
github.com/linuxdeepin/lastore-daemon/src/lastore-daemon/main.go:149.2,149.12 1 0
github.com/linuxdeepin/lastore-daemon/src/lastore-daemon/main.go:149.12,153.3 3 0
github.com/linuxdeepin/lastore-daemon/src/lastore-daemon/main.go:156.2,158.16 3 0
github.com/linuxdeepin/lastore-daemon/src/lastore-daemon/main.go:158.16,160.3 1 0
github.com/linuxdeepin/lastore-daemon/src/lastore-daemon/main.go:161.2,162.16 2 0
github.com/linuxdeepin/lastore-daemon/src/lastore-daemon/main.go:162.16,164.3 1 0
github.com/linuxdeepin/lastore-daemon/src/lastore-daemon/main.go:165.2,169.16 4 0
github.com/linuxdeepin/lastore-daemon/src/lastore-daemon/main.go:169.16,171.3 1 0
github.com/linuxdeepin/lastore-daemon/src/lastore-daemon/main.go:172.2,174.44 3 0
github.com/linuxdeepin/lastore-daemon/src/lastore-daemon/main.go:174.44,176.3 1 0
github.com/linuxdeepin/lastore-daemon/src/lastore-daemon/main.go:177.2,179.28 3 0
github.com/linuxdeepin/lastore-daemon/src/lastore-daemon/main.go:182.56,184.44 2 0
github.com/linuxdeepin/lastore-daemon/src/lastore-daemon/main.go:184.44,185.14 1 0
github.com/linuxdeepin/lastore-daemon/src/lastore-daemon/main.go:186.70,187.31 1 0
github.com/linuxdeepin/lastore-daemon/src/lastore-daemon/main.go:188.31,189.29 1 0
github.com/linuxdeepin/lastore-daemon/src/lastore-daemon/main.go:190.11,191.31 1 0
github.com/linuxdeepin/lastore-daemon/src/lastore-daemon/main.go:194.2,194.44 1 0
github.com/linuxdeepin/lastore-daemon/src/lastore-daemon/main.go:194.44,195.14 1 0
github.com/linuxdeepin/lastore-daemon/src/lastore-daemon/main.go:196.70,197.31 1 0
github.com/linuxdeepin/lastore-daemon/src/lastore-daemon/main.go:198.31,199.26 1 0
github.com/linuxdeepin/lastore-daemon/src/lastore-daemon/main.go:200.11,201.31 1 0
github.com/linuxdeepin/lastore-daemon/src/lastore-daemon/main.go:204.2,205.16 2 0
github.com/linuxdeepin/lastore-daemon/src/lastore-daemon/main.go:205.16,207.3 1 0
github.com/linuxdeepin/lastore-daemon/src/lastore-daemon/manager.go:127.96,129.16 2 0
github.com/linuxdeepin/lastore-daemon/src/lastore-daemon/manager.go:129.16,132.3 2 0
github.com/linuxdeepin/lastore-daemon/src/lastore-daemon/manager.go:134.2,158.12 9 0
github.com/linuxdeepin/lastore-daemon/src/lastore-daemon/manager.go:158.12,160.3 1 0
github.com/linuxdeepin/lastore-daemon/src/lastore-daemon/manager.go:161.2,167.53 6 0
github.com/linuxdeepin/lastore-daemon/src/lastore-daemon/manager.go:167.53,168.65 1 0
github.com/linuxdeepin/lastore-daemon/src/lastore-daemon/manager.go:168.65,184.18 5 0
github.com/linuxdeepin/lastore-daemon/src/lastore-daemon/manager.go:184.18,186.5 1 0
github.com/linuxdeepin/lastore-daemon/src/lastore-daemon/manager.go:189.2,189.10 1 0
github.com/linuxdeepin/lastore-daemon/src/lastore-daemon/manager.go:192.42,195.16 3 0
github.com/linuxdeepin/lastore-daemon/src/lastore-daemon/manager.go:195.16,197.3 1 0
github.com/linuxdeepin/lastore-daemon/src/lastore-daemon/manager.go:198.2,199.16 2 0
github.com/linuxdeepin/lastore-daemon/src/lastore-daemon/manager.go:199.16,201.3 1 0
github.com/linuxdeepin/lastore-daemon/src/lastore-daemon/manager.go:202.2,203.16 2 0
github.com/linuxdeepin/lastore-daemon/src/lastore-daemon/manager.go:203.16,205.3 1 0
github.com/linuxdeepin/lastore-daemon/src/lastore-daemon/manager.go:206.2,207.103 2 0
github.com/linuxdeepin/lastore-daemon/src/lastore-daemon/manager.go:207.103,208.71 1 0
github.com/linuxdeepin/lastore-daemon/src/lastore-daemon/manager.go:208.71,210.27 1 0
github.com/linuxdeepin/lastore-daemon/src/lastore-daemon/manager.go:210.27,212.5 1 0
github.com/linuxdeepin/lastore-daemon/src/lastore-daemon/manager.go:213.4,213.29 1 0
github.com/linuxdeepin/lastore-daemon/src/lastore-daemon/manager.go:216.2,216.16 1 0
github.com/linuxdeepin/lastore-daemon/src/lastore-daemon/manager.go:216.16,218.3 1 0
github.com/linuxdeepin/lastore-daemon/src/lastore-daemon/manager.go:219.2,219.46 1 0
github.com/linuxdeepin/lastore-daemon/src/lastore-daemon/manager.go:222.45,232.29 7 0
github.com/linuxdeepin/lastore-daemon/src/lastore-daemon/manager.go:232.29,234.3 1 0
github.com/linuxdeepin/lastore-daemon/src/lastore-daemon/manager.go:236.2,239.32 3 0
github.com/linuxdeepin/lastore-daemon/src/lastore-daemon/manager.go:242.48,243.109 1 0
github.com/linuxdeepin/lastore-daemon/src/lastore-daemon/manager.go:243.109,246.79 3 0
github.com/linuxdeepin/lastore-daemon/src/lastore-daemon/manager.go:246.79,249.4 2 0
github.com/linuxdeepin/lastore-daemon/src/lastore-daemon/manager.go:251.2,251.104 1 0
github.com/linuxdeepin/lastore-daemon/src/lastore-daemon/manager.go:251.104,255.3 3 0
github.com/linuxdeepin/lastore-daemon/src/lastore-daemon/manager.go:256.2,256.101 1 0
github.com/linuxdeepin/lastore-daemon/src/lastore-daemon/manager.go:256.101,258.30 2 0
github.com/linuxdeepin/lastore-daemon/src/lastore-daemon/manager.go:258.30,261.4 2 0
github.com/linuxdeepin/lastore-daemon/src/lastore-daemon/manager.go:266.2,266.107 1 0
github.com/linuxdeepin/lastore-daemon/src/lastore-daemon/manager.go:266.107,271.3 4 0
github.com/linuxdeepin/lastore-daemon/src/lastore-daemon/manager.go:272.2,272.112 1 0
github.com/linuxdeepin/lastore-daemon/src/lastore-daemon/manager.go:272.112,277.3 4 0
github.com/linuxdeepin/lastore-daemon/src/lastore-daemon/manager.go:278.2,278.109 1 0
github.com/linuxdeepin/lastore-daemon/src/lastore-daemon/manager.go:278.109,280.23 2 0
github.com/linuxdeepin/lastore-daemon/src/lastore-daemon/manager.go:280.23,283.4 2 0
github.com/linuxdeepin/lastore-daemon/src/lastore-daemon/manager.go:285.2,285.104 1 0
github.com/linuxdeepin/lastore-daemon/src/lastore-daemon/manager.go:285.104,287.21 2 0
github.com/linuxdeepin/lastore-daemon/src/lastore-daemon/manager.go:287.21,291.69 2 0
github.com/linuxdeepin/lastore-daemon/src/lastore-daemon/manager.go:291.69,293.5 1 0
github.com/linuxdeepin/lastore-daemon/src/lastore-daemon/manager.go:294.4,296.56 3 0
github.com/linuxdeepin/lastore-daemon/src/lastore-daemon/manager.go:296.56,298.5 1 0
github.com/linuxdeepin/lastore-daemon/src/lastore-daemon/manager.go:299.4,299.38 1 0
github.com/linuxdeepin/lastore-daemon/src/lastore-daemon/manager.go:302.3,304.108 3 0
github.com/linuxdeepin/lastore-daemon/src/lastore-daemon/manager.go:306.2,306.105 1 0
github.com/linuxdeepin/lastore-daemon/src/lastore-daemon/manager.go:306.105,309.3 2 0
github.com/linuxdeepin/lastore-daemon/src/lastore-daemon/manager.go:310.2,310.111 1 0
github.com/linuxdeepin/lastore-daemon/src/lastore-daemon/manager.go:310.111,313.3 2 0
github.com/linuxdeepin/lastore-daemon/src/lastore-daemon/manager.go:317.67,318.48 1 0
github.com/linuxdeepin/lastore-daemon/src/lastore-daemon/manager.go:318.48,320.3 1 0
github.com/linuxdeepin/lastore-daemon/src/lastore-daemon/manager.go:320.8,322.3 1 0
github.com/linuxdeepin/lastore-daemon/src/lastore-daemon/manager.go:324.2,324.56 1 0
github.com/linuxdeepin/lastore-daemon/src/lastore-daemon/manager.go:324.56,326.3 1 0
github.com/linuxdeepin/lastore-daemon/src/lastore-daemon/manager.go:326.8,328.3 1 0
github.com/linuxdeepin/lastore-daemon/src/lastore-daemon/manager.go:331.39,333.70 2 0
github.com/linuxdeepin/lastore-daemon/src/lastore-daemon/manager.go:333.70,337.3 3 0
github.com/linuxdeepin/lastore-daemon/src/lastore-daemon/manager.go:338.2,338.87 1 0
github.com/linuxdeepin/lastore-daemon/src/lastore-daemon/manager.go:338.87,343.3 4 0
github.com/linuxdeepin/lastore-daemon/src/lastore-daemon/manager.go:344.2,344.86 1 0
github.com/linuxdeepin/lastore-daemon/src/lastore-daemon/manager.go:344.86,349.3 4 0
github.com/linuxdeepin/lastore-daemon/src/lastore-daemon/manager.go:350.2,351.64 2 0
github.com/linuxdeepin/lastore-daemon/src/lastore-daemon/manager.go:354.31,358.16 4 0
github.com/linuxdeepin/lastore-daemon/src/lastore-daemon/manager.go:358.16,360.3 1 0
github.com/linuxdeepin/lastore-daemon/src/lastore-daemon/manager.go:360.8,361.36 1 0
github.com/linuxdeepin/lastore-daemon/src/lastore-daemon/manager.go:361.36,363.4 1 0
github.com/linuxdeepin/lastore-daemon/src/lastore-daemon/manager.go:367.41,369.46 2 0
github.com/linuxdeepin/lastore-daemon/src/lastore-daemon/manager.go:369.46,372.3 1 0
github.com/linuxdeepin/lastore-daemon/src/lastore-daemon/manager.go:375.41,376.45 1 0
github.com/linuxdeepin/lastore-daemon/src/lastore-daemon/manager.go:376.45,378.3 1 0
github.com/linuxdeepin/lastore-daemon/src/lastore-daemon/manager.go:379.2,380.54 2 0
github.com/linuxdeepin/lastore-daemon/src/lastore-daemon/manager.go:380.54,382.3 1 0
github.com/linuxdeepin/lastore-daemon/src/lastore-daemon/manager.go:383.2,383.36 1 0
github.com/linuxdeepin/lastore-daemon/src/lastore-daemon/manager.go:386.103,388.16 2 0
github.com/linuxdeepin/lastore-daemon/src/lastore-daemon/manager.go:388.16,390.3 1 0
github.com/linuxdeepin/lastore-daemon/src/lastore-daemon/manager.go:392.2,394.16 3 0
github.com/linuxdeepin/lastore-daemon/src/lastore-daemon/manager.go:394.16,396.3 1 0
github.com/linuxdeepin/lastore-daemon/src/lastore-daemon/manager.go:398.2,401.16 4 0
github.com/linuxdeepin/lastore-daemon/src/lastore-daemon/manager.go:401.16,404.3 2 0
github.com/linuxdeepin/lastore-daemon/src/lastore-daemon/manager.go:405.2,405.13 1 0
github.com/linuxdeepin/lastore-daemon/src/lastore-daemon/manager.go:405.13,407.3 1 0
github.com/linuxdeepin/lastore-daemon/src/lastore-daemon/manager.go:408.2,408.49 1 0
github.com/linuxdeepin/lastore-daemon/src/lastore-daemon/manager.go:408.49,410.3 1 0
github.com/linuxdeepin/lastore-daemon/src/lastore-daemon/manager.go:412.2,412.17 1 0
github.com/linuxdeepin/lastore-daemon/src/lastore-daemon/manager.go:415.101,417.16 2 0
github.com/linuxdeepin/lastore-daemon/src/lastore-daemon/manager.go:417.16,419.3 1 0
github.com/linuxdeepin/lastore-daemon/src/lastore-daemon/manager.go:421.2,423.16 3 0
github.com/linuxdeepin/lastore-daemon/src/lastore-daemon/manager.go:423.16,425.3 1 0
github.com/linuxdeepin/lastore-daemon/src/lastore-daemon/manager.go:427.2,428.16 2 0
github.com/linuxdeepin/lastore-daemon/src/lastore-daemon/manager.go:428.16,431.3 2 0
github.com/linuxdeepin/lastore-daemon/src/lastore-daemon/manager.go:433.2,434.26 2 0
github.com/linuxdeepin/lastore-daemon/src/lastore-daemon/manager.go:434.26,436.3 1 0
github.com/linuxdeepin/lastore-daemon/src/lastore-daemon/manager.go:438.2,439.64 2 0
github.com/linuxdeepin/lastore-daemon/src/lastore-daemon/manager.go:443.77,444.32 1 0
github.com/linuxdeepin/lastore-daemon/src/lastore-daemon/manager.go:444.32,446.3 1 0
github.com/linuxdeepin/lastore-daemon/src/lastore-daemon/manager.go:447.2,447.29 1 0
github.com/linuxdeepin/lastore-daemon/src/lastore-daemon/manager.go:447.29,449.3 1 0
github.com/linuxdeepin/lastore-daemon/src/lastore-daemon/manager.go:451.2,456.16 5 0
github.com/linuxdeepin/lastore-daemon/src/lastore-daemon/manager.go:456.16,458.3 1 0
github.com/linuxdeepin/lastore-daemon/src/lastore-daemon/manager.go:460.2,462.12 3 0
github.com/linuxdeepin/lastore-daemon/src/lastore-daemon/manager.go:462.12,464.3 1 0
github.com/linuxdeepin/lastore-daemon/src/lastore-daemon/manager.go:465.2,466.12 2 0
github.com/linuxdeepin/lastore-daemon/src/lastore-daemon/manager.go:466.12,468.3 1 0
github.com/linuxdeepin/lastore-daemon/src/lastore-daemon/manager.go:470.2,473.16 4 0
github.com/linuxdeepin/lastore-daemon/src/lastore-daemon/manager.go:473.16,475.3 1 0
github.com/linuxdeepin/lastore-daemon/src/lastore-daemon/manager.go:476.2,476.13 1 0
github.com/linuxdeepin/lastore-daemon/src/lastore-daemon/manager.go:476.13,478.3 1 0
github.com/linuxdeepin/lastore-daemon/src/lastore-daemon/manager.go:480.2,480.33 1 0
github.com/linuxdeepin/lastore-daemon/src/lastore-daemon/manager.go:480.33,485.3 1 0
github.com/linuxdeepin/lastore-daemon/src/lastore-daemon/manager.go:485.8,490.3 1 0
github.com/linuxdeepin/lastore-daemon/src/lastore-daemon/manager.go:491.2,494.48 3 0
github.com/linuxdeepin/lastore-daemon/src/lastore-daemon/manager.go:494.48,496.3 1 0
github.com/linuxdeepin/lastore-daemon/src/lastore-daemon/manager.go:498.2,498.17 1 0
github.com/linuxdeepin/lastore-daemon/src/lastore-daemon/manager.go:501.97,506.96 5 0
github.com/linuxdeepin/lastore-daemon/src/lastore-daemon/manager.go:506.96,510.17 4 0
github.com/linuxdeepin/lastore-daemon/src/lastore-daemon/manager.go:510.17,512.20 2 0
github.com/linuxdeepin/lastore-daemon/src/lastore-daemon/manager.go:512.20,514.5 1 0
github.com/linuxdeepin/lastore-daemon/src/lastore-daemon/manager.go:515.4,515.14 1 0
github.com/linuxdeepin/lastore-daemon/src/lastore-daemon/manager.go:517.3,517.14 1 0
github.com/linuxdeepin/lastore-daemon/src/lastore-daemon/manager.go:517.14,518.20 1 0
github.com/linuxdeepin/lastore-daemon/src/lastore-daemon/manager.go:518.20,520.5 1 0
github.com/linuxdeepin/lastore-daemon/src/lastore-daemon/manager.go:521.4,522.24 2 0
github.com/linuxdeepin/lastore-daemon/src/lastore-daemon/manager.go:526.3,526.24 1 0
github.com/linuxdeepin/lastore-daemon/src/lastore-daemon/manager.go:526.24,531.4 1 0
github.com/linuxdeepin/lastore-daemon/src/lastore-daemon/manager.go:531.9,536.4 1 0
github.com/linuxdeepin/lastore-daemon/src/lastore-daemon/manager.go:537.3,537.22 1 0
github.com/linuxdeepin/lastore-daemon/src/lastore-daemon/manager.go:537.22,540.44 2 0
github.com/linuxdeepin/lastore-daemon/src/lastore-daemon/manager.go:540.44,542.22 1 0
github.com/linuxdeepin/lastore-daemon/src/lastore-daemon/manager.go:542.22,544.7 1 0
github.com/linuxdeepin/lastore-daemon/src/lastore-daemon/manager.go:545.6,545.16 1 0
github.com/linuxdeepin/lastore-daemon/src/lastore-daemon/manager.go:550.3,550.49 1 0
github.com/linuxdeepin/lastore-daemon/src/lastore-daemon/manager.go:550.49,552.20 2 0
github.com/linuxdeepin/lastore-daemon/src/lastore-daemon/manager.go:552.20,554.5 1 0
github.com/linuxdeepin/lastore-daemon/src/lastore-daemon/manager.go:555.4,555.14 1 0
github.com/linuxdeepin/lastore-daemon/src/lastore-daemon/manager.go:557.3,557.13 1 0
github.com/linuxdeepin/lastore-daemon/src/lastore-daemon/manager.go:559.2,559.50 1 0
github.com/linuxdeepin/lastore-daemon/src/lastore-daemon/manager.go:559.50,562.3 2 0
github.com/linuxdeepin/lastore-daemon/src/lastore-daemon/manager.go:563.2,563.17 1 0
github.com/linuxdeepin/lastore-daemon/src/lastore-daemon/manager.go:566.100,568.16 2 0
github.com/linuxdeepin/lastore-daemon/src/lastore-daemon/manager.go:568.16,570.3 1 0
github.com/linuxdeepin/lastore-daemon/src/lastore-daemon/manager.go:572.2,573.16 2 0
github.com/linuxdeepin/lastore-daemon/src/lastore-daemon/manager.go:573.16,575.3 1 0
github.com/linuxdeepin/lastore-daemon/src/lastore-daemon/manager.go:577.2,580.16 4 0
github.com/linuxdeepin/lastore-daemon/src/lastore-daemon/manager.go:580.16,583.3 2 0
github.com/linuxdeepin/lastore-daemon/src/lastore-daemon/manager.go:584.2,584.13 1 0
github.com/linuxdeepin/lastore-daemon/src/lastore-daemon/manager.go:584.13,586.3 1 0
github.com/linuxdeepin/lastore-daemon/src/lastore-daemon/manager.go:587.2,588.46 1 0
github.com/linuxdeepin/lastore-daemon/src/lastore-daemon/manager.go:588.46,592.4 3 0
github.com/linuxdeepin/lastore-daemon/src/lastore-daemon/manager.go:593.45,606.4 5 0
github.com/linuxdeepin/lastore-daemon/src/lastore-daemon/manager.go:608.2,608.49 1 0
github.com/linuxdeepin/lastore-daemon/src/lastore-daemon/manager.go:608.49,610.3 1 0
github.com/linuxdeepin/lastore-daemon/src/lastore-daemon/manager.go:611.2,611.17 1 0
github.com/linuxdeepin/lastore-daemon/src/lastore-daemon/manager.go:614.48,620.16 5 0
github.com/linuxdeepin/lastore-daemon/src/lastore-daemon/manager.go:620.16,622.3 1 0
github.com/linuxdeepin/lastore-daemon/src/lastore-daemon/manager.go:623.2,623.12 1 0
github.com/linuxdeepin/lastore-daemon/src/lastore-daemon/manager.go:626.64,628.16 2 0
github.com/linuxdeepin/lastore-daemon/src/lastore-daemon/manager.go:628.16,630.3 1 0
github.com/linuxdeepin/lastore-daemon/src/lastore-daemon/manager.go:632.2,635.16 4 0
github.com/linuxdeepin/lastore-daemon/src/lastore-daemon/manager.go:635.16,638.3 2 0
github.com/linuxdeepin/lastore-daemon/src/lastore-daemon/manager.go:639.2,639.13 1 0
github.com/linuxdeepin/lastore-daemon/src/lastore-daemon/manager.go:639.13,641.3 1 0
github.com/linuxdeepin/lastore-daemon/src/lastore-daemon/manager.go:642.2,643.42 1 0
github.com/linuxdeepin/lastore-daemon/src/lastore-daemon/manager.go:643.42,648.4 3 0
github.com/linuxdeepin/lastore-daemon/src/lastore-daemon/manager.go:650.2,650.49 1 0
github.com/linuxdeepin/lastore-daemon/src/lastore-daemon/manager.go:650.49,652.3 1 0
github.com/linuxdeepin/lastore-daemon/src/lastore-daemon/manager.go:653.2,654.16 2 0
github.com/linuxdeepin/lastore-daemon/src/lastore-daemon/manager.go:654.16,656.3 1 0
github.com/linuxdeepin/lastore-daemon/src/lastore-daemon/manager.go:657.2,658.16 2 0
github.com/linuxdeepin/lastore-daemon/src/lastore-daemon/manager.go:658.16,660.3 1 0
github.com/linuxdeepin/lastore-daemon/src/lastore-daemon/manager.go:662.2,662.17 1 0
github.com/linuxdeepin/lastore-daemon/src/lastore-daemon/manager.go:665.81,668.16 3 0
github.com/linuxdeepin/lastore-daemon/src/lastore-daemon/manager.go:668.16,670.3 1 0
github.com/linuxdeepin/lastore-daemon/src/lastore-daemon/manager.go:672.2,672.38 1 0
github.com/linuxdeepin/lastore-daemon/src/lastore-daemon/manager.go:673.67,673.67 0 0
github.com/linuxdeepin/lastore-daemon/src/lastore-daemon/manager.go:675.10,676.47 1 0
github.com/linuxdeepin/lastore-daemon/src/lastore-daemon/manager.go:679.2,682.16 4 0
github.com/linuxdeepin/lastore-daemon/src/lastore-daemon/manager.go:682.16,685.3 2 0
github.com/linuxdeepin/lastore-daemon/src/lastore-daemon/manager.go:686.2,686.13 1 0
github.com/linuxdeepin/lastore-daemon/src/lastore-daemon/manager.go:686.13,688.3 1 0
github.com/linuxdeepin/lastore-daemon/src/lastore-daemon/manager.go:689.2,689.49 1 0
github.com/linuxdeepin/lastore-daemon/src/lastore-daemon/manager.go:689.49,691.3 1 0
github.com/linuxdeepin/lastore-daemon/src/lastore-daemon/manager.go:692.2,692.17 1 0
github.com/linuxdeepin/lastore-daemon/src/lastore-daemon/manager.go:695.83,698.16 2 0
github.com/linuxdeepin/lastore-daemon/src/lastore-daemon/manager.go:698.16,701.3 2 0
github.com/linuxdeepin/lastore-daemon/src/lastore-daemon/manager.go:703.2,706.12 4 0
github.com/linuxdeepin/lastore-daemon/src/lastore-daemon/manager.go:709.43,717.16 4 0
github.com/linuxdeepin/lastore-daemon/src/lastore-daemon/manager.go:717.16,720.3 2 0
github.com/linuxdeepin/lastore-daemon/src/lastore-daemon/manager.go:721.2,722.16 2 0
github.com/linuxdeepin/lastore-daemon/src/lastore-daemon/manager.go:722.16,725.3 2 0
github.com/linuxdeepin/lastore-daemon/src/lastore-daemon/manager.go:726.2,730.16 5 0
github.com/linuxdeepin/lastore-daemon/src/lastore-daemon/manager.go:730.16,733.3 2 0
github.com/linuxdeepin/lastore-daemon/src/lastore-daemon/manager.go:734.2,736.40 2 0
github.com/linuxdeepin/lastore-daemon/src/lastore-daemon/manager.go:736.40,737.25 1 0
github.com/linuxdeepin/lastore-daemon/src/lastore-daemon/manager.go:737.25,740.4 2 0
github.com/linuxdeepin/lastore-daemon/src/lastore-daemon/manager.go:742.2,743.61 2 0
github.com/linuxdeepin/lastore-daemon/src/lastore-daemon/manager.go:743.61,744.14 1 0
github.com/linuxdeepin/lastore-daemon/src/lastore-daemon/manager.go:745.33,747.18 2 0
github.com/linuxdeepin/lastore-daemon/src/lastore-daemon/manager.go:747.18,750.5 2 0
github.com/linuxdeepin/lastore-daemon/src/lastore-daemon/manager.go:751.4,751.38 1 0
github.com/linuxdeepin/lastore-daemon/src/lastore-daemon/manager.go:756.88,759.16 2 0
github.com/linuxdeepin/lastore-daemon/src/lastore-daemon/manager.go:759.16,762.3 2 0
github.com/linuxdeepin/lastore-daemon/src/lastore-daemon/manager.go:764.2,767.12 4 0
github.com/linuxdeepin/lastore-daemon/src/lastore-daemon/manager.go:770.79,776.2 5 0
github.com/linuxdeepin/lastore-daemon/src/lastore-daemon/manager.go:782.57,784.44 1 0
github.com/linuxdeepin/lastore-daemon/src/lastore-daemon/manager.go:784.44,787.17 3 0
github.com/linuxdeepin/lastore-daemon/src/lastore-daemon/manager.go:787.17,790.4 2 0
github.com/linuxdeepin/lastore-daemon/src/lastore-daemon/manager.go:792.2,792.12 1 0
github.com/linuxdeepin/lastore-daemon/src/lastore-daemon/manager.go:795.48,796.29 1 1
github.com/linuxdeepin/lastore-daemon/src/lastore-daemon/manager.go:796.29,798.3 1 0
github.com/linuxdeepin/lastore-daemon/src/lastore-daemon/manager.go:800.2,800.32 1 1
github.com/linuxdeepin/lastore-daemon/src/lastore-daemon/manager.go:800.32,802.3 1 1
github.com/linuxdeepin/lastore-daemon/src/lastore-daemon/manager.go:804.2,805.16 2 0
github.com/linuxdeepin/lastore-daemon/src/lastore-daemon/manager.go:805.16,808.3 2 0
github.com/linuxdeepin/lastore-daemon/src/lastore-daemon/manager.go:809.2,809.12 1 0
github.com/linuxdeepin/lastore-daemon/src/lastore-daemon/manager.go:812.48,814.26 2 1
github.com/linuxdeepin/lastore-daemon/src/lastore-daemon/manager.go:814.26,818.17 3 0
github.com/linuxdeepin/lastore-daemon/src/lastore-daemon/manager.go:818.17,821.4 2 0
github.com/linuxdeepin/lastore-daemon/src/lastore-daemon/manager.go:822.3,822.13 1 0
github.com/linuxdeepin/lastore-daemon/src/lastore-daemon/manager.go:825.2,825.48 1 1
github.com/linuxdeepin/lastore-daemon/src/lastore-daemon/manager.go:825.48,827.18 2 0
github.com/linuxdeepin/lastore-daemon/src/lastore-daemon/manager.go:827.18,830.4 1 0
github.com/linuxdeepin/lastore-daemon/src/lastore-daemon/manager.go:831.3,831.42 1 0
github.com/linuxdeepin/lastore-daemon/src/lastore-daemon/manager.go:834.2,834.67 1 1
github.com/linuxdeepin/lastore-daemon/src/lastore-daemon/manager.go:834.67,836.18 2 0
github.com/linuxdeepin/lastore-daemon/src/lastore-daemon/manager.go:836.18,839.4 1 0
github.com/linuxdeepin/lastore-daemon/src/lastore-daemon/manager.go:840.3,840.56 1 0
github.com/linuxdeepin/lastore-daemon/src/lastore-daemon/manager.go:843.2,843.17 1 1
github.com/linuxdeepin/lastore-daemon/src/lastore-daemon/manager.go:843.17,846.20 3 0
github.com/linuxdeepin/lastore-daemon/src/lastore-daemon/manager.go:846.20,848.4 1 0
github.com/linuxdeepin/lastore-daemon/src/lastore-daemon/manager.go:849.3,850.17 2 0
github.com/linuxdeepin/lastore-daemon/src/lastore-daemon/manager.go:850.17,853.4 2 0
github.com/linuxdeepin/lastore-daemon/src/lastore-daemon/manager.go:854.3,855.31 2 0
github.com/linuxdeepin/lastore-daemon/src/lastore-daemon/manager.go:855.31,858.48 3 0
github.com/linuxdeepin/lastore-daemon/src/lastore-daemon/manager.go:858.48,860.5 1 0
github.com/linuxdeepin/lastore-daemon/src/lastore-daemon/manager.go:862.8,864.3 1 1
github.com/linuxdeepin/lastore-daemon/src/lastore-daemon/manager.go:865.2,865.12 1 1
github.com/linuxdeepin/lastore-daemon/src/lastore-daemon/manager.go:868.68,871.74 3 0
github.com/linuxdeepin/lastore-daemon/src/lastore-daemon/manager.go:871.74,872.16 1 0
github.com/linuxdeepin/lastore-daemon/src/lastore-daemon/manager.go:872.16,874.4 1 0
github.com/linuxdeepin/lastore-daemon/src/lastore-daemon/manager.go:875.3,875.13 1 0
github.com/linuxdeepin/lastore-daemon/src/lastore-daemon/manager.go:875.13,878.22 3 0
github.com/linuxdeepin/lastore-daemon/src/lastore-daemon/manager.go:878.22,882.5 2 0
github.com/linuxdeepin/lastore-daemon/src/lastore-daemon/manager.go:882.10,884.5 1 0
github.com/linuxdeepin/lastore-daemon/src/lastore-daemon/manager.go:888.2,888.16 1 0
github.com/linuxdeepin/lastore-daemon/src/lastore-daemon/manager.go:888.16,890.3 1 0
github.com/linuxdeepin/lastore-daemon/src/lastore-daemon/manager.go:892.2,893.16 2 0
github.com/linuxdeepin/lastore-daemon/src/lastore-daemon/manager.go:893.16,896.3 2 0
github.com/linuxdeepin/lastore-daemon/src/lastore-daemon/manager.go:897.2,897.12 1 0
github.com/linuxdeepin/lastore-daemon/src/lastore-daemon/manager.go:897.12,900.21 3 0
github.com/linuxdeepin/lastore-daemon/src/lastore-daemon/manager.go:900.21,903.4 2 0
github.com/linuxdeepin/lastore-daemon/src/lastore-daemon/manager.go:903.9,905.4 1 0
github.com/linuxdeepin/lastore-daemon/src/lastore-daemon/manager.go:909.83,913.16 4 0
github.com/linuxdeepin/lastore-daemon/src/lastore-daemon/manager.go:913.16,916.3 2 0
github.com/linuxdeepin/lastore-daemon/src/lastore-daemon/manager.go:917.2,918.16 2 0
github.com/linuxdeepin/lastore-daemon/src/lastore-daemon/manager.go:918.16,921.3 2 0
github.com/linuxdeepin/lastore-daemon/src/lastore-daemon/manager.go:922.2,922.26 1 0
github.com/linuxdeepin/lastore-daemon/src/lastore-daemon/manager.go:922.26,925.3 2 0
github.com/linuxdeepin/lastore-daemon/src/lastore-daemon/manager.go:927.2,929.16 3 0
github.com/linuxdeepin/lastore-daemon/src/lastore-daemon/manager.go:929.16,932.3 2 0
github.com/linuxdeepin/lastore-daemon/src/lastore-daemon/manager.go:934.2,936.25 2 0
github.com/linuxdeepin/lastore-daemon/src/lastore-daemon/manager.go:936.25,939.3 2 0
github.com/linuxdeepin/lastore-daemon/src/lastore-daemon/manager.go:941.2,942.16 2 0
github.com/linuxdeepin/lastore-daemon/src/lastore-daemon/manager.go:942.16,944.3 1 0
github.com/linuxdeepin/lastore-daemon/src/lastore-daemon/manager.go:947.87,949.25 2 0
github.com/linuxdeepin/lastore-daemon/src/lastore-daemon/manager.go:949.25,952.3 2 0
github.com/linuxdeepin/lastore-daemon/src/lastore-daemon/manager.go:953.2,953.41 1 0
github.com/linuxdeepin/lastore-daemon/src/lastore-daemon/manager.go:956.50,960.16 4 0
github.com/linuxdeepin/lastore-daemon/src/lastore-daemon/manager.go:960.16,963.3 2 0
github.com/linuxdeepin/lastore-daemon/src/lastore-daemon/manager.go:964.2,965.16 2 0
github.com/linuxdeepin/lastore-daemon/src/lastore-daemon/manager.go:965.16,968.3 2 0
github.com/linuxdeepin/lastore-daemon/src/lastore-daemon/manager.go:969.2,970.16 2 0
github.com/linuxdeepin/lastore-daemon/src/lastore-daemon/manager.go:970.16,973.3 2 0
github.com/linuxdeepin/lastore-daemon/src/lastore-daemon/manager.go:974.2,975.42 2 0
github.com/linuxdeepin/lastore-daemon/src/lastore-daemon/manager.go:978.75,982.2 3 0
github.com/linuxdeepin/lastore-daemon/src/lastore-daemon/manager.go:993.187,994.29 1 0
github.com/linuxdeepin/lastore-daemon/src/lastore-daemon/manager.go:994.29,997.3 2 0
github.com/linuxdeepin/lastore-daemon/src/lastore-daemon/manager.go:998.2,998.29 1 0
github.com/linuxdeepin/lastore-daemon/src/lastore-daemon/manager.go:998.29,1000.3 1 0
github.com/linuxdeepin/lastore-daemon/src/lastore-daemon/manager.go:1001.2,1002.18 2 0
github.com/linuxdeepin/lastore-daemon/src/lastore-daemon/manager.go:1002.18,1004.17 2 0
github.com/linuxdeepin/lastore-daemon/src/lastore-daemon/manager.go:1004.17,1006.4 1 0
github.com/linuxdeepin/lastore-daemon/src/lastore-daemon/manager.go:1006.9,1008.4 1 0
github.com/linuxdeepin/lastore-daemon/src/lastore-daemon/manager.go:1009.8,1011.17 2 0
github.com/linuxdeepin/lastore-daemon/src/lastore-daemon/manager.go:1011.17,1013.4 1 0
github.com/linuxdeepin/lastore-daemon/src/lastore-daemon/manager.go:1014.3,1015.38 2 0
github.com/linuxdeepin/lastore-daemon/src/lastore-daemon/manager.go:1015.38,1017.4 1 0
github.com/linuxdeepin/lastore-daemon/src/lastore-daemon/manager.go:1018.3,1022.33 4 0
github.com/linuxdeepin/lastore-daemon/src/lastore-daemon/manager.go:1022.33,1024.11 2 0
github.com/linuxdeepin/lastore-daemon/src/lastore-daemon/manager.go:1024.11,1030.13 2 0
github.com/linuxdeepin/lastore-daemon/src/lastore-daemon/manager.go:1033.4,1035.77 3 0
github.com/linuxdeepin/lastore-daemon/src/lastore-daemon/manager.go:1037.3,1039.18 3 0
github.com/linuxdeepin/lastore-daemon/src/lastore-daemon/manager.go:1039.18,1041.4 1 0
github.com/linuxdeepin/lastore-daemon/src/lastore-daemon/manager.go:1042.3,1047.30 3 0
github.com/linuxdeepin/lastore-daemon/src/lastore-daemon/manager.go:1047.30,1050.56 3 0
github.com/linuxdeepin/lastore-daemon/src/lastore-daemon/manager.go:1050.56,1051.13 1 0
github.com/linuxdeepin/lastore-daemon/src/lastore-daemon/manager.go:1053.4,1065.18 10 0
github.com/linuxdeepin/lastore-daemon/src/lastore-daemon/manager.go:1065.18,1068.5 2 0
github.com/linuxdeepin/lastore-daemon/src/lastore-daemon/manager.go:1068.10,1070.23 2 0
github.com/linuxdeepin/lastore-daemon/src/lastore-daemon/manager.go:1070.23,1074.20 3 0
github.com/linuxdeepin/lastore-daemon/src/lastore-daemon/manager.go:1074.20,1076.7 1 0
github.com/linuxdeepin/lastore-daemon/src/lastore-daemon/manager.go:1076.12,1078.7 1 0
github.com/linuxdeepin/lastore-daemon/src/lastore-daemon/manager.go:1081.4,1081.9 1 0
github.com/linuxdeepin/lastore-daemon/src/lastore-daemon/manager.go:1083.3,1083.12 1 0
github.com/linuxdeepin/lastore-daemon/src/lastore-daemon/manager.go:1085.2,1085.10 1 0
github.com/linuxdeepin/lastore-daemon/src/lastore-daemon/manager.go:1088.48,1090.18 2 0
github.com/linuxdeepin/lastore-daemon/src/lastore-daemon/manager.go:1090.18,1092.17 2 0
github.com/linuxdeepin/lastore-daemon/src/lastore-daemon/manager.go:1092.17,1094.4 1 0
github.com/linuxdeepin/lastore-daemon/src/lastore-daemon/manager.go:1095.8,1097.17 2 0
github.com/linuxdeepin/lastore-daemon/src/lastore-daemon/manager.go:1097.17,1099.4 1 0
github.com/linuxdeepin/lastore-daemon/src/lastore-daemon/manager.go:1100.3,1104.30 2 0
github.com/linuxdeepin/lastore-daemon/src/lastore-daemon/manager.go:1104.30,1107.56 3 0
github.com/linuxdeepin/lastore-daemon/src/lastore-daemon/manager.go:1107.56,1108.13 1 0
github.com/linuxdeepin/lastore-daemon/src/lastore-daemon/manager.go:1110.4,1120.18 8 0
github.com/linuxdeepin/lastore-daemon/src/lastore-daemon/manager.go:1120.18,1123.5 2 0
github.com/linuxdeepin/lastore-daemon/src/lastore-daemon/manager.go:1126.2,1126.12 1 0
github.com/linuxdeepin/lastore-daemon/src/lastore-daemon/manager.go:1130.55,1138.49 3 0
github.com/linuxdeepin/lastore-daemon/src/lastore-daemon/manager.go:1138.49,1140.17 2 0
github.com/linuxdeepin/lastore-daemon/src/lastore-daemon/manager.go:1140.17,1141.41 1 0
github.com/linuxdeepin/lastore-daemon/src/lastore-daemon/manager.go:1141.41,1143.5 1 0
github.com/linuxdeepin/lastore-daemon/src/lastore-daemon/manager.go:1143.10,1145.19 2 0
github.com/linuxdeepin/lastore-daemon/src/lastore-daemon/manager.go:1145.19,1147.6 1 0
github.com/linuxdeepin/lastore-daemon/src/lastore-daemon/manager.go:1147.11,1149.6 1 0
github.com/linuxdeepin/lastore-daemon/src/lastore-daemon/manager.go:1155.76,1160.9 4 0
github.com/linuxdeepin/lastore-daemon/src/lastore-daemon/manager.go:1160.9,1165.3 4 0
github.com/linuxdeepin/lastore-daemon/src/lastore-daemon/manager.go:1168.56,1171.34 3 0
github.com/linuxdeepin/lastore-daemon/src/lastore-daemon/manager.go:1171.34,1172.24 1 0
github.com/linuxdeepin/lastore-daemon/src/lastore-daemon/manager.go:1172.24,1174.4 1 0
github.com/linuxdeepin/lastore-daemon/src/lastore-daemon/manager.go:1175.3,1176.48 2 0
github.com/linuxdeepin/lastore-daemon/src/lastore-daemon/manager.go:1177.8,1178.24 1 0
github.com/linuxdeepin/lastore-daemon/src/lastore-daemon/manager.go:1178.24,1181.4 2 0
github.com/linuxdeepin/lastore-daemon/src/lastore-daemon/manager.go:1185.114,1186.105 1 0
github.com/linuxdeepin/lastore-daemon/src/lastore-daemon/manager.go:1186.105,1194.17 6 0
github.com/linuxdeepin/lastore-daemon/src/lastore-daemon/manager.go:1194.17,1198.4 3 0
github.com/linuxdeepin/lastore-daemon/src/lastore-daemon/manager.go:1199.3,1199.14 1 0
github.com/linuxdeepin/lastore-daemon/src/lastore-daemon/manager.go:1199.14,1202.4 2 0
github.com/linuxdeepin/lastore-daemon/src/lastore-daemon/manager.go:1203.3,1203.24 1 0
github.com/linuxdeepin/lastore-daemon/src/lastore-daemon/manager.go:1203.24,1206.47 2 0
github.com/linuxdeepin/lastore-daemon/src/lastore-daemon/manager.go:1206.47,1209.6 2 0
github.com/linuxdeepin/lastore-daemon/src/lastore-daemon/manager.go:1210.48,1213.6 2 0
github.com/linuxdeepin/lastore-daemon/src/lastore-daemon/manager.go:1215.4,1215.58 1 0
github.com/linuxdeepin/lastore-daemon/src/lastore-daemon/manager.go:1215.58,1219.5 3 0
github.com/linuxdeepin/lastore-daemon/src/lastore-daemon/manager.go:1221.3,1221.12 1 0
github.com/linuxdeepin/lastore-daemon/src/lastore-daemon/manager.go:1226.57,1228.21 1 0
github.com/linuxdeepin/lastore-daemon/src/lastore-daemon/manager.go:1228.21,1230.3 1 0
github.com/linuxdeepin/lastore-daemon/src/lastore-daemon/manager.go:1233.2,1236.69 4 0
github.com/linuxdeepin/lastore-daemon/src/lastore-daemon/manager.go:1254.87,1256.18 2 0
github.com/linuxdeepin/lastore-daemon/src/lastore-daemon/manager.go:1256.18,1261.19 2 0
github.com/linuxdeepin/lastore-daemon/src/lastore-daemon/manager.go:1262.27,1263.28 1 0
github.com/linuxdeepin/lastore-daemon/src/lastore-daemon/manager.go:1264.29,1265.28 1 0
github.com/linuxdeepin/lastore-daemon/src/lastore-daemon/manager.go:1266.28,1267.28 1 0
github.com/linuxdeepin/lastore-daemon/src/lastore-daemon/manager.go:1269.3,1270.17 2 0
github.com/linuxdeepin/lastore-daemon/src/lastore-daemon/manager.go:1270.17,1272.4 1 0
github.com/linuxdeepin/lastore-daemon/src/lastore-daemon/manager.go:1273.3,1274.17 2 0
github.com/linuxdeepin/lastore-daemon/src/lastore-daemon/manager.go:1274.17,1276.4 1 0
github.com/linuxdeepin/lastore-daemon/src/lastore-daemon/manager.go:1281.46,1284.16 3 0
github.com/linuxdeepin/lastore-daemon/src/lastore-daemon/manager.go:1284.16,1285.25 1 0
github.com/linuxdeepin/lastore-daemon/src/lastore-daemon/manager.go:1285.25,1287.4 1 0
github.com/linuxdeepin/lastore-daemon/src/lastore-daemon/manager.go:1287.9,1289.4 1 0
github.com/linuxdeepin/lastore-daemon/src/lastore-daemon/manager.go:1290.3,1290.9 1 0
github.com/linuxdeepin/lastore-daemon/src/lastore-daemon/manager.go:1293.2,1294.15 2 0
github.com/linuxdeepin/lastore-daemon/src/lastore-daemon/manager.go:1294.15,1298.3 2 0
github.com/linuxdeepin/lastore-daemon/src/lastore-daemon/manager.go:1298.8,1300.3 1 0
github.com/linuxdeepin/lastore-daemon/src/lastore-daemon/manager.go:1302.2,1304.20 3 0
github.com/linuxdeepin/lastore-daemon/src/lastore-daemon/manager.go:1312.49,1316.22 3 0
github.com/linuxdeepin/lastore-daemon/src/lastore-daemon/manager.go:1316.22,1317.26 1 0
github.com/linuxdeepin/lastore-daemon/src/lastore-daemon/manager.go:1317.26,1319.18 2 0
github.com/linuxdeepin/lastore-daemon/src/lastore-daemon/manager.go:1319.18,1321.5 1 0
github.com/linuxdeepin/lastore-daemon/src/lastore-daemon/manager.go:1323.3,1323.13 1 0
github.com/linuxdeepin/lastore-daemon/src/lastore-daemon/manager.go:1325.2,1325.16 1 0
github.com/linuxdeepin/lastore-daemon/src/lastore-daemon/manager.go:1325.16,1327.3 1 0
github.com/linuxdeepin/lastore-daemon/src/lastore-daemon/manager.go:1329.2,1330.32 2 0
github.com/linuxdeepin/lastore-daemon/src/lastore-daemon/manager.go:1330.32,1331.18 1 0
github.com/linuxdeepin/lastore-daemon/src/lastore-daemon/manager.go:1331.18,1332.12 1 0
github.com/linuxdeepin/lastore-daemon/src/lastore-daemon/manager.go:1336.3,1337.17 2 0
github.com/linuxdeepin/lastore-daemon/src/lastore-daemon/manager.go:1337.17,1341.12 3 0
github.com/linuxdeepin/lastore-daemon/src/lastore-daemon/manager.go:1345.3,1345.36 1 0
github.com/linuxdeepin/lastore-daemon/src/lastore-daemon/manager.go:1349.2,1349.21 1 0
github.com/linuxdeepin/lastore-daemon/src/lastore-daemon/manager.go:1352.67,1354.16 2 0
github.com/linuxdeepin/lastore-daemon/src/lastore-daemon/manager.go:1354.16,1356.3 1 0
github.com/linuxdeepin/lastore-daemon/src/lastore-daemon/manager.go:1358.2,1361.14 2 0
github.com/linuxdeepin/lastore-daemon/src/lastore-daemon/manager.go:1361.14,1363.17 2 0
github.com/linuxdeepin/lastore-daemon/src/lastore-daemon/manager.go:1363.17,1366.4 2 0
github.com/linuxdeepin/lastore-daemon/src/lastore-daemon/manager.go:1368.2,1368.12 1 0
github.com/linuxdeepin/lastore-daemon/src/lastore-daemon/manager_auth.go:31.59,33.17 2 0
github.com/linuxdeepin/lastore-daemon/src/lastore-daemon/manager_auth.go:33.17,35.4 1 0
github.com/linuxdeepin/lastore-daemon/src/lastore-daemon/manager_auth.go:37.3,38.17 2 0
github.com/linuxdeepin/lastore-daemon/src/lastore-daemon/manager_auth.go:38.17,40.4 1 0
github.com/linuxdeepin/lastore-daemon/src/lastore-daemon/manager_auth.go:41.3,41.26 1 0
github.com/linuxdeepin/lastore-daemon/src/lastore-daemon/manager_auth.go:52.48,54.2 1 1
github.com/linuxdeepin/lastore-daemon/src/lastore-daemon/manager_auth.go:56.50,61.16 3 1
github.com/linuxdeepin/lastore-daemon/src/lastore-daemon/manager_auth.go:61.16,64.3 2 0
github.com/linuxdeepin/lastore-daemon/src/lastore-daemon/manager_auth.go:65.2,66.20 2 1
github.com/linuxdeepin/lastore-daemon/src/lastore-daemon/manager_auth.go:69.72,70.14 1 1
github.com/linuxdeepin/lastore-daemon/src/lastore-daemon/manager_auth.go:70.14,72.3 1 1
github.com/linuxdeepin/lastore-daemon/src/lastore-daemon/manager_auth.go:73.2,73.43 1 1
github.com/linuxdeepin/lastore-daemon/src/lastore-daemon/manager_auth.go:73.43,75.3 1 1
github.com/linuxdeepin/lastore-daemon/src/lastore-daemon/manager_auth.go:78.2,81.11 4 1
github.com/linuxdeepin/lastore-daemon/src/lastore-daemon/manager_auth.go:84.52,85.28 1 1
github.com/linuxdeepin/lastore-daemon/src/lastore-daemon/manager_auth.go:85.28,87.3 1 0
github.com/linuxdeepin/lastore-daemon/src/lastore-daemon/manager_auth.go:88.2,88.45 1 1
github.com/linuxdeepin/lastore-daemon/src/lastore-daemon/manager_auth.go:91.67,93.16 2 1
github.com/linuxdeepin/lastore-daemon/src/lastore-daemon/manager_auth.go:93.16,94.25 1 0
github.com/linuxdeepin/lastore-daemon/src/lastore-daemon/manager_auth.go:94.25,96.4 1 0
github.com/linuxdeepin/lastore-daemon/src/lastore-daemon/manager_auth.go:97.3,97.18 1 0
github.com/linuxdeepin/lastore-daemon/src/lastore-daemon/manager_auth.go:100.2,102.16 3 1
github.com/linuxdeepin/lastore-daemon/src/lastore-daemon/manager_auth.go:102.16,104.3 1 0
github.com/linuxdeepin/lastore-daemon/src/lastore-daemon/manager_auth.go:106.2,107.16 2 1
github.com/linuxdeepin/lastore-daemon/src/lastore-daemon/manager_auth.go:107.16,109.3 1 0
github.com/linuxdeepin/lastore-daemon/src/lastore-daemon/manager_auth.go:111.2,112.16 2 1
github.com/linuxdeepin/lastore-daemon/src/lastore-daemon/manager_auth.go:112.16,113.51 1 0
github.com/linuxdeepin/lastore-daemon/src/lastore-daemon/manager_auth.go:113.51,115.4 1 0
github.com/linuxdeepin/lastore-daemon/src/lastore-daemon/manager_auth.go:118.2,121.8 1 1
github.com/linuxdeepin/lastore-daemon/src/lastore-daemon/manager_auth.go:124.68,129.23 4 1
github.com/linuxdeepin/lastore-daemon/src/lastore-daemon/manager_auth.go:129.23,131.40 2 0
github.com/linuxdeepin/lastore-daemon/src/lastore-daemon/manager_auth.go:131.40,133.4 1 0
github.com/linuxdeepin/lastore-daemon/src/lastore-daemon/manager_auth.go:134.3,134.13 1 0
github.com/linuxdeepin/lastore-daemon/src/lastore-daemon/manager_auth.go:137.2,138.16 2 1
github.com/linuxdeepin/lastore-daemon/src/lastore-daemon/manager_auth.go:138.16,140.3 1 0
github.com/linuxdeepin/lastore-daemon/src/lastore-daemon/manager_auth.go:142.2,143.16 2 1
github.com/linuxdeepin/lastore-daemon/src/lastore-daemon/manager_auth.go:143.16,145.3 1 0
github.com/linuxdeepin/lastore-daemon/src/lastore-daemon/manager_auth.go:147.2,150.44 4 1
github.com/linuxdeepin/lastore-daemon/src/lastore-daemon/manager_auth.go:153.37,156.16 3 1
github.com/linuxdeepin/lastore-daemon/src/lastore-daemon/manager_auth.go:156.16,160.3 3 0
github.com/linuxdeepin/lastore-daemon/src/lastore-daemon/manager_auth.go:161.2,161.18 1 1
github.com/linuxdeepin/lastore-daemon/src/lastore-daemon/manager_auth.go:161.18,164.3 2 0
github.com/linuxdeepin/lastore-daemon/src/lastore-daemon/manager_auth.go:166.2,167.16 2 1
github.com/linuxdeepin/lastore-daemon/src/lastore-daemon/manager_auth.go:167.16,171.3 3 0
github.com/linuxdeepin/lastore-daemon/src/lastore-daemon/manager_auth.go:174.2,174.33 1 1
github.com/linuxdeepin/lastore-daemon/src/lastore-daemon/manager_auth.go:174.33,180.40 6 1
github.com/linuxdeepin/lastore-daemon/src/lastore-daemon/manager_auth.go:180.40,182.4 1 0
github.com/linuxdeepin/lastore-daemon/src/lastore-daemon/manager_auth.go:183.3,183.9 1 1
github.com/linuxdeepin/lastore-daemon/src/lastore-daemon/manager_auth.go:186.2,190.38 4 1
github.com/linuxdeepin/lastore-daemon/src/lastore-daemon/manager_auth.go:190.38,191.37 1 1
github.com/linuxdeepin/lastore-daemon/src/lastore-daemon/manager_auth.go:191.37,192.12 1 0
github.com/linuxdeepin/lastore-daemon/src/lastore-daemon/manager_auth.go:195.3,196.17 2 1
github.com/linuxdeepin/lastore-daemon/src/lastore-daemon/manager_auth.go:196.17,197.12 1 1
github.com/linuxdeepin/lastore-daemon/src/lastore-daemon/manager_auth.go:199.3,199.20 1 1
github.com/linuxdeepin/lastore-daemon/src/lastore-daemon/manager_auth.go:199.20,201.4 1 1
github.com/linuxdeepin/lastore-daemon/src/lastore-daemon/manager_auth.go:204.2,208.41 4 1
github.com/linuxdeepin/lastore-daemon/src/lastore-daemon/manager_auth.go:208.41,212.29 3 1
github.com/linuxdeepin/lastore-daemon/src/lastore-daemon/manager_auth.go:212.29,214.41 2 0
github.com/linuxdeepin/lastore-daemon/src/lastore-daemon/manager_auth.go:214.41,216.5 1 0
github.com/linuxdeepin/lastore-daemon/src/lastore-daemon/manager_auth.go:217.4,217.10 1 0
github.com/linuxdeepin/lastore-daemon/src/lastore-daemon/manager_auth.go:220.3,224.17 5 1
github.com/linuxdeepin/lastore-daemon/src/lastore-daemon/manager_auth.go:224.17,226.4 1 0
github.com/linuxdeepin/lastore-daemon/src/lastore-daemon/manager_auth.go:230.59,231.42 1 1
github.com/linuxdeepin/lastore-daemon/src/lastore-daemon/manager_auth.go:231.42,233.3 1 0
github.com/linuxdeepin/lastore-daemon/src/lastore-daemon/manager_auth.go:234.2,234.28 1 1
github.com/linuxdeepin/lastore-daemon/src/lastore-daemon/manager_auth.go:234.28,236.3 1 0
github.com/linuxdeepin/lastore-daemon/src/lastore-daemon/manager_auth.go:238.2,239.16 2 1
github.com/linuxdeepin/lastore-daemon/src/lastore-daemon/manager_auth.go:239.16,241.3 1 1
github.com/linuxdeepin/lastore-daemon/src/lastore-daemon/manager_auth.go:242.2,242.25 1 1
github.com/linuxdeepin/lastore-daemon/src/lastore-daemon/manager_auth.go:242.25,244.3 1 0
github.com/linuxdeepin/lastore-daemon/src/lastore-daemon/manager_auth.go:246.2,254.16 8 1
github.com/linuxdeepin/lastore-daemon/src/lastore-daemon/manager_auth.go:254.16,259.3 4 0
github.com/linuxdeepin/lastore-daemon/src/lastore-daemon/manager_auth.go:260.2,260.12 1 1
github.com/linuxdeepin/lastore-daemon/src/lastore-daemon/manager_auth.go:263.56,266.14 3 1
github.com/linuxdeepin/lastore-daemon/src/lastore-daemon/manager_auth.go:266.14,269.3 2 0
github.com/linuxdeepin/lastore-daemon/src/lastore-daemon/manager_auth.go:270.2,275.16 5 1
github.com/linuxdeepin/lastore-daemon/src/lastore-daemon/manager_auth.go:275.16,277.3 1 0
github.com/linuxdeepin/lastore-daemon/src/lastore-daemon/manager_check.go:29.37,30.11 1 1
github.com/linuxdeepin/lastore-daemon/src/lastore-daemon/manager_check.go:31.18,32.23 1 1
github.com/linuxdeepin/lastore-daemon/src/lastore-daemon/manager_check.go:33.19,34.24 1 1
github.com/linuxdeepin/lastore-daemon/src/lastore-daemon/manager_check.go:35.10,36.24 1 1
github.com/linuxdeepin/lastore-daemon/src/lastore-daemon/manager_check.go:41.128,43.33 2 0
github.com/linuxdeepin/lastore-daemon/src/lastore-daemon/manager_check.go:43.33,45.3 1 0
github.com/linuxdeepin/lastore-daemon/src/lastore-daemon/manager_check.go:46.2,48.31 3 0
github.com/linuxdeepin/lastore-daemon/src/lastore-daemon/manager_check.go:48.31,50.13 2 0
github.com/linuxdeepin/lastore-daemon/src/lastore-daemon/manager_check.go:50.13,51.19 1 0
github.com/linuxdeepin/lastore-daemon/src/lastore-daemon/manager_check.go:51.19,53.5 1 0
github.com/linuxdeepin/lastore-daemon/src/lastore-daemon/manager_check.go:54.4,55.18 2 0
github.com/linuxdeepin/lastore-daemon/src/lastore-daemon/manager_check.go:55.18,58.5 2 0
github.com/linuxdeepin/lastore-daemon/src/lastore-daemon/manager_check.go:59.4,60.22 2 0
github.com/linuxdeepin/lastore-daemon/src/lastore-daemon/manager_check.go:61.9,62.20 1 0
github.com/linuxdeepin/lastore-daemon/src/lastore-daemon/manager_check.go:62.20,64.5 1 0
github.com/linuxdeepin/lastore-daemon/src/lastore-daemon/manager_check.go:65.4,66.18 2 0
github.com/linuxdeepin/lastore-daemon/src/lastore-daemon/manager_check.go:66.18,69.5 2 0
github.com/linuxdeepin/lastore-daemon/src/lastore-daemon/manager_check.go:70.4,71.23 2 0
github.com/linuxdeepin/lastore-daemon/src/lastore-daemon/manager_check.go:74.2,78.16 5 0
github.com/linuxdeepin/lastore-daemon/src/lastore-daemon/manager_check.go:78.16,80.3 1 0
github.com/linuxdeepin/lastore-daemon/src/lastore-daemon/manager_check.go:81.2,81.13 1 0
github.com/linuxdeepin/lastore-daemon/src/lastore-daemon/manager_check.go:81.13,83.3 1 0
github.com/linuxdeepin/lastore-daemon/src/lastore-daemon/manager_check.go:84.2,84.30 1 0
github.com/linuxdeepin/lastore-daemon/src/lastore-daemon/manager_check.go:84.30,86.3 1 0
github.com/linuxdeepin/lastore-daemon/src/lastore-daemon/manager_check.go:88.2,92.44 3 0
github.com/linuxdeepin/lastore-daemon/src/lastore-daemon/manager_check.go:92.44,93.68 1 0
github.com/linuxdeepin/lastore-daemon/src/lastore-daemon/manager_check.go:93.68,96.4 2 0
github.com/linuxdeepin/lastore-daemon/src/lastore-daemon/manager_check.go:97.3,97.23 1 0
github.com/linuxdeepin/lastore-daemon/src/lastore-daemon/manager_check.go:100.2,101.46 1 0
github.com/linuxdeepin/lastore-daemon/src/lastore-daemon/manager_check.go:101.46,104.4 2 0
github.com/linuxdeepin/lastore-daemon/src/lastore-daemon/manager_check.go:106.2,107.46 1 0
github.com/linuxdeepin/lastore-daemon/src/lastore-daemon/manager_check.go:107.46,112.4 3 0
github.com/linuxdeepin/lastore-daemon/src/lastore-daemon/manager_check.go:113.45,115.14 2 0
github.com/linuxdeepin/lastore-daemon/src/lastore-daemon/manager_check.go:115.14,134.5 6 0
github.com/linuxdeepin/lastore-daemon/src/lastore-daemon/manager_check.go:135.4,137.18 3 0
github.com/linuxdeepin/lastore-daemon/src/lastore-daemon/manager_check.go:137.18,139.5 1 0
github.com/linuxdeepin/lastore-daemon/src/lastore-daemon/manager_check.go:140.4,141.18 2 0
github.com/linuxdeepin/lastore-daemon/src/lastore-daemon/manager_check.go:141.18,143.5 1 0
github.com/linuxdeepin/lastore-daemon/src/lastore-daemon/manager_check.go:144.4,144.14 1 0
github.com/linuxdeepin/lastore-daemon/src/lastore-daemon/manager_check.go:146.46,148.22 2 0
github.com/linuxdeepin/lastore-daemon/src/lastore-daemon/manager_check.go:149.20,152.19 2 0
github.com/linuxdeepin/lastore-daemon/src/lastore-daemon/manager_check.go:152.19,154.6 1 0
github.com/linuxdeepin/lastore-daemon/src/lastore-daemon/manager_check.go:157.5,157.62 1 0
github.com/linuxdeepin/lastore-daemon/src/lastore-daemon/manager_check.go:157.62,159.6 1 0
github.com/linuxdeepin/lastore-daemon/src/lastore-daemon/manager_check.go:160.21,163.19 2 0
github.com/linuxdeepin/lastore-daemon/src/lastore-daemon/manager_check.go:163.19,165.6 1 0
github.com/linuxdeepin/lastore-daemon/src/lastore-daemon/manager_check.go:166.5,166.66 1 0
github.com/linuxdeepin/lastore-daemon/src/lastore-daemon/manager_check.go:167.12,168.56 1 0
github.com/linuxdeepin/lastore-daemon/src/lastore-daemon/manager_check.go:170.4,170.14 1 0
github.com/linuxdeepin/lastore-daemon/src/lastore-daemon/manager_check.go:174.2,174.48 1 0
github.com/linuxdeepin/lastore-daemon/src/lastore-daemon/manager_check.go:174.48,176.3 1 0
github.com/linuxdeepin/lastore-daemon/src/lastore-daemon/manager_check.go:177.2,177.27 1 0
github.com/linuxdeepin/lastore-daemon/src/lastore-daemon/manager_check.go:195.83,206.16 3 0
github.com/linuxdeepin/lastore-daemon/src/lastore-daemon/manager_check.go:206.16,208.3 1 0
github.com/linuxdeepin/lastore-daemon/src/lastore-daemon/manager_check.go:209.2,210.16 2 0
github.com/linuxdeepin/lastore-daemon/src/lastore-daemon/manager_check.go:210.16,212.3 1 0
github.com/linuxdeepin/lastore-daemon/src/lastore-daemon/manager_check.go:213.2,213.52 1 0
github.com/linuxdeepin/lastore-daemon/src/lastore-daemon/manager_check.go:216.37,218.16 2 1
github.com/linuxdeepin/lastore-daemon/src/lastore-daemon/manager_check.go:218.16,221.3 2 1
github.com/linuxdeepin/lastore-daemon/src/lastore-daemon/manager_check.go:222.2,224.16 3 0
github.com/linuxdeepin/lastore-daemon/src/lastore-daemon/manager_check.go:224.16,227.3 2 0
github.com/linuxdeepin/lastore-daemon/src/lastore-daemon/manager_check.go:228.2,228.20 1 0
github.com/linuxdeepin/lastore-daemon/src/lastore-daemon/manager_check.go:231.63,232.15 1 0
github.com/linuxdeepin/lastore-daemon/src/lastore-daemon/manager_check.go:233.18,236.17 3 0
github.com/linuxdeepin/lastore-daemon/src/lastore-daemon/manager_check.go:236.17,238.4 1 0
github.com/linuxdeepin/lastore-daemon/src/lastore-daemon/manager_check.go:239.3,241.17 3 0
github.com/linuxdeepin/lastore-daemon/src/lastore-daemon/manager_check.go:241.17,243.4 1 0
github.com/linuxdeepin/lastore-daemon/src/lastore-daemon/manager_check.go:244.3,244.53 1 0
github.com/linuxdeepin/lastore-daemon/src/lastore-daemon/manager_check.go:245.24,247.17 2 0
github.com/linuxdeepin/lastore-daemon/src/lastore-daemon/manager_check.go:247.17,249.4 1 0
github.com/linuxdeepin/lastore-daemon/src/lastore-daemon/manager_check.go:250.3,251.17 2 0
github.com/linuxdeepin/lastore-daemon/src/lastore-daemon/manager_check.go:251.17,253.4 1 0
github.com/linuxdeepin/lastore-daemon/src/lastore-daemon/manager_check.go:254.3,254.38 1 0
github.com/linuxdeepin/lastore-daemon/src/lastore-daemon/manager_check.go:255.10,256.36 1 0
github.com/linuxdeepin/lastore-daemon/src/lastore-daemon/manager_download.go:31.63,35.71 4 0
github.com/linuxdeepin/lastore-daemon/src/lastore-daemon/manager_download.go:35.71,37.3 1 0
github.com/linuxdeepin/lastore-daemon/src/lastore-daemon/manager_download.go:40.97,42.44 2 0
github.com/linuxdeepin/lastore-daemon/src/lastore-daemon/manager_download.go:42.44,46.3 3 0
github.com/linuxdeepin/lastore-daemon/src/lastore-daemon/manager_download.go:46.8,49.3 2 0
github.com/linuxdeepin/lastore-daemon/src/lastore-daemon/manager_download.go:58.97,59.19 1 0
github.com/linuxdeepin/lastore-daemon/src/lastore-daemon/manager_download.go:60.21,65.4 1 0
github.com/linuxdeepin/lastore-daemon/src/lastore-daemon/manager_download.go:66.24,71.4 1 0
github.com/linuxdeepin/lastore-daemon/src/lastore-daemon/manager_download.go:72.10,75.17 3 0
github.com/linuxdeepin/lastore-daemon/src/lastore-daemon/manager_download.go:75.17,79.4 3 0
github.com/linuxdeepin/lastore-daemon/src/lastore-daemon/manager_download.go:80.3,80.23 1 0
github.com/linuxdeepin/lastore-daemon/src/lastore-daemon/manager_download.go:84.59,87.44 2 0
github.com/linuxdeepin/lastore-daemon/src/lastore-daemon/manager_download.go:87.44,89.3 1 0
github.com/linuxdeepin/lastore-daemon/src/lastore-daemon/manager_download.go:89.8,90.47 1 0
github.com/linuxdeepin/lastore-daemon/src/lastore-daemon/manager_download.go:90.47,92.3 1 0
github.com/linuxdeepin/lastore-daemon/src/lastore-daemon/manager_download.go:93.2,93.25 1 0
github.com/linuxdeepin/lastore-daemon/src/lastore-daemon/manager_download.go:96.62,98.16 2 1
github.com/linuxdeepin/lastore-daemon/src/lastore-daemon/manager_download.go:98.16,100.3 1 1
github.com/linuxdeepin/lastore-daemon/src/lastore-daemon/manager_download.go:101.2,102.16 2 1
github.com/linuxdeepin/lastore-daemon/src/lastore-daemon/manager_download.go:102.16,104.3 1 1
github.com/linuxdeepin/lastore-daemon/src/lastore-daemon/manager_download.go:105.2,106.16 2 1
github.com/linuxdeepin/lastore-daemon/src/lastore-daemon/manager_download.go:106.16,108.3 1 1
github.com/linuxdeepin/lastore-daemon/src/lastore-daemon/manager_download.go:109.2,109.23 1 1
github.com/linuxdeepin/lastore-daemon/src/lastore-daemon/manager_download.go:109.23,111.3 1 1
github.com/linuxdeepin/lastore-daemon/src/lastore-daemon/manager_download.go:112.2,112.44 1 1
github.com/linuxdeepin/lastore-daemon/src/lastore-daemon/manager_download.go:115.45,116.16 1 1
github.com/linuxdeepin/lastore-daemon/src/lastore-daemon/manager_download.go:116.16,118.3 1 1
github.com/linuxdeepin/lastore-daemon/src/lastore-daemon/manager_download.go:119.2,119.34 1 1
github.com/linuxdeepin/lastore-daemon/src/lastore-daemon/manager_download.go:123.125,126.52 3 0
github.com/linuxdeepin/lastore-daemon/src/lastore-daemon/manager_download.go:126.52,127.27 1 0
github.com/linuxdeepin/lastore-daemon/src/lastore-daemon/manager_download.go:127.27,128.12 1 0
github.com/linuxdeepin/lastore-daemon/src/lastore-daemon/manager_download.go:130.3,131.104 2 0
github.com/linuxdeepin/lastore-daemon/src/lastore-daemon/manager_download.go:131.104,133.4 1 0
github.com/linuxdeepin/lastore-daemon/src/lastore-daemon/manager_download.go:133.9,135.4 1 0
github.com/linuxdeepin/lastore-daemon/src/lastore-daemon/manager_download.go:137.2,137.36 1 0
github.com/linuxdeepin/lastore-daemon/src/lastore-daemon/manager_download.go:140.119,141.29 1 0
github.com/linuxdeepin/lastore-daemon/src/lastore-daemon/manager_download.go:141.29,144.3 2 0
github.com/linuxdeepin/lastore-daemon/src/lastore-daemon/manager_download.go:145.2,145.28 1 0
github.com/linuxdeepin/lastore-daemon/src/lastore-daemon/manager_download.go:145.28,147.3 1 0
github.com/linuxdeepin/lastore-daemon/src/lastore-daemon/manager_download.go:148.2,149.16 2 0
github.com/linuxdeepin/lastore-daemon/src/lastore-daemon/manager_download.go:149.16,151.3 1 0
github.com/linuxdeepin/lastore-daemon/src/lastore-daemon/manager_download.go:152.2,156.55 4 0
github.com/linuxdeepin/lastore-daemon/src/lastore-daemon/manager_download.go:156.55,158.3 1 0
github.com/linuxdeepin/lastore-daemon/src/lastore-daemon/manager_download.go:158.8,160.16 2 0
github.com/linuxdeepin/lastore-daemon/src/lastore-daemon/manager_download.go:160.16,162.4 1 0
github.com/linuxdeepin/lastore-daemon/src/lastore-daemon/manager_download.go:165.2,166.24 2 0
github.com/linuxdeepin/lastore-daemon/src/lastore-daemon/manager_download.go:166.24,168.3 1 0
github.com/linuxdeepin/lastore-daemon/src/lastore-daemon/manager_download.go:171.2,176.31 4 0
github.com/linuxdeepin/lastore-daemon/src/lastore-daemon/manager_download.go:176.31,179.17 3 0
github.com/linuxdeepin/lastore-daemon/src/lastore-daemon/manager_download.go:179.17,181.4 1 0
github.com/linuxdeepin/lastore-daemon/src/lastore-daemon/manager_download.go:181.9,183.4 1 0
github.com/linuxdeepin/lastore-daemon/src/lastore-daemon/manager_download.go:186.2,186.25 1 0
github.com/linuxdeepin/lastore-daemon/src/lastore-daemon/manager_download.go:186.25,200.3 9 0
github.com/linuxdeepin/lastore-daemon/src/lastore-daemon/manager_download.go:201.2,202.29 2 0
github.com/linuxdeepin/lastore-daemon/src/lastore-daemon/manager_download.go:202.29,204.58 1 0
github.com/linuxdeepin/lastore-daemon/src/lastore-daemon/manager_download.go:204.58,206.4 1 0
github.com/linuxdeepin/lastore-daemon/src/lastore-daemon/manager_download.go:206.9,209.4 2 0
github.com/linuxdeepin/lastore-daemon/src/lastore-daemon/manager_download.go:211.2,211.35 1 0
github.com/linuxdeepin/lastore-daemon/src/lastore-daemon/manager_download.go:211.35,212.32 1 0
github.com/linuxdeepin/lastore-daemon/src/lastore-daemon/manager_download.go:212.32,214.4 1 0
github.com/linuxdeepin/lastore-daemon/src/lastore-daemon/manager_download.go:217.2,223.2 5 0
github.com/linuxdeepin/lastore-daemon/src/lastore-daemon/manager_download.go:223.2,232.3 4 0
github.com/linuxdeepin/lastore-daemon/src/lastore-daemon/manager_download.go:233.2,233.16 1 0
github.com/linuxdeepin/lastore-daemon/src/lastore-daemon/manager_download.go:233.16,236.3 2 0
github.com/linuxdeepin/lastore-daemon/src/lastore-daemon/manager_download.go:237.2,237.13 1 0
github.com/linuxdeepin/lastore-daemon/src/lastore-daemon/manager_download.go:237.13,239.3 1 0
github.com/linuxdeepin/lastore-daemon/src/lastore-daemon/manager_download.go:240.2,240.29 1 0
github.com/linuxdeepin/lastore-daemon/src/lastore-daemon/manager_download.go:240.29,242.32 2 0
github.com/linuxdeepin/lastore-daemon/src/lastore-daemon/manager_download.go:242.32,245.4 1 0
github.com/linuxdeepin/lastore-daemon/src/lastore-daemon/manager_download.go:246.3,251.5 1 0
github.com/linuxdeepin/lastore-daemon/src/lastore-daemon/manager_download.go:253.2,257.24 4 0
github.com/linuxdeepin/lastore-daemon/src/lastore-daemon/manager_download.go:257.24,262.35 5 0
github.com/linuxdeepin/lastore-daemon/src/lastore-daemon/manager_download.go:262.35,265.4 2 0
github.com/linuxdeepin/lastore-daemon/src/lastore-daemon/manager_download.go:266.3,266.37 1 0
github.com/linuxdeepin/lastore-daemon/src/lastore-daemon/manager_download.go:266.37,269.4 1 0
github.com/linuxdeepin/lastore-daemon/src/lastore-daemon/manager_download.go:270.3,271.32 2 0
github.com/linuxdeepin/lastore-daemon/src/lastore-daemon/manager_download.go:271.32,273.67 2 0
github.com/linuxdeepin/lastore-daemon/src/lastore-daemon/manager_download.go:273.67,274.35 1 0
github.com/linuxdeepin/lastore-daemon/src/lastore-daemon/manager_download.go:274.35,280.33 3 0
github.com/linuxdeepin/lastore-daemon/src/lastore-daemon/manager_download.go:280.33,282.7 1 0
github.com/linuxdeepin/lastore-daemon/src/lastore-daemon/manager_download.go:282.12,285.7 2 0
github.com/linuxdeepin/lastore-daemon/src/lastore-daemon/manager_download.go:289.3,290.47 1 0
github.com/linuxdeepin/lastore-daemon/src/lastore-daemon/manager_download.go:290.47,292.107 2 0
github.com/linuxdeepin/lastore-daemon/src/lastore-daemon/manager_download.go:292.107,294.36 2 0
github.com/linuxdeepin/lastore-daemon/src/lastore-daemon/manager_download.go:294.36,301.7 1 0
github.com/linuxdeepin/lastore-daemon/src/lastore-daemon/manager_download.go:302.11,309.6 1 0
github.com/linuxdeepin/lastore-daemon/src/lastore-daemon/manager_download.go:311.5,311.15 1 0
github.com/linuxdeepin/lastore-daemon/src/lastore-daemon/manager_download.go:313.46,316.5 2 0
github.com/linuxdeepin/lastore-daemon/src/lastore-daemon/manager_download.go:317.46,318.32 1 0
github.com/linuxdeepin/lastore-daemon/src/lastore-daemon/manager_download.go:318.32,322.6 3 0
github.com/linuxdeepin/lastore-daemon/src/lastore-daemon/manager_download.go:324.5,328.19 5 0
github.com/linuxdeepin/lastore-daemon/src/lastore-daemon/manager_download.go:328.19,329.97 1 0
github.com/linuxdeepin/lastore-daemon/src/lastore-daemon/manager_download.go:329.97,332.37 3 0
github.com/linuxdeepin/lastore-daemon/src/lastore-daemon/manager_download.go:332.37,334.8 1 0
github.com/linuxdeepin/lastore-daemon/src/lastore-daemon/manager_download.go:335.7,335.19 1 0
github.com/linuxdeepin/lastore-daemon/src/lastore-daemon/manager_download.go:335.19,337.68 2 0
github.com/linuxdeepin/lastore-daemon/src/lastore-daemon/manager_download.go:337.68,339.29 2 0
github.com/linuxdeepin/lastore-daemon/src/lastore-daemon/manager_download.go:339.29,342.10 2 0
github.com/linuxdeepin/lastore-daemon/src/lastore-daemon/manager_download.go:345.12,345.100 1 0
github.com/linuxdeepin/lastore-daemon/src/lastore-daemon/manager_download.go:345.100,352.7 5 0
github.com/linuxdeepin/lastore-daemon/src/lastore-daemon/manager_download.go:352.12,352.98 1 0
github.com/linuxdeepin/lastore-daemon/src/lastore-daemon/manager_download.go:352.98,358.7 4 0
github.com/linuxdeepin/lastore-daemon/src/lastore-daemon/manager_download.go:361.5,361.15 1 0
github.com/linuxdeepin/lastore-daemon/src/lastore-daemon/manager_download.go:361.15,379.6 6 0
github.com/linuxdeepin/lastore-daemon/src/lastore-daemon/manager_download.go:381.5,382.107 2 0
github.com/linuxdeepin/lastore-daemon/src/lastore-daemon/manager_download.go:382.107,384.36 2 0
github.com/linuxdeepin/lastore-daemon/src/lastore-daemon/manager_download.go:384.36,391.7 1 0
github.com/linuxdeepin/lastore-daemon/src/lastore-daemon/manager_download.go:392.11,399.6 1 0
github.com/linuxdeepin/lastore-daemon/src/lastore-daemon/manager_download.go:401.5,401.15 1 0
github.com/linuxdeepin/lastore-daemon/src/lastore-daemon/manager_download.go:403.47,413.22 5 0
github.com/linuxdeepin/lastore-daemon/src/lastore-daemon/manager_download.go:413.22,414.16 1 0
github.com/linuxdeepin/lastore-daemon/src/lastore-daemon/manager_download.go:414.16,417.43 3 0
github.com/linuxdeepin/lastore-daemon/src/lastore-daemon/manager_download.go:417.43,425.35 3 0
github.com/linuxdeepin/lastore-daemon/src/lastore-daemon/manager_download.go:425.35,426.66 1 0
github.com/linuxdeepin/lastore-daemon/src/lastore-daemon/manager_download.go:426.66,428.37 2 0
github.com/linuxdeepin/lastore-daemon/src/lastore-daemon/manager_download.go:428.37,430.11 1 0
github.com/linuxdeepin/lastore-daemon/src/lastore-daemon/manager_download.go:431.10,432.122 2 0
github.com/linuxdeepin/lastore-daemon/src/lastore-daemon/manager_download.go:434.9,434.65 1 0
github.com/linuxdeepin/lastore-daemon/src/lastore-daemon/manager_download.go:434.65,436.10 1 0
github.com/linuxdeepin/lastore-daemon/src/lastore-daemon/manager_download.go:437.14,441.9 2 0
github.com/linuxdeepin/lastore-daemon/src/lastore-daemon/manager_download.go:444.7,444.50 1 0
github.com/linuxdeepin/lastore-daemon/src/lastore-daemon/manager_download.go:447.6,448.108 2 0
github.com/linuxdeepin/lastore-daemon/src/lastore-daemon/manager_download.go:448.108,450.37 2 0
github.com/linuxdeepin/lastore-daemon/src/lastore-daemon/manager_download.go:450.37,457.8 1 0
github.com/linuxdeepin/lastore-daemon/src/lastore-daemon/manager_download.go:458.12,465.7 1 0
github.com/linuxdeepin/lastore-daemon/src/lastore-daemon/manager_download.go:467.6,467.41 1 0
github.com/linuxdeepin/lastore-daemon/src/lastore-daemon/manager_download.go:467.41,470.21 3 0
github.com/linuxdeepin/lastore-daemon/src/lastore-daemon/manager_download.go:470.21,472.8 1 0
github.com/linuxdeepin/lastore-daemon/src/lastore-daemon/manager_download.go:473.7,473.34 1 0
github.com/linuxdeepin/lastore-daemon/src/lastore-daemon/manager_download.go:475.11,477.6 1 0
github.com/linuxdeepin/lastore-daemon/src/lastore-daemon/manager_download.go:480.5,486.15 2 0
github.com/linuxdeepin/lastore-daemon/src/lastore-daemon/manager_download.go:488.43,489.22 1 0
github.com/linuxdeepin/lastore-daemon/src/lastore-daemon/manager_download.go:489.22,491.33 2 0
github.com/linuxdeepin/lastore-daemon/src/lastore-daemon/manager_download.go:491.33,493.7 1 0
github.com/linuxdeepin/lastore-daemon/src/lastore-daemon/manager_download.go:496.6,498.77 2 0
github.com/linuxdeepin/lastore-daemon/src/lastore-daemon/manager_download.go:498.77,500.7 1 0
github.com/linuxdeepin/lastore-daemon/src/lastore-daemon/manager_download.go:501.6,501.57 1 0
github.com/linuxdeepin/lastore-daemon/src/lastore-daemon/manager_download.go:503.5,503.15 1 0
github.com/linuxdeepin/lastore-daemon/src/lastore-daemon/manager_download.go:506.3,507.47 1 0
github.com/linuxdeepin/lastore-daemon/src/lastore-daemon/manager_download.go:507.47,512.5 3 0
github.com/linuxdeepin/lastore-daemon/src/lastore-daemon/manager_download.go:516.2,516.48 1 0
github.com/linuxdeepin/lastore-daemon/src/lastore-daemon/manager_download.go:516.48,518.3 1 0
github.com/linuxdeepin/lastore-daemon/src/lastore-daemon/manager_download.go:519.2,519.17 1 0
github.com/linuxdeepin/lastore-daemon/src/lastore-daemon/manager_idle.go:20.38,38.2 11 1
github.com/linuxdeepin/lastore-daemon/src/lastore-daemon/manager_idle.go:61.34,64.16 3 0
github.com/linuxdeepin/lastore-daemon/src/lastore-daemon/manager_idle.go:64.16,67.3 2 0
github.com/linuxdeepin/lastore-daemon/src/lastore-daemon/manager_idle.go:68.2,69.16 2 0
github.com/linuxdeepin/lastore-daemon/src/lastore-daemon/manager_idle.go:69.16,72.3 2 0
github.com/linuxdeepin/lastore-daemon/src/lastore-daemon/manager_idle.go:73.2,73.28 1 0
github.com/linuxdeepin/lastore-daemon/src/lastore-daemon/manager_idle.go:73.28,74.19 1 0
github.com/linuxdeepin/lastore-daemon/src/lastore-daemon/manager_idle.go:75.28,83.18 8 0
github.com/linuxdeepin/lastore-daemon/src/lastore-daemon/manager_idle.go:83.18,85.13 2 0
github.com/linuxdeepin/lastore-daemon/src/lastore-daemon/manager_idle.go:87.28,89.18 2 0
github.com/linuxdeepin/lastore-daemon/src/lastore-daemon/manager_idle.go:89.18,92.5 2 0
github.com/linuxdeepin/lastore-daemon/src/lastore-daemon/manager_idle.go:93.4,94.24 2 0
github.com/linuxdeepin/lastore-daemon/src/lastore-daemon/manager_idle.go:94.24,97.19 3 0
github.com/linuxdeepin/lastore-daemon/src/lastore-daemon/manager_idle.go:97.19,99.6 1 0
github.com/linuxdeepin/lastore-daemon/src/lastore-daemon/manager_idle.go:100.5,101.31 2 0
github.com/linuxdeepin/lastore-daemon/src/lastore-daemon/manager_idle.go:104.11,105.12 1 0
github.com/linuxdeepin/lastore-daemon/src/lastore-daemon/manager_idle.go:111.34,117.30 5 0
github.com/linuxdeepin/lastore-daemon/src/lastore-daemon/manager_idle.go:117.30,118.97 1 0
github.com/linuxdeepin/lastore-daemon/src/lastore-daemon/manager_idle.go:118.97,120.23 2 0
github.com/linuxdeepin/lastore-daemon/src/lastore-daemon/manager_idle.go:120.23,122.5 1 0
github.com/linuxdeepin/lastore-daemon/src/lastore-daemon/manager_idle.go:123.4,137.52 2 0
github.com/linuxdeepin/lastore-daemon/src/lastore-daemon/manager_idle.go:140.2,141.16 2 0
github.com/linuxdeepin/lastore-daemon/src/lastore-daemon/manager_idle.go:141.16,144.3 2 0
github.com/linuxdeepin/lastore-daemon/src/lastore-daemon/manager_idle.go:145.2,146.16 2 0
github.com/linuxdeepin/lastore-daemon/src/lastore-daemon/manager_idle.go:146.16,148.3 1 0
github.com/linuxdeepin/lastore-daemon/src/lastore-daemon/manager_idle.go:151.45,155.2 3 0
github.com/linuxdeepin/lastore-daemon/src/lastore-daemon/manager_idle.go:157.45,161.2 3 0
github.com/linuxdeepin/lastore-daemon/src/lastore-daemon/manager_idle.go:163.38,166.2 2 0
github.com/linuxdeepin/lastore-daemon/src/lastore-daemon/manager_idle.go:168.38,171.2 2 0
github.com/linuxdeepin/lastore-daemon/src/lastore-daemon/manager_idle.go:173.36,177.27 3 0
github.com/linuxdeepin/lastore-daemon/src/lastore-daemon/manager_idle.go:177.27,178.14 1 0
github.com/linuxdeepin/lastore-daemon/src/lastore-daemon/manager_idle.go:179.74,181.20 2 0
github.com/linuxdeepin/lastore-daemon/src/lastore-daemon/manager_ifc.go:34.95,36.56 2 0
github.com/linuxdeepin/lastore-daemon/src/lastore-daemon/manager_ifc.go:36.56,38.3 1 0
github.com/linuxdeepin/lastore-daemon/src/lastore-daemon/manager_ifc.go:39.2,40.16 2 0
github.com/linuxdeepin/lastore-daemon/src/lastore-daemon/manager_ifc.go:40.16,42.3 1 0
github.com/linuxdeepin/lastore-daemon/src/lastore-daemon/manager_ifc.go:43.2,43.30 1 0
github.com/linuxdeepin/lastore-daemon/src/lastore-daemon/manager_ifc.go:46.74,48.56 2 0
github.com/linuxdeepin/lastore-daemon/src/lastore-daemon/manager_ifc.go:48.56,50.3 1 0
github.com/linuxdeepin/lastore-daemon/src/lastore-daemon/manager_ifc.go:51.2,51.44 1 0
github.com/linuxdeepin/lastore-daemon/src/lastore-daemon/manager_ifc.go:54.106,59.16 3 0
github.com/linuxdeepin/lastore-daemon/src/lastore-daemon/manager_ifc.go:59.16,61.3 1 0
github.com/linuxdeepin/lastore-daemon/src/lastore-daemon/manager_ifc.go:63.2,64.16 2 0
github.com/linuxdeepin/lastore-daemon/src/lastore-daemon/manager_ifc.go:64.16,66.3 1 0
github.com/linuxdeepin/lastore-daemon/src/lastore-daemon/manager_ifc.go:67.2,67.30 1 0
github.com/linuxdeepin/lastore-daemon/src/lastore-daemon/manager_ifc.go:70.89,72.56 2 0
github.com/linuxdeepin/lastore-daemon/src/lastore-daemon/manager_ifc.go:72.56,74.3 1 0
github.com/linuxdeepin/lastore-daemon/src/lastore-daemon/manager_ifc.go:75.2,76.16 2 0
github.com/linuxdeepin/lastore-daemon/src/lastore-daemon/manager_ifc.go:76.16,78.3 1 0
github.com/linuxdeepin/lastore-daemon/src/lastore-daemon/manager_ifc.go:79.2,79.18 1 0
github.com/linuxdeepin/lastore-daemon/src/lastore-daemon/manager_ifc.go:82.87,84.2 1 0
github.com/linuxdeepin/lastore-daemon/src/lastore-daemon/manager_ifc.go:87.22,92.16 3 0
github.com/linuxdeepin/lastore-daemon/src/lastore-daemon/manager_ifc.go:92.16,94.3 1 0
github.com/linuxdeepin/lastore-daemon/src/lastore-daemon/manager_ifc.go:96.2,97.16 2 0
github.com/linuxdeepin/lastore-daemon/src/lastore-daemon/manager_ifc.go:97.16,99.3 1 0
github.com/linuxdeepin/lastore-daemon/src/lastore-daemon/manager_ifc.go:100.2,100.30 1 0
github.com/linuxdeepin/lastore-daemon/src/lastore-daemon/manager_ifc.go:104.22,108.56 3 0
github.com/linuxdeepin/lastore-daemon/src/lastore-daemon/manager_ifc.go:108.56,110.3 1 0
github.com/linuxdeepin/lastore-daemon/src/lastore-daemon/manager_ifc.go:112.2,113.16 2 0
github.com/linuxdeepin/lastore-daemon/src/lastore-daemon/manager_ifc.go:113.16,116.3 2 0
github.com/linuxdeepin/lastore-daemon/src/lastore-daemon/manager_ifc.go:118.2,118.30 1 0
github.com/linuxdeepin/lastore-daemon/src/lastore-daemon/manager_ifc.go:121.100,123.56 2 0
github.com/linuxdeepin/lastore-daemon/src/lastore-daemon/manager_ifc.go:123.56,125.3 1 0
github.com/linuxdeepin/lastore-daemon/src/lastore-daemon/manager_ifc.go:126.2,126.49 1 0
github.com/linuxdeepin/lastore-daemon/src/lastore-daemon/manager_ifc.go:129.111,131.56 2 0
github.com/linuxdeepin/lastore-daemon/src/lastore-daemon/manager_ifc.go:131.56,133.3 1 0
github.com/linuxdeepin/lastore-daemon/src/lastore-daemon/manager_ifc.go:134.2,134.51 1 0
github.com/linuxdeepin/lastore-daemon/src/lastore-daemon/manager_ifc.go:137.123,138.56 1 0
github.com/linuxdeepin/lastore-daemon/src/lastore-daemon/manager_ifc.go:138.56,140.3 1 0
github.com/linuxdeepin/lastore-daemon/src/lastore-daemon/manager_ifc.go:141.2,142.41 2 0
github.com/linuxdeepin/lastore-daemon/src/lastore-daemon/manager_ifc.go:142.41,144.3 1 0
github.com/linuxdeepin/lastore-daemon/src/lastore-daemon/manager_ifc.go:146.2,146.43 1 0
github.com/linuxdeepin/lastore-daemon/src/lastore-daemon/manager_ifc.go:146.43,148.3 1 0
github.com/linuxdeepin/lastore-daemon/src/lastore-daemon/manager_ifc.go:150.2,150.19 1 0
github.com/linuxdeepin/lastore-daemon/src/lastore-daemon/manager_ifc.go:150.19,152.3 1 0
github.com/linuxdeepin/lastore-daemon/src/lastore-daemon/manager_ifc.go:154.2,155.16 2 0
github.com/linuxdeepin/lastore-daemon/src/lastore-daemon/manager_ifc.go:155.16,157.3 1 0
github.com/linuxdeepin/lastore-daemon/src/lastore-daemon/manager_ifc.go:159.2,159.26 1 0
github.com/linuxdeepin/lastore-daemon/src/lastore-daemon/manager_ifc.go:171.94,172.56 1 0
github.com/linuxdeepin/lastore-daemon/src/lastore-daemon/manager_ifc.go:172.56,174.3 1 0
github.com/linuxdeepin/lastore-daemon/src/lastore-daemon/manager_ifc.go:175.2,175.52 1 0
github.com/linuxdeepin/lastore-daemon/src/lastore-daemon/manager_ifc.go:178.92,180.56 2 0
github.com/linuxdeepin/lastore-daemon/src/lastore-daemon/manager_ifc.go:180.56,182.3 1 0
github.com/linuxdeepin/lastore-daemon/src/lastore-daemon/manager_ifc.go:183.2,189.43 7 0
github.com/linuxdeepin/lastore-daemon/src/lastore-daemon/manager_ifc.go:189.43,191.17 2 0
github.com/linuxdeepin/lastore-daemon/src/lastore-daemon/manager_ifc.go:191.17,193.4 1 0
github.com/linuxdeepin/lastore-daemon/src/lastore-daemon/manager_ifc.go:194.8,197.3 1 0
github.com/linuxdeepin/lastore-daemon/src/lastore-daemon/manager_ifc.go:198.2,198.56 1 0
github.com/linuxdeepin/lastore-daemon/src/lastore-daemon/manager_ifc.go:198.56,200.3 1 0
github.com/linuxdeepin/lastore-daemon/src/lastore-daemon/manager_ifc.go:202.2,202.53 1 0
github.com/linuxdeepin/lastore-daemon/src/lastore-daemon/manager_ifc.go:205.100,207.56 2 0
github.com/linuxdeepin/lastore-daemon/src/lastore-daemon/manager_ifc.go:207.56,209.3 1 0
github.com/linuxdeepin/lastore-daemon/src/lastore-daemon/manager_ifc.go:210.2,216.43 7 0
github.com/linuxdeepin/lastore-daemon/src/lastore-daemon/manager_ifc.go:216.43,218.17 2 0
github.com/linuxdeepin/lastore-daemon/src/lastore-daemon/manager_ifc.go:218.17,220.4 1 0
github.com/linuxdeepin/lastore-daemon/src/lastore-daemon/manager_ifc.go:221.8,224.3 1 0
github.com/linuxdeepin/lastore-daemon/src/lastore-daemon/manager_ifc.go:225.2,225.46 1 0
github.com/linuxdeepin/lastore-daemon/src/lastore-daemon/manager_ifc.go:225.46,227.3 1 0
github.com/linuxdeepin/lastore-daemon/src/lastore-daemon/manager_ifc.go:229.2,229.86 1 0
github.com/linuxdeepin/lastore-daemon/src/lastore-daemon/manager_ifc.go:229.86,231.3 1 0
github.com/linuxdeepin/lastore-daemon/src/lastore-daemon/manager_ifc.go:233.2,233.43 1 0
github.com/linuxdeepin/lastore-daemon/src/lastore-daemon/manager_ifc.go:236.74,238.56 2 0
github.com/linuxdeepin/lastore-daemon/src/lastore-daemon/manager_ifc.go:238.56,240.3 1 0
github.com/linuxdeepin/lastore-daemon/src/lastore-daemon/manager_ifc.go:241.2,245.16 4 0
github.com/linuxdeepin/lastore-daemon/src/lastore-daemon/manager_ifc.go:245.16,247.3 1 0
github.com/linuxdeepin/lastore-daemon/src/lastore-daemon/manager_ifc.go:248.2,248.30 1 0
github.com/linuxdeepin/lastore-daemon/src/lastore-daemon/manager_ifc.go:251.87,254.16 3 0
github.com/linuxdeepin/lastore-daemon/src/lastore-daemon/manager_ifc.go:254.16,257.3 2 0
github.com/linuxdeepin/lastore-daemon/src/lastore-daemon/manager_ifc.go:258.2,262.16 4 0
github.com/linuxdeepin/lastore-daemon/src/lastore-daemon/manager_ifc.go:262.16,265.3 2 0
github.com/linuxdeepin/lastore-daemon/src/lastore-daemon/manager_ifc.go:266.2,269.16 3 0
github.com/linuxdeepin/lastore-daemon/src/lastore-daemon/manager_ifc.go:269.16,272.3 2 0
github.com/linuxdeepin/lastore-daemon/src/lastore-daemon/manager_ifc.go:274.2,277.16 4 0
github.com/linuxdeepin/lastore-daemon/src/lastore-daemon/manager_ifc.go:277.16,279.3 1 0
github.com/linuxdeepin/lastore-daemon/src/lastore-daemon/manager_ifc.go:279.8,282.3 2 0
github.com/linuxdeepin/lastore-daemon/src/lastore-daemon/manager_ifc.go:284.2,284.40 1 0
github.com/linuxdeepin/lastore-daemon/src/lastore-daemon/manager_ifc.go:284.40,285.24 1 0
github.com/linuxdeepin/lastore-daemon/src/lastore-daemon/manager_ifc.go:285.24,287.18 2 0
github.com/linuxdeepin/lastore-daemon/src/lastore-daemon/manager_ifc.go:287.18,289.13 2 0
github.com/linuxdeepin/lastore-daemon/src/lastore-daemon/manager_ifc.go:291.4,292.18 2 0
github.com/linuxdeepin/lastore-daemon/src/lastore-daemon/manager_ifc.go:292.18,294.5 1 0
github.com/linuxdeepin/lastore-daemon/src/lastore-daemon/manager_ifc.go:298.2,299.16 2 0
github.com/linuxdeepin/lastore-daemon/src/lastore-daemon/manager_ifc.go:299.16,302.3 2 0
github.com/linuxdeepin/lastore-daemon/src/lastore-daemon/manager_ifc.go:303.2,305.12 3 0
github.com/linuxdeepin/lastore-daemon/src/lastore-daemon/manager_ifc.go:309.22,314.16 3 0
github.com/linuxdeepin/lastore-daemon/src/lastore-daemon/manager_ifc.go:314.16,316.3 1 0
github.com/linuxdeepin/lastore-daemon/src/lastore-daemon/manager_ifc.go:318.2,319.16 2 0
github.com/linuxdeepin/lastore-daemon/src/lastore-daemon/manager_ifc.go:319.16,321.3 1 0
github.com/linuxdeepin/lastore-daemon/src/lastore-daemon/manager_ifc.go:322.2,322.30 1 0
github.com/linuxdeepin/lastore-daemon/src/lastore-daemon/manager_ifc.go:325.77,327.56 2 0
github.com/linuxdeepin/lastore-daemon/src/lastore-daemon/manager_ifc.go:327.56,329.3 1 0
github.com/linuxdeepin/lastore-daemon/src/lastore-daemon/manager_ifc.go:330.2,330.27 1 0
github.com/linuxdeepin/lastore-daemon/src/lastore-daemon/manager_ifc.go:330.27,332.3 1 0
github.com/linuxdeepin/lastore-daemon/src/lastore-daemon/manager_ifc.go:335.2,336.16 2 0
github.com/linuxdeepin/lastore-daemon/src/lastore-daemon/manager_ifc.go:336.16,338.3 1 0
github.com/linuxdeepin/lastore-daemon/src/lastore-daemon/manager_ifc.go:340.2,342.16 3 0
github.com/linuxdeepin/lastore-daemon/src/lastore-daemon/manager_ifc.go:342.16,344.3 1 0
github.com/linuxdeepin/lastore-daemon/src/lastore-daemon/manager_ifc.go:345.2,345.12 1 0
github.com/linuxdeepin/lastore-daemon/src/lastore-daemon/manager_ifc.go:348.74,350.56 2 0
github.com/linuxdeepin/lastore-daemon/src/lastore-daemon/manager_ifc.go:350.56,352.3 1 0
github.com/linuxdeepin/lastore-daemon/src/lastore-daemon/manager_ifc.go:353.2,357.16 4 0
github.com/linuxdeepin/lastore-daemon/src/lastore-daemon/manager_ifc.go:357.16,360.3 2 0
github.com/linuxdeepin/lastore-daemon/src/lastore-daemon/manager_ifc.go:361.2,361.12 1 0
github.com/linuxdeepin/lastore-daemon/src/lastore-daemon/manager_ifc.go:364.89,366.16 2 0
github.com/linuxdeepin/lastore-daemon/src/lastore-daemon/manager_ifc.go:366.16,369.3 2 0
github.com/linuxdeepin/lastore-daemon/src/lastore-daemon/manager_ifc.go:371.2,372.16 2 0
github.com/linuxdeepin/lastore-daemon/src/lastore-daemon/manager_ifc.go:372.16,375.3 2 0
github.com/linuxdeepin/lastore-daemon/src/lastore-daemon/manager_ifc.go:376.2,377.12 2 0
github.com/linuxdeepin/lastore-daemon/src/lastore-daemon/manager_ifc.go:380.94,384.16 3 0
github.com/linuxdeepin/lastore-daemon/src/lastore-daemon/manager_ifc.go:384.16,386.3 1 0
github.com/linuxdeepin/lastore-daemon/src/lastore-daemon/manager_ifc.go:388.2,389.16 2 0
github.com/linuxdeepin/lastore-daemon/src/lastore-daemon/manager_ifc.go:389.16,392.3 2 0
github.com/linuxdeepin/lastore-daemon/src/lastore-daemon/manager_ifc.go:394.2,394.30 1 0
github.com/linuxdeepin/lastore-daemon/src/lastore-daemon/manager_ifc.go:397.140,402.16 3 0
github.com/linuxdeepin/lastore-daemon/src/lastore-daemon/manager_ifc.go:402.16,404.3 1 0
github.com/linuxdeepin/lastore-daemon/src/lastore-daemon/manager_ifc.go:406.2,406.54 1 0
github.com/linuxdeepin/lastore-daemon/src/lastore-daemon/manager_ifc.go:418.91,424.16 3 0
github.com/linuxdeepin/lastore-daemon/src/lastore-daemon/manager_ifc.go:424.16,426.3 1 0
github.com/linuxdeepin/lastore-daemon/src/lastore-daemon/manager_ifc.go:427.2,429.19 2 0
github.com/linuxdeepin/lastore-daemon/src/lastore-daemon/manager_ifc.go:429.19,432.17 3 0
github.com/linuxdeepin/lastore-daemon/src/lastore-daemon/manager_ifc.go:432.17,435.4 2 0
github.com/linuxdeepin/lastore-daemon/src/lastore-daemon/manager_ifc.go:437.3,442.17 6 0
github.com/linuxdeepin/lastore-daemon/src/lastore-daemon/manager_ifc.go:442.17,445.4 2 0
github.com/linuxdeepin/lastore-daemon/src/lastore-daemon/manager_ifc.go:446.3,447.17 2 0
github.com/linuxdeepin/lastore-daemon/src/lastore-daemon/manager_ifc.go:447.17,450.4 2 0
github.com/linuxdeepin/lastore-daemon/src/lastore-daemon/manager_ifc.go:451.3,452.51 2 0
github.com/linuxdeepin/lastore-daemon/src/lastore-daemon/manager_ifc.go:452.51,457.4 4 0
github.com/linuxdeepin/lastore-daemon/src/lastore-daemon/manager_ifc.go:458.3,460.49 2 0
github.com/linuxdeepin/lastore-daemon/src/lastore-daemon/manager_ifc.go:460.49,464.4 3 0
github.com/linuxdeepin/lastore-daemon/src/lastore-daemon/manager_ifc.go:465.3,465.64 1 0
github.com/linuxdeepin/lastore-daemon/src/lastore-daemon/manager_ifc.go:465.64,469.4 3 0
github.com/linuxdeepin/lastore-daemon/src/lastore-daemon/manager_ifc.go:472.2,472.28 1 0
github.com/linuxdeepin/lastore-daemon/src/lastore-daemon/manager_ifc.go:472.28,474.17 2 0
github.com/linuxdeepin/lastore-daemon/src/lastore-daemon/manager_ifc.go:474.17,477.4 2 0
github.com/linuxdeepin/lastore-daemon/src/lastore-daemon/manager_ifc.go:478.3,479.17 2 0
github.com/linuxdeepin/lastore-daemon/src/lastore-daemon/manager_ifc.go:479.17,482.4 2 0
github.com/linuxdeepin/lastore-daemon/src/lastore-daemon/manager_ifc.go:483.3,484.17 2 0
github.com/linuxdeepin/lastore-daemon/src/lastore-daemon/manager_ifc.go:484.17,487.4 2 0
github.com/linuxdeepin/lastore-daemon/src/lastore-daemon/manager_ifc.go:488.3,489.17 2 0
github.com/linuxdeepin/lastore-daemon/src/lastore-daemon/manager_ifc.go:489.17,492.4 2 0
github.com/linuxdeepin/lastore-daemon/src/lastore-daemon/manager_ifc.go:493.3,494.17 2 0
github.com/linuxdeepin/lastore-daemon/src/lastore-daemon/manager_ifc.go:494.17,497.4 2 0
github.com/linuxdeepin/lastore-daemon/src/lastore-daemon/manager_ifc.go:498.3,499.17 2 0
github.com/linuxdeepin/lastore-daemon/src/lastore-daemon/manager_ifc.go:499.17,502.4 2 0
github.com/linuxdeepin/lastore-daemon/src/lastore-daemon/manager_ifc.go:502.9,505.4 2 0
github.com/linuxdeepin/lastore-daemon/src/lastore-daemon/manager_ifc.go:507.2,508.16 2 0
github.com/linuxdeepin/lastore-daemon/src/lastore-daemon/manager_ifc.go:508.16,511.17 2 0
github.com/linuxdeepin/lastore-daemon/src/lastore-daemon/manager_ifc.go:511.17,514.4 2 0
github.com/linuxdeepin/lastore-daemon/src/lastore-daemon/manager_ifc.go:515.3,515.45 1 0
github.com/linuxdeepin/lastore-daemon/src/lastore-daemon/manager_ifc.go:517.2,517.12 1 0
github.com/linuxdeepin/lastore-daemon/src/lastore-daemon/manager_ifc.go:520.107,521.56 1 0
github.com/linuxdeepin/lastore-daemon/src/lastore-daemon/manager_ifc.go:521.56,523.3 1 0
github.com/linuxdeepin/lastore-daemon/src/lastore-daemon/manager_ifc.go:524.2,525.50 2 0
github.com/linuxdeepin/lastore-daemon/src/lastore-daemon/manager_ifc.go:525.50,527.20 2 0
github.com/linuxdeepin/lastore-daemon/src/lastore-daemon/manager_ifc.go:527.20,530.4 2 0
github.com/linuxdeepin/lastore-daemon/src/lastore-daemon/manager_ifc.go:532.2,533.35 2 0
github.com/linuxdeepin/lastore-daemon/src/lastore-daemon/manager_ifc.go:533.35,535.3 1 0
github.com/linuxdeepin/lastore-daemon/src/lastore-daemon/manager_ifc.go:536.2,537.49 2 0
github.com/linuxdeepin/lastore-daemon/src/lastore-daemon/manager_ifc.go:537.49,539.3 1 0
github.com/linuxdeepin/lastore-daemon/src/lastore-daemon/manager_ifc.go:539.8,541.3 1 0
github.com/linuxdeepin/lastore-daemon/src/lastore-daemon/manager_ifc.go:543.2,543.46 1 0
github.com/linuxdeepin/lastore-daemon/src/lastore-daemon/manager_ifc.go:546.130,551.16 3 0
github.com/linuxdeepin/lastore-daemon/src/lastore-daemon/manager_ifc.go:551.16,553.3 1 0
github.com/linuxdeepin/lastore-daemon/src/lastore-daemon/manager_ifc.go:555.2,556.16 2 0
github.com/linuxdeepin/lastore-daemon/src/lastore-daemon/manager_ifc.go:556.16,559.3 2 0
github.com/linuxdeepin/lastore-daemon/src/lastore-daemon/manager_ifc.go:560.2,560.30 1 0
github.com/linuxdeepin/lastore-daemon/src/lastore-daemon/manager_ifc.go:563.142,565.56 2 0
github.com/linuxdeepin/lastore-daemon/src/lastore-daemon/manager_ifc.go:565.56,567.3 1 0
github.com/linuxdeepin/lastore-daemon/src/lastore-daemon/manager_ifc.go:568.2,569.16 2 0
github.com/linuxdeepin/lastore-daemon/src/lastore-daemon/manager_ifc.go:569.16,572.3 2 0
github.com/linuxdeepin/lastore-daemon/src/lastore-daemon/manager_ifc.go:573.2,574.17 2 0
github.com/linuxdeepin/lastore-daemon/src/lastore-daemon/manager_ifc.go:577.73,578.56 1 0
github.com/linuxdeepin/lastore-daemon/src/lastore-daemon/manager_ifc.go:578.56,580.3 1 0
github.com/linuxdeepin/lastore-daemon/src/lastore-daemon/manager_ifc.go:581.2,584.12 2 0
github.com/linuxdeepin/lastore-daemon/src/lastore-daemon/manager_ifc.go:584.12,586.3 1 0
github.com/linuxdeepin/lastore-daemon/src/lastore-daemon/manager_ifc.go:587.2,592.16 6 0
github.com/linuxdeepin/lastore-daemon/src/lastore-daemon/manager_ifc.go:592.16,596.3 3 0
github.com/linuxdeepin/lastore-daemon/src/lastore-daemon/manager_ifc.go:597.2,597.12 1 0
github.com/linuxdeepin/lastore-daemon/src/lastore-daemon/manager_ifc.go:601.159,604.16 2 0
github.com/linuxdeepin/lastore-daemon/src/lastore-daemon/manager_ifc.go:604.16,606.3 1 0
github.com/linuxdeepin/lastore-daemon/src/lastore-daemon/manager_ifc.go:609.2,610.16 2 0
github.com/linuxdeepin/lastore-daemon/src/lastore-daemon/manager_ifc.go:610.16,612.3 1 0
github.com/linuxdeepin/lastore-daemon/src/lastore-daemon/manager_ifc.go:614.2,614.25 1 0
github.com/linuxdeepin/lastore-daemon/src/lastore-daemon/manager_ifc.go:614.25,616.3 1 0
github.com/linuxdeepin/lastore-daemon/src/lastore-daemon/manager_ifc.go:617.2,617.35 1 0
github.com/linuxdeepin/lastore-daemon/src/lastore-daemon/manager_ifc.go:617.35,618.27 1 0
github.com/linuxdeepin/lastore-daemon/src/lastore-daemon/manager_ifc.go:618.27,621.4 2 0
github.com/linuxdeepin/lastore-daemon/src/lastore-daemon/manager_ifc.go:623.3,624.17 2 0
github.com/linuxdeepin/lastore-daemon/src/lastore-daemon/manager_ifc.go:624.17,626.4 1 0
github.com/linuxdeepin/lastore-daemon/src/lastore-daemon/manager_ifc.go:626.9,631.18 5 0
github.com/linuxdeepin/lastore-daemon/src/lastore-daemon/manager_ifc.go:631.18,633.5 1 0
github.com/linuxdeepin/lastore-daemon/src/lastore-daemon/manager_ifc.go:633.10,636.19 2 0
github.com/linuxdeepin/lastore-daemon/src/lastore-daemon/manager_ifc.go:636.19,639.6 2 0
github.com/linuxdeepin/lastore-daemon/src/lastore-daemon/manager_ifc.go:644.2,644.20 1 0
github.com/linuxdeepin/lastore-daemon/src/lastore-daemon/manager_ifc.go:645.27,647.17 2 0
github.com/linuxdeepin/lastore-daemon/src/lastore-daemon/manager_ifc.go:647.17,650.4 2 0
github.com/linuxdeepin/lastore-daemon/src/lastore-daemon/manager_ifc.go:651.3,651.36 1 0
github.com/linuxdeepin/lastore-daemon/src/lastore-daemon/manager_ifc.go:651.36,652.15 1 0
github.com/linuxdeepin/lastore-daemon/src/lastore-daemon/manager_ifc.go:652.15,654.5 1 0
github.com/linuxdeepin/lastore-daemon/src/lastore-daemon/manager_ifc.go:654.10,656.5 1 0
github.com/linuxdeepin/lastore-daemon/src/lastore-daemon/manager_ifc.go:657.4,657.18 1 0
github.com/linuxdeepin/lastore-daemon/src/lastore-daemon/manager_ifc.go:657.18,660.5 2 0
github.com/linuxdeepin/lastore-daemon/src/lastore-daemon/manager_ifc.go:662.29,664.17 2 0
github.com/linuxdeepin/lastore-daemon/src/lastore-daemon/manager_ifc.go:664.17,667.4 2 0
github.com/linuxdeepin/lastore-daemon/src/lastore-daemon/manager_ifc.go:668.3,669.36 2 0
github.com/linuxdeepin/lastore-daemon/src/lastore-daemon/manager_ifc.go:669.36,670.15 1 0
github.com/linuxdeepin/lastore-daemon/src/lastore-daemon/manager_ifc.go:670.15,672.5 1 0
github.com/linuxdeepin/lastore-daemon/src/lastore-daemon/manager_ifc.go:672.10,674.5 1 0
github.com/linuxdeepin/lastore-daemon/src/lastore-daemon/manager_ifc.go:675.4,675.18 1 0
github.com/linuxdeepin/lastore-daemon/src/lastore-daemon/manager_ifc.go:675.18,678.5 2 0
github.com/linuxdeepin/lastore-daemon/src/lastore-daemon/manager_ifc.go:680.10,681.97 1 0
github.com/linuxdeepin/lastore-daemon/src/lastore-daemon/manager_ifc.go:683.2,684.12 2 0
github.com/linuxdeepin/lastore-daemon/src/lastore-daemon/manager_ifc.go:687.81,689.16 2 0
github.com/linuxdeepin/lastore-daemon/src/lastore-daemon/manager_ifc.go:689.16,691.3 1 0
github.com/linuxdeepin/lastore-daemon/src/lastore-daemon/manager_ifc.go:693.2,693.13 1 0
github.com/linuxdeepin/lastore-daemon/src/lastore-daemon/manager_ifc.go:693.13,696.17 3 0
github.com/linuxdeepin/lastore-daemon/src/lastore-daemon/manager_ifc.go:696.17,698.4 1 0
github.com/linuxdeepin/lastore-daemon/src/lastore-daemon/manager_ifc.go:700.3,700.17 1 0
github.com/linuxdeepin/lastore-daemon/src/lastore-daemon/manager_ifc.go:700.17,702.18 2 0
github.com/linuxdeepin/lastore-daemon/src/lastore-daemon/manager_ifc.go:702.18,704.5 1 0
github.com/linuxdeepin/lastore-daemon/src/lastore-daemon/manager_ifc.go:706.8,708.3 1 0
github.com/linuxdeepin/lastore-daemon/src/lastore-daemon/manager_ifc.go:709.2,709.12 1 0
github.com/linuxdeepin/lastore-daemon/src/lastore-daemon/manager_ifc.go:712.79,713.56 1 0
github.com/linuxdeepin/lastore-daemon/src/lastore-daemon/manager_ifc.go:713.56,715.3 1 0
github.com/linuxdeepin/lastore-daemon/src/lastore-daemon/manager_ifc.go:716.2,717.23 2 0
github.com/linuxdeepin/lastore-daemon/src/lastore-daemon/manager_ifc.go:720.108,722.56 2 0
github.com/linuxdeepin/lastore-daemon/src/lastore-daemon/manager_ifc.go:722.56,724.3 1 0
github.com/linuxdeepin/lastore-daemon/src/lastore-daemon/manager_ifc.go:725.2,726.14 2 0
github.com/linuxdeepin/lastore-daemon/src/lastore-daemon/manager_ifc.go:726.14,730.3 3 0
github.com/linuxdeepin/lastore-daemon/src/lastore-daemon/manager_ifc.go:730.8,734.17 3 0
github.com/linuxdeepin/lastore-daemon/src/lastore-daemon/manager_ifc.go:734.17,737.4 2 0
github.com/linuxdeepin/lastore-daemon/src/lastore-daemon/manager_ifc.go:738.3,741.17 3 0
github.com/linuxdeepin/lastore-daemon/src/lastore-daemon/manager_ifc.go:741.17,744.4 2 0
github.com/linuxdeepin/lastore-daemon/src/lastore-daemon/manager_ifc.go:746.2,746.12 1 0
github.com/linuxdeepin/lastore-daemon/src/lastore-daemon/manager_ifc.go:749.65,753.16 4 1
github.com/linuxdeepin/lastore-daemon/src/lastore-daemon/manager_ifc.go:753.16,756.3 2 1
github.com/linuxdeepin/lastore-daemon/src/lastore-daemon/manager_ifc.go:757.2,758.12 2 1
github.com/linuxdeepin/lastore-daemon/src/lastore-daemon/manager_unit.go:37.25,39.2 1 1
github.com/linuxdeepin/lastore-daemon/src/lastore-daemon/manager_unit.go:93.60,97.83 2 0
github.com/linuxdeepin/lastore-daemon/src/lastore-daemon/manager_unit.go:97.83,99.3 1 0
github.com/linuxdeepin/lastore-daemon/src/lastore-daemon/manager_unit.go:100.2,101.95 2 0
github.com/linuxdeepin/lastore-daemon/src/lastore-daemon/manager_unit.go:101.95,104.3 1 0
github.com/linuxdeepin/lastore-daemon/src/lastore-daemon/manager_unit.go:105.2,115.68 4 0
github.com/linuxdeepin/lastore-daemon/src/lastore-daemon/manager_unit.go:115.68,118.3 1 0
github.com/linuxdeepin/lastore-daemon/src/lastore-daemon/manager_unit.go:121.2,121.58 1 0
github.com/linuxdeepin/lastore-daemon/src/lastore-daemon/manager_unit.go:121.58,125.3 1 0
github.com/linuxdeepin/lastore-daemon/src/lastore-daemon/manager_unit.go:126.2,127.16 2 0
github.com/linuxdeepin/lastore-daemon/src/lastore-daemon/manager_unit.go:127.16,130.33 3 0
github.com/linuxdeepin/lastore-daemon/src/lastore-daemon/manager_unit.go:130.33,132.4 1 0
github.com/linuxdeepin/lastore-daemon/src/lastore-daemon/manager_unit.go:134.3,134.30 1 0
github.com/linuxdeepin/lastore-daemon/src/lastore-daemon/manager_unit.go:134.30,137.4 1 0
github.com/linuxdeepin/lastore-daemon/src/lastore-daemon/manager_unit.go:137.9,140.4 1 0
github.com/linuxdeepin/lastore-daemon/src/lastore-daemon/manager_unit.go:142.2,142.29 1 0
github.com/linuxdeepin/lastore-daemon/src/lastore-daemon/manager_unit.go:142.29,149.3 1 0
github.com/linuxdeepin/lastore-daemon/src/lastore-daemon/manager_unit.go:151.2,151.16 1 0
github.com/linuxdeepin/lastore-daemon/src/lastore-daemon/manager_unit.go:155.38,159.20 3 0
github.com/linuxdeepin/lastore-daemon/src/lastore-daemon/manager_unit.go:159.20,161.3 1 0
github.com/linuxdeepin/lastore-daemon/src/lastore-daemon/manager_unit.go:162.2,163.57 2 0
github.com/linuxdeepin/lastore-daemon/src/lastore-daemon/manager_unit.go:163.57,172.17 9 0
github.com/linuxdeepin/lastore-daemon/src/lastore-daemon/manager_unit.go:172.17,175.12 3 0
github.com/linuxdeepin/lastore-daemon/src/lastore-daemon/manager_unit.go:177.3,177.71 1 0
github.com/linuxdeepin/lastore-daemon/src/lastore-daemon/manager_unit.go:180.2,181.16 2 0
github.com/linuxdeepin/lastore-daemon/src/lastore-daemon/manager_unit.go:181.16,183.3 1 0
github.com/linuxdeepin/lastore-daemon/src/lastore-daemon/manager_unit.go:187.42,193.16 5 1
github.com/linuxdeepin/lastore-daemon/src/lastore-daemon/manager_unit.go:193.16,196.3 2 0
github.com/linuxdeepin/lastore-daemon/src/lastore-daemon/manager_unit.go:197.2,199.16 3 1
github.com/linuxdeepin/lastore-daemon/src/lastore-daemon/manager_unit.go:199.16,201.3 1 0
github.com/linuxdeepin/lastore-daemon/src/lastore-daemon/manager_unit.go:205.42,211.16 5 1
github.com/linuxdeepin/lastore-daemon/src/lastore-daemon/manager_unit.go:211.16,214.3 2 0
github.com/linuxdeepin/lastore-daemon/src/lastore-daemon/manager_unit.go:215.2,216.16 2 1
github.com/linuxdeepin/lastore-daemon/src/lastore-daemon/manager_unit.go:216.16,220.29 4 1
github.com/linuxdeepin/lastore-daemon/src/lastore-daemon/manager_unit.go:220.29,222.4 1 0
github.com/linuxdeepin/lastore-daemon/src/lastore-daemon/manager_unit.go:223.8,225.3 1 0
github.com/linuxdeepin/lastore-daemon/src/lastore-daemon/manager_unit.go:229.53,230.29 1 0
github.com/linuxdeepin/lastore-daemon/src/lastore-daemon/manager_unit.go:230.29,235.3 3 0
github.com/linuxdeepin/lastore-daemon/src/lastore-daemon/manager_unit.go:236.2,236.44 1 0
github.com/linuxdeepin/lastore-daemon/src/lastore-daemon/manager_unit.go:239.58,242.16 3 0
github.com/linuxdeepin/lastore-daemon/src/lastore-daemon/manager_unit.go:242.16,244.17 2 0
github.com/linuxdeepin/lastore-daemon/src/lastore-daemon/manager_unit.go:244.17,247.4 2 0
github.com/linuxdeepin/lastore-daemon/src/lastore-daemon/manager_unit.go:248.8,250.3 1 0
github.com/linuxdeepin/lastore-daemon/src/lastore-daemon/manager_unit.go:251.2,251.12 1 0
github.com/linuxdeepin/lastore-daemon/src/lastore-daemon/manager_unit.go:255.60,258.16 3 0
github.com/linuxdeepin/lastore-daemon/src/lastore-daemon/manager_unit.go:258.16,260.17 2 0
github.com/linuxdeepin/lastore-daemon/src/lastore-daemon/manager_unit.go:260.17,262.4 1 0
github.com/linuxdeepin/lastore-daemon/src/lastore-daemon/manager_unit.go:264.2,267.8 4 0
github.com/linuxdeepin/lastore-daemon/src/lastore-daemon/manager_unit.go:267.8,273.17 6 0
github.com/linuxdeepin/lastore-daemon/src/lastore-daemon/manager_unit.go:273.17,277.4 3 0
github.com/linuxdeepin/lastore-daemon/src/lastore-daemon/manager_unit.go:278.3,278.29 1 0
github.com/linuxdeepin/lastore-daemon/src/lastore-daemon/manager_unit.go:280.2,280.12 1 0
github.com/linuxdeepin/lastore-daemon/src/lastore-daemon/manager_unit.go:283.40,284.29 1 0
github.com/linuxdeepin/lastore-daemon/src/lastore-daemon/manager_unit.go:284.29,287.3 2 0
github.com/linuxdeepin/lastore-daemon/src/lastore-daemon/manager_unit.go:289.2,291.16 3 0
github.com/linuxdeepin/lastore-daemon/src/lastore-daemon/manager_unit.go:291.16,293.3 1 0
github.com/linuxdeepin/lastore-daemon/src/lastore-daemon/manager_unit.go:296.45,297.29 1 0
github.com/linuxdeepin/lastore-daemon/src/lastore-daemon/manager_unit.go:297.29,300.3 2 0
github.com/linuxdeepin/lastore-daemon/src/lastore-daemon/manager_unit.go:302.2,303.16 2 0
github.com/linuxdeepin/lastore-daemon/src/lastore-daemon/manager_unit.go:303.16,306.3 1 0
github.com/linuxdeepin/lastore-daemon/src/lastore-daemon/manager_unit.go:308.2,308.36 1 0
github.com/linuxdeepin/lastore-daemon/src/lastore-daemon/manager_unit.go:308.36,311.3 2 0
github.com/linuxdeepin/lastore-daemon/src/lastore-daemon/manager_unit.go:313.2,315.16 3 0
github.com/linuxdeepin/lastore-daemon/src/lastore-daemon/manager_unit.go:315.16,317.3 1 0
github.com/linuxdeepin/lastore-daemon/src/lastore-daemon/manager_unit.go:320.54,323.30 3 1
github.com/linuxdeepin/lastore-daemon/src/lastore-daemon/manager_unit.go:323.30,326.3 1 1
github.com/linuxdeepin/lastore-daemon/src/lastore-daemon/manager_unit.go:328.2,328.17 1 1
github.com/linuxdeepin/lastore-daemon/src/lastore-daemon/manager_unit.go:331.47,332.29 1 0
github.com/linuxdeepin/lastore-daemon/src/lastore-daemon/manager_unit.go:332.29,333.33 1 0
github.com/linuxdeepin/lastore-daemon/src/lastore-daemon/manager_unit.go:333.33,336.4 2 0
github.com/linuxdeepin/lastore-daemon/src/lastore-daemon/manager_unit.go:336.9,338.25 2 0
github.com/linuxdeepin/lastore-daemon/src/lastore-daemon/manager_unit.go:338.25,340.5 1 0
github.com/linuxdeepin/lastore-daemon/src/lastore-daemon/manager_unit.go:341.4,341.45 1 0
github.com/linuxdeepin/lastore-daemon/src/lastore-daemon/manager_unit.go:343.8,346.3 2 0
github.com/linuxdeepin/lastore-daemon/src/lastore-daemon/manager_unit.go:350.81,353.35 1 1
github.com/linuxdeepin/lastore-daemon/src/lastore-daemon/manager_unit.go:353.35,355.3 1 1
github.com/linuxdeepin/lastore-daemon/src/lastore-daemon/manager_unit.go:358.2,358.14 1 1
github.com/linuxdeepin/lastore-daemon/src/lastore-daemon/manager_unit.go:358.14,360.3 1 1
github.com/linuxdeepin/lastore-daemon/src/lastore-daemon/manager_unit.go:363.2,363.57 1 1
github.com/linuxdeepin/lastore-daemon/src/lastore-daemon/manager_unit.go:363.57,364.97 1 1
github.com/linuxdeepin/lastore-daemon/src/lastore-daemon/manager_unit.go:364.97,366.4 1 0
github.com/linuxdeepin/lastore-daemon/src/lastore-daemon/manager_unit.go:369.2,369.14 1 1
github.com/linuxdeepin/lastore-daemon/src/lastore-daemon/manager_unit.go:372.84,374.16 2 0
github.com/linuxdeepin/lastore-daemon/src/lastore-daemon/manager_unit.go:374.16,377.3 2 0
github.com/linuxdeepin/lastore-daemon/src/lastore-daemon/manager_unit.go:379.2,380.49 2 0
github.com/linuxdeepin/lastore-daemon/src/lastore-daemon/manager_unit.go:380.49,384.3 3 0
github.com/linuxdeepin/lastore-daemon/src/lastore-daemon/manager_unit.go:386.2,387.16 2 0
github.com/linuxdeepin/lastore-daemon/src/lastore-daemon/manager_unit.go:388.26,389.13 1 0
github.com/linuxdeepin/lastore-daemon/src/lastore-daemon/manager_unit.go:389.13,391.18 2 0
github.com/linuxdeepin/lastore-daemon/src/lastore-daemon/manager_unit.go:391.18,393.5 1 0
github.com/linuxdeepin/lastore-daemon/src/lastore-daemon/manager_unit.go:395.17,396.13 1 0
github.com/linuxdeepin/lastore-daemon/src/lastore-daemon/manager_unit.go:396.13,398.18 2 0
github.com/linuxdeepin/lastore-daemon/src/lastore-daemon/manager_unit.go:398.18,400.5 1 0
github.com/linuxdeepin/lastore-daemon/src/lastore-daemon/manager_unit.go:402.17,403.13 1 0
github.com/linuxdeepin/lastore-daemon/src/lastore-daemon/manager_unit.go:403.13,405.18 2 0
github.com/linuxdeepin/lastore-daemon/src/lastore-daemon/manager_unit.go:405.18,407.5 1 0
github.com/linuxdeepin/lastore-daemon/src/lastore-daemon/manager_unit.go:409.24,411.30 2 0
github.com/linuxdeepin/lastore-daemon/src/lastore-daemon/manager_unit.go:412.24,413.37 1 0
github.com/linuxdeepin/lastore-daemon/src/lastore-daemon/manager_unit.go:414.20,415.41 1 0
github.com/linuxdeepin/lastore-daemon/src/lastore-daemon/manager_unit.go:415.41,417.4 1 0
github.com/linuxdeepin/lastore-daemon/src/lastore-daemon/manager_unit.go:418.25,419.41 1 0
github.com/linuxdeepin/lastore-daemon/src/lastore-daemon/manager_unit.go:419.41,421.4 1 0
github.com/linuxdeepin/lastore-daemon/src/lastore-daemon/manager_unit.go:422.19,423.13 1 0
github.com/linuxdeepin/lastore-daemon/src/lastore-daemon/manager_unit.go:423.13,426.18 2 0
github.com/linuxdeepin/lastore-daemon/src/lastore-daemon/manager_unit.go:426.18,428.5 1 0
github.com/linuxdeepin/lastore-daemon/src/lastore-daemon/manager_unit.go:430.30,431.13 1 0
github.com/linuxdeepin/lastore-daemon/src/lastore-daemon/manager_unit.go:431.13,433.4 1 0
github.com/linuxdeepin/lastore-daemon/src/lastore-daemon/manager_unit.go:434.10,435.76 1 0
github.com/linuxdeepin/lastore-daemon/src/lastore-daemon/manager_unit.go:438.2,438.12 1 0
github.com/linuxdeepin/lastore-daemon/src/lastore-daemon/manager_unit.go:441.52,444.50 2 1
github.com/linuxdeepin/lastore-daemon/src/lastore-daemon/manager_unit.go:444.50,446.3 1 1
github.com/linuxdeepin/lastore-daemon/src/lastore-daemon/manager_unit.go:448.2,448.13 1 0
github.com/linuxdeepin/lastore-daemon/src/lastore-daemon/manager_update.go:34.28,41.51 2 0
github.com/linuxdeepin/lastore-daemon/src/lastore-daemon/manager_update.go:41.51,43.17 2 0
github.com/linuxdeepin/lastore-daemon/src/lastore-daemon/manager_update.go:43.17,44.12 1 0
github.com/linuxdeepin/lastore-daemon/src/lastore-daemon/manager_update.go:46.3,46.30 1 0
github.com/linuxdeepin/lastore-daemon/src/lastore-daemon/manager_update.go:46.30,48.18 2 0
github.com/linuxdeepin/lastore-daemon/src/lastore-daemon/manager_update.go:48.18,50.5 1 0
github.com/linuxdeepin/lastore-daemon/src/lastore-daemon/manager_update.go:56.63,58.16 2 0
github.com/linuxdeepin/lastore-daemon/src/lastore-daemon/manager_update.go:58.16,66.3 2 0
github.com/linuxdeepin/lastore-daemon/src/lastore-daemon/manager_update.go:67.2,68.16 2 0
github.com/linuxdeepin/lastore-daemon/src/lastore-daemon/manager_update.go:68.16,76.3 2 0
github.com/linuxdeepin/lastore-daemon/src/lastore-daemon/manager_update.go:78.2,79.34 2 0
github.com/linuxdeepin/lastore-daemon/src/lastore-daemon/manager_update.go:79.34,87.3 2 0
github.com/linuxdeepin/lastore-daemon/src/lastore-daemon/manager_update.go:89.2,90.50 2 0
github.com/linuxdeepin/lastore-daemon/src/lastore-daemon/manager_update.go:90.50,91.34 1 0
github.com/linuxdeepin/lastore-daemon/src/lastore-daemon/manager_update.go:91.34,93.12 2 0
github.com/linuxdeepin/lastore-daemon/src/lastore-daemon/manager_update.go:96.3,96.115 1 0
github.com/linuxdeepin/lastore-daemon/src/lastore-daemon/manager_update.go:96.115,98.4 1 0
github.com/linuxdeepin/lastore-daemon/src/lastore-daemon/manager_update.go:98.6,100.4 1 0
github.com/linuxdeepin/lastore-daemon/src/lastore-daemon/manager_update.go:103.2,107.37 2 0
github.com/linuxdeepin/lastore-daemon/src/lastore-daemon/manager_update.go:107.37,108.35 1 0
github.com/linuxdeepin/lastore-daemon/src/lastore-daemon/manager_update.go:108.35,110.4 1 0
github.com/linuxdeepin/lastore-daemon/src/lastore-daemon/manager_update.go:112.2,115.21 3 0
github.com/linuxdeepin/lastore-daemon/src/lastore-daemon/manager_update.go:115.21,117.3 1 0
github.com/linuxdeepin/lastore-daemon/src/lastore-daemon/manager_update.go:118.2,124.23 2 0
github.com/linuxdeepin/lastore-daemon/src/lastore-daemon/manager_update.go:129.66,132.28 3 0
github.com/linuxdeepin/lastore-daemon/src/lastore-daemon/manager_update.go:132.28,134.3 1 0
github.com/linuxdeepin/lastore-daemon/src/lastore-daemon/manager_update.go:136.2,136.29 1 0
github.com/linuxdeepin/lastore-daemon/src/lastore-daemon/manager_update.go:136.29,139.3 2 0
github.com/linuxdeepin/lastore-daemon/src/lastore-daemon/manager_update.go:141.2,141.15 1 0
github.com/linuxdeepin/lastore-daemon/src/lastore-daemon/manager_update.go:141.15,142.17 1 0
github.com/linuxdeepin/lastore-daemon/src/lastore-daemon/manager_update.go:142.17,144.19 2 0
github.com/linuxdeepin/lastore-daemon/src/lastore-daemon/manager_update.go:144.19,146.5 1 0
github.com/linuxdeepin/lastore-daemon/src/lastore-daemon/manager_update.go:148.3,148.55 1 0
github.com/linuxdeepin/lastore-daemon/src/lastore-daemon/manager_update.go:148.55,150.4 1 0
github.com/linuxdeepin/lastore-daemon/src/lastore-daemon/manager_update.go:153.2,154.16 2 0
github.com/linuxdeepin/lastore-daemon/src/lastore-daemon/manager_update.go:154.16,156.3 1 0
github.com/linuxdeepin/lastore-daemon/src/lastore-daemon/manager_update.go:158.2,162.66 3 0
github.com/linuxdeepin/lastore-daemon/src/lastore-daemon/manager_update.go:162.66,163.30 1 0
github.com/linuxdeepin/lastore-daemon/src/lastore-daemon/manager_update.go:163.30,168.4 1 0
github.com/linuxdeepin/lastore-daemon/src/lastore-daemon/manager_update.go:168.9,170.4 1 0
github.com/linuxdeepin/lastore-daemon/src/lastore-daemon/manager_update.go:173.2,180.29 8 0
github.com/linuxdeepin/lastore-daemon/src/lastore-daemon/manager_update.go:180.29,182.3 1 0
github.com/linuxdeepin/lastore-daemon/src/lastore-daemon/manager_update.go:182.8,184.3 1 0
github.com/linuxdeepin/lastore-daemon/src/lastore-daemon/manager_update.go:185.2,185.85 1 0
github.com/linuxdeepin/lastore-daemon/src/lastore-daemon/manager_update.go:185.85,189.17 4 0
github.com/linuxdeepin/lastore-daemon/src/lastore-daemon/manager_update.go:189.17,191.20 2 0
github.com/linuxdeepin/lastore-daemon/src/lastore-daemon/manager_update.go:191.20,193.5 1 0
github.com/linuxdeepin/lastore-daemon/src/lastore-daemon/manager_update.go:194.4,194.14 1 0
github.com/linuxdeepin/lastore-daemon/src/lastore-daemon/manager_update.go:196.3,196.14 1 0
github.com/linuxdeepin/lastore-daemon/src/lastore-daemon/manager_update.go:196.14,197.20 1 0
github.com/linuxdeepin/lastore-daemon/src/lastore-daemon/manager_update.go:197.20,199.5 1 0
github.com/linuxdeepin/lastore-daemon/src/lastore-daemon/manager_update.go:200.4,201.24 2 0
github.com/linuxdeepin/lastore-daemon/src/lastore-daemon/manager_update.go:204.3,205.17 2 0
github.com/linuxdeepin/lastore-daemon/src/lastore-daemon/manager_update.go:205.17,206.20 1 0
github.com/linuxdeepin/lastore-daemon/src/lastore-daemon/manager_update.go:206.20,208.5 1 0
github.com/linuxdeepin/lastore-daemon/src/lastore-daemon/manager_update.go:209.4,209.14 1 0
github.com/linuxdeepin/lastore-daemon/src/lastore-daemon/manager_update.go:211.3,211.19 1 0
github.com/linuxdeepin/lastore-daemon/src/lastore-daemon/manager_update.go:211.19,216.4 1 0
github.com/linuxdeepin/lastore-daemon/src/lastore-daemon/manager_update.go:216.9,221.4 1 0
github.com/linuxdeepin/lastore-daemon/src/lastore-daemon/manager_update.go:222.3,222.37 1 0
github.com/linuxdeepin/lastore-daemon/src/lastore-daemon/manager_update.go:222.37,224.4 1 0
github.com/linuxdeepin/lastore-daemon/src/lastore-daemon/manager_update.go:225.3,226.47 1 0
github.com/linuxdeepin/lastore-daemon/src/lastore-daemon/manager_update.go:226.47,230.5 2 0
github.com/linuxdeepin/lastore-daemon/src/lastore-daemon/manager_update.go:231.47,237.34 6 0
github.com/linuxdeepin/lastore-daemon/src/lastore-daemon/manager_update.go:237.34,241.40 2 0
github.com/linuxdeepin/lastore-daemon/src/lastore-daemon/manager_update.go:241.40,246.34 4 0
github.com/linuxdeepin/lastore-daemon/src/lastore-daemon/manager_update.go:246.34,248.62 2 0
github.com/linuxdeepin/lastore-daemon/src/lastore-daemon/manager_update.go:248.62,251.9 2 0
github.com/linuxdeepin/lastore-daemon/src/lastore-daemon/manager_update.go:252.13,255.8 2 0
github.com/linuxdeepin/lastore-daemon/src/lastore-daemon/manager_update.go:257.11,259.6 1 0
github.com/linuxdeepin/lastore-daemon/src/lastore-daemon/manager_update.go:260.5,260.15 1 0
github.com/linuxdeepin/lastore-daemon/src/lastore-daemon/manager_update.go:260.15,275.6 5 0
github.com/linuxdeepin/lastore-daemon/src/lastore-daemon/manager_update.go:276.5,280.107 4 0
github.com/linuxdeepin/lastore-daemon/src/lastore-daemon/manager_update.go:280.107,282.36 2 0
github.com/linuxdeepin/lastore-daemon/src/lastore-daemon/manager_update.go:282.36,289.7 1 0
github.com/linuxdeepin/lastore-daemon/src/lastore-daemon/manager_update.go:290.11,297.6 1 0
github.com/linuxdeepin/lastore-daemon/src/lastore-daemon/manager_update.go:299.5,299.15 1 0
github.com/linuxdeepin/lastore-daemon/src/lastore-daemon/manager_update.go:301.46,305.19 3 0
github.com/linuxdeepin/lastore-daemon/src/lastore-daemon/manager_update.go:305.19,306.184 1 0
github.com/linuxdeepin/lastore-daemon/src/lastore-daemon/manager_update.go:306.184,311.7 4 0
github.com/linuxdeepin/lastore-daemon/src/lastore-daemon/manager_update.go:312.6,312.97 1 0
github.com/linuxdeepin/lastore-daemon/src/lastore-daemon/manager_update.go:312.97,315.7 2 0
github.com/linuxdeepin/lastore-daemon/src/lastore-daemon/manager_update.go:318.5,318.15 1 0
github.com/linuxdeepin/lastore-daemon/src/lastore-daemon/manager_update.go:318.15,334.6 6 0
github.com/linuxdeepin/lastore-daemon/src/lastore-daemon/manager_update.go:336.5,337.107 2 0
github.com/linuxdeepin/lastore-daemon/src/lastore-daemon/manager_update.go:337.107,339.36 2 0
github.com/linuxdeepin/lastore-daemon/src/lastore-daemon/manager_update.go:339.36,346.7 1 0
github.com/linuxdeepin/lastore-daemon/src/lastore-daemon/manager_update.go:347.11,354.6 1 0
github.com/linuxdeepin/lastore-daemon/src/lastore-daemon/manager_update.go:356.5,356.15 1 0
github.com/linuxdeepin/lastore-daemon/src/lastore-daemon/manager_update.go:358.43,360.21 1 0
github.com/linuxdeepin/lastore-daemon/src/lastore-daemon/manager_update.go:360.21,362.6 1 0
github.com/linuxdeepin/lastore-daemon/src/lastore-daemon/manager_update.go:363.5,363.15 1 0
github.com/linuxdeepin/lastore-daemon/src/lastore-daemon/manager_update.go:366.3,367.47 1 0
github.com/linuxdeepin/lastore-daemon/src/lastore-daemon/manager_update.go:367.47,369.32 2 0
github.com/linuxdeepin/lastore-daemon/src/lastore-daemon/manager_update.go:369.32,372.6 1 0
github.com/linuxdeepin/lastore-daemon/src/lastore-daemon/manager_update.go:373.5,373.25 1 0
github.com/linuxdeepin/lastore-daemon/src/lastore-daemon/manager_update.go:373.25,375.6 1 0
github.com/linuxdeepin/lastore-daemon/src/lastore-daemon/manager_update.go:378.5,380.32 3 0
github.com/linuxdeepin/lastore-daemon/src/lastore-daemon/manager_update.go:380.32,383.6 1 0
github.com/linuxdeepin/lastore-daemon/src/lastore-daemon/manager_update.go:383.11,383.28 1 0
github.com/linuxdeepin/lastore-daemon/src/lastore-daemon/manager_update.go:383.28,386.89 2 0
github.com/linuxdeepin/lastore-daemon/src/lastore-daemon/manager_update.go:386.89,388.7 1 0
github.com/linuxdeepin/lastore-daemon/src/lastore-daemon/manager_update.go:389.6,389.91 1 0
github.com/linuxdeepin/lastore-daemon/src/lastore-daemon/manager_update.go:389.91,391.7 1 0
github.com/linuxdeepin/lastore-daemon/src/lastore-daemon/manager_update.go:394.5,394.115 1 0
github.com/linuxdeepin/lastore-daemon/src/lastore-daemon/manager_update.go:394.115,396.6 1 0
github.com/linuxdeepin/lastore-daemon/src/lastore-daemon/manager_update.go:397.5,397.41 1 0
github.com/linuxdeepin/lastore-daemon/src/lastore-daemon/manager_update.go:397.41,400.6 2 0
github.com/linuxdeepin/lastore-daemon/src/lastore-daemon/manager_update.go:402.5,402.32 1 0
github.com/linuxdeepin/lastore-daemon/src/lastore-daemon/manager_update.go:402.32,403.61 1 0
github.com/linuxdeepin/lastore-daemon/src/lastore-daemon/manager_update.go:403.61,405.7 1 0
github.com/linuxdeepin/lastore-daemon/src/lastore-daemon/manager_update.go:407.6,407.61 1 0
github.com/linuxdeepin/lastore-daemon/src/lastore-daemon/manager_update.go:407.61,409.7 1 0
github.com/linuxdeepin/lastore-daemon/src/lastore-daemon/manager_update.go:409.12,409.79 1 0
github.com/linuxdeepin/lastore-daemon/src/lastore-daemon/manager_update.go:409.79,411.7 1 0
github.com/linuxdeepin/lastore-daemon/src/lastore-daemon/manager_update.go:414.5,415.19 2 0
github.com/linuxdeepin/lastore-daemon/src/lastore-daemon/manager_update.go:415.19,417.33 2 0
github.com/linuxdeepin/lastore-daemon/src/lastore-daemon/manager_update.go:417.33,423.7 2 0
github.com/linuxdeepin/lastore-daemon/src/lastore-daemon/manager_update.go:423.12,425.7 1 0
github.com/linuxdeepin/lastore-daemon/src/lastore-daemon/manager_update.go:427.5,431.107 4 0
github.com/linuxdeepin/lastore-daemon/src/lastore-daemon/manager_update.go:431.107,433.36 2 0
github.com/linuxdeepin/lastore-daemon/src/lastore-daemon/manager_update.go:433.36,440.7 1 0
github.com/linuxdeepin/lastore-daemon/src/lastore-daemon/manager_update.go:441.11,448.6 1 0
github.com/linuxdeepin/lastore-daemon/src/lastore-daemon/manager_update.go:451.5,452.15 2 0
github.com/linuxdeepin/lastore-daemon/src/lastore-daemon/manager_update.go:456.3,456.49 1 0
github.com/linuxdeepin/lastore-daemon/src/lastore-daemon/manager_update.go:456.49,458.20 2 0
github.com/linuxdeepin/lastore-daemon/src/lastore-daemon/manager_update.go:458.20,460.5 1 0
github.com/linuxdeepin/lastore-daemon/src/lastore-daemon/manager_update.go:461.4,461.14 1 0
github.com/linuxdeepin/lastore-daemon/src/lastore-daemon/manager_update.go:463.3,463.13 1 0
github.com/linuxdeepin/lastore-daemon/src/lastore-daemon/manager_update.go:465.2,465.50 1 0
github.com/linuxdeepin/lastore-daemon/src/lastore-daemon/manager_update.go:465.50,468.3 2 0
github.com/linuxdeepin/lastore-daemon/src/lastore-daemon/manager_update.go:469.2,469.17 1 0
github.com/linuxdeepin/lastore-daemon/src/lastore-daemon/manager_update.go:479.57,481.103 2 0
github.com/linuxdeepin/lastore-daemon/src/lastore-daemon/manager_update.go:481.103,487.3 1 0
github.com/linuxdeepin/lastore-daemon/src/lastore-daemon/manager_update.go:488.2,488.64 1 0
github.com/linuxdeepin/lastore-daemon/src/lastore-daemon/manager_update.go:488.64,490.3 1 0
github.com/linuxdeepin/lastore-daemon/src/lastore-daemon/manager_update.go:492.2,495.71 3 0
github.com/linuxdeepin/lastore-daemon/src/lastore-daemon/manager_update.go:495.71,497.3 1 0
github.com/linuxdeepin/lastore-daemon/src/lastore-daemon/manager_update.go:499.2,499.38 1 0
github.com/linuxdeepin/lastore-daemon/src/lastore-daemon/manager_update.go:499.38,501.82 1 0
github.com/linuxdeepin/lastore-daemon/src/lastore-daemon/manager_update.go:501.82,503.4 1 0
github.com/linuxdeepin/lastore-daemon/src/lastore-daemon/manager_update.go:504.8,506.59 1 0
github.com/linuxdeepin/lastore-daemon/src/lastore-daemon/manager_update.go:506.59,508.4 1 0
github.com/linuxdeepin/lastore-daemon/src/lastore-daemon/manager_update.go:511.2,511.12 1 0
github.com/linuxdeepin/lastore-daemon/src/lastore-daemon/manager_update.go:514.57,516.98 2 0
github.com/linuxdeepin/lastore-daemon/src/lastore-daemon/manager_update.go:516.98,522.3 1 0
github.com/linuxdeepin/lastore-daemon/src/lastore-daemon/manager_update.go:523.2,523.46 1 0
github.com/linuxdeepin/lastore-daemon/src/lastore-daemon/manager_update.go:523.46,525.3 1 0
github.com/linuxdeepin/lastore-daemon/src/lastore-daemon/manager_update.go:526.2,528.16 3 0
github.com/linuxdeepin/lastore-daemon/src/lastore-daemon/manager_update.go:528.16,530.3 1 0
github.com/linuxdeepin/lastore-daemon/src/lastore-daemon/manager_update.go:531.2,531.78 1 0
github.com/linuxdeepin/lastore-daemon/src/lastore-daemon/manager_update.go:531.78,533.3 1 0
github.com/linuxdeepin/lastore-daemon/src/lastore-daemon/manager_update.go:534.2,534.12 1 0
github.com/linuxdeepin/lastore-daemon/src/lastore-daemon/manager_update.go:537.73,539.103 2 1
github.com/linuxdeepin/lastore-daemon/src/lastore-daemon/manager_update.go:539.103,545.3 1 0
github.com/linuxdeepin/lastore-daemon/src/lastore-daemon/manager_update.go:546.2,547.22 2 1
github.com/linuxdeepin/lastore-daemon/src/lastore-daemon/manager_update.go:547.22,549.3 1 1
github.com/linuxdeepin/lastore-daemon/src/lastore-daemon/manager_update.go:550.2,552.56 3 1
github.com/linuxdeepin/lastore-daemon/src/lastore-daemon/manager_update.go:552.56,554.3 1 0
github.com/linuxdeepin/lastore-daemon/src/lastore-daemon/manager_update.go:555.2,556.16 2 1
github.com/linuxdeepin/lastore-daemon/src/lastore-daemon/manager_update.go:556.16,558.3 1 0
github.com/linuxdeepin/lastore-daemon/src/lastore-daemon/manager_update.go:559.2,559.83 1 1
github.com/linuxdeepin/lastore-daemon/src/lastore-daemon/manager_update.go:559.83,561.3 1 1
github.com/linuxdeepin/lastore-daemon/src/lastore-daemon/manager_update.go:562.2,562.12 1 0
github.com/linuxdeepin/lastore-daemon/src/lastore-daemon/manager_update.go:566.58,570.37 4 0
github.com/linuxdeepin/lastore-daemon/src/lastore-daemon/manager_update.go:570.37,574.3 3 0
github.com/linuxdeepin/lastore-daemon/src/lastore-daemon/manager_update.go:575.2,575.63 1 0
github.com/linuxdeepin/lastore-daemon/src/lastore-daemon/manager_update.go:575.63,579.3 3 0
github.com/linuxdeepin/lastore-daemon/src/lastore-daemon/manager_update.go:581.2,582.58 2 0
github.com/linuxdeepin/lastore-daemon/src/lastore-daemon/manager_update.go:582.58,586.13 4 0
github.com/linuxdeepin/lastore-daemon/src/lastore-daemon/manager_update.go:586.13,589.18 3 0
github.com/linuxdeepin/lastore-daemon/src/lastore-daemon/manager_update.go:589.18,591.5 1 0
github.com/linuxdeepin/lastore-daemon/src/lastore-daemon/manager_update.go:591.10,593.5 1 0
github.com/linuxdeepin/lastore-daemon/src/lastore-daemon/manager_update.go:594.4,594.13 1 0
github.com/linuxdeepin/lastore-daemon/src/lastore-daemon/manager_update.go:597.2,599.8 3 0
github.com/linuxdeepin/lastore-daemon/src/lastore-daemon/manager_update.go:602.126,603.24 1 0
github.com/linuxdeepin/lastore-daemon/src/lastore-daemon/manager_update.go:603.24,605.3 1 0
github.com/linuxdeepin/lastore-daemon/src/lastore-daemon/manager_update.go:606.2,614.52 6 0
github.com/linuxdeepin/lastore-daemon/src/lastore-daemon/manager_update.go:614.52,615.19 1 0
github.com/linuxdeepin/lastore-daemon/src/lastore-daemon/manager_update.go:615.19,620.4 1 0
github.com/linuxdeepin/lastore-daemon/src/lastore-daemon/manager_update.go:620.9,627.4 1 0
github.com/linuxdeepin/lastore-daemon/src/lastore-daemon/manager_update.go:630.2,631.16 2 0
github.com/linuxdeepin/lastore-daemon/src/lastore-daemon/manager_update.go:631.16,633.3 1 0
github.com/linuxdeepin/lastore-daemon/src/lastore-daemon/manager_update.go:634.2,634.57 1 0
github.com/linuxdeepin/lastore-daemon/src/lastore-daemon/manager_update.go:637.128,642.2 1 0
github.com/linuxdeepin/lastore-daemon/src/lastore-daemon/manager_update.go:644.127,649.2 1 0
github.com/linuxdeepin/lastore-daemon/src/lastore-daemon/manager_update.go:657.74,659.2 1 0
github.com/linuxdeepin/lastore-daemon/src/lastore-daemon/manager_update.go:661.76,663.2 1 0
github.com/linuxdeepin/lastore-daemon/src/lastore-daemon/manager_update.go:665.75,667.2 1 0
github.com/linuxdeepin/lastore-daemon/src/lastore-daemon/manager_update.go:675.63,677.16 2 0
github.com/linuxdeepin/lastore-daemon/src/lastore-daemon/manager_update.go:677.16,679.3 1 0
github.com/linuxdeepin/lastore-daemon/src/lastore-daemon/manager_update.go:680.2,683.21 4 0
github.com/linuxdeepin/lastore-daemon/src/lastore-daemon/manager_update.go:683.21,686.23 3 0
github.com/linuxdeepin/lastore-daemon/src/lastore-daemon/manager_update.go:686.23,687.12 1 0
github.com/linuxdeepin/lastore-daemon/src/lastore-daemon/manager_update.go:689.3,697.4 5 0
github.com/linuxdeepin/lastore-daemon/src/lastore-daemon/manager_update.go:699.2,700.16 2 0
github.com/linuxdeepin/lastore-daemon/src/lastore-daemon/manager_update.go:700.16,702.3 1 0
github.com/linuxdeepin/lastore-daemon/src/lastore-daemon/manager_update.go:703.2,703.20 1 0
github.com/linuxdeepin/lastore-daemon/src/lastore-daemon/manager_update.go:707.48,709.16 2 1
github.com/linuxdeepin/lastore-daemon/src/lastore-daemon/manager_update.go:709.16,711.3 1 0
github.com/linuxdeepin/lastore-daemon/src/lastore-daemon/manager_update.go:712.2,712.11 1 1
github.com/linuxdeepin/lastore-daemon/src/lastore-daemon/manager_update.go:716.47,718.2 1 1
github.com/linuxdeepin/lastore-daemon/src/lastore-daemon/manager_update.go:720.61,722.16 2 1
github.com/linuxdeepin/lastore-daemon/src/lastore-daemon/manager_update.go:722.16,724.3 1 1
github.com/linuxdeepin/lastore-daemon/src/lastore-daemon/manager_update.go:725.2,726.16 2 1
github.com/linuxdeepin/lastore-daemon/src/lastore-daemon/manager_update.go:726.16,728.3 1 0
github.com/linuxdeepin/lastore-daemon/src/lastore-daemon/manager_update.go:729.2,729.45 1 1
github.com/linuxdeepin/lastore-daemon/src/lastore-daemon/manager_update.go:732.52,735.2 2 1
github.com/linuxdeepin/lastore-daemon/src/lastore-daemon/manager_update.go:737.52,740.2 2 1
github.com/linuxdeepin/lastore-daemon/src/lastore-daemon/manager_update.go:742.78,745.2 2 0
github.com/linuxdeepin/lastore-daemon/src/lastore-daemon/manager_update.go:747.53,748.30 1 0
github.com/linuxdeepin/lastore-daemon/src/lastore-daemon/manager_update.go:748.30,750.3 1 0
github.com/linuxdeepin/lastore-daemon/src/lastore-daemon/manager_update.go:751.2,751.12 1 0
github.com/linuxdeepin/lastore-daemon/src/lastore-daemon/manager_update.go:751.12,753.3 1 0
github.com/linuxdeepin/lastore-daemon/src/lastore-daemon/manager_update.go:754.2,754.31 1 0
github.com/linuxdeepin/lastore-daemon/src/lastore-daemon/manager_update.go:759.49,761.10 1 0
github.com/linuxdeepin/lastore-daemon/src/lastore-daemon/manager_update.go:761.10,763.17 2 0
github.com/linuxdeepin/lastore-daemon/src/lastore-daemon/manager_update.go:763.17,765.4 1 0
github.com/linuxdeepin/lastore-daemon/src/lastore-daemon/manager_update.go:768.3,770.44 3 0
github.com/linuxdeepin/lastore-daemon/src/lastore-daemon/manager_update.go:770.44,771.14 1 0
github.com/linuxdeepin/lastore-daemon/src/lastore-daemon/manager_update.go:771.14,785.5 5 0
github.com/linuxdeepin/lastore-daemon/src/lastore-daemon/manager_update.go:786.4,786.21 1 0
github.com/linuxdeepin/lastore-daemon/src/lastore-daemon/manager_update.go:788.3,790.54 3 0
github.com/linuxdeepin/lastore-daemon/src/lastore-daemon/manager_update.go:791.8,793.13 2 0
github.com/linuxdeepin/lastore-daemon/src/lastore-daemon/manager_update.go:793.13,795.21 1 0
github.com/linuxdeepin/lastore-daemon/src/lastore-daemon/manager_update.go:795.21,796.46 1 0
github.com/linuxdeepin/lastore-daemon/src/lastore-daemon/manager_update.go:796.46,797.16 1 0
github.com/linuxdeepin/lastore-daemon/src/lastore-daemon/manager_update.go:797.16,811.7 5 0
github.com/linuxdeepin/lastore-daemon/src/lastore-daemon/manager_update.go:812.6,812.23 1 0
github.com/linuxdeepin/lastore-daemon/src/lastore-daemon/manager_update.go:815.4,816.55 2 0
github.com/linuxdeepin/lastore-daemon/src/lastore-daemon/manager_update.go:819.2,821.55 3 0
github.com/linuxdeepin/lastore-daemon/src/lastore-daemon/manager_update.go:821.55,822.13 1 0
github.com/linuxdeepin/lastore-daemon/src/lastore-daemon/manager_update.go:822.13,826.18 4 0
github.com/linuxdeepin/lastore-daemon/src/lastore-daemon/manager_update.go:826.18,828.5 1 0
github.com/linuxdeepin/lastore-daemon/src/lastore-daemon/manager_update.go:829.4,829.31 1 0
github.com/linuxdeepin/lastore-daemon/src/lastore-daemon/manager_update.go:831.3,831.44 1 0
github.com/linuxdeepin/lastore-daemon/src/lastore-daemon/manager_update.go:831.44,834.60 2 0
github.com/linuxdeepin/lastore-daemon/src/lastore-daemon/manager_update.go:834.60,836.5 1 0
github.com/linuxdeepin/lastore-daemon/src/lastore-daemon/manager_update.go:838.3,838.120 1 0
github.com/linuxdeepin/lastore-daemon/src/lastore-daemon/manager_update.go:838.120,840.31 2 0
github.com/linuxdeepin/lastore-daemon/src/lastore-daemon/manager_update.go:840.31,844.5 3 0
github.com/linuxdeepin/lastore-daemon/src/lastore-daemon/manager_update.go:846.3,846.100 1 0
github.com/linuxdeepin/lastore-daemon/src/lastore-daemon/manager_update.go:846.100,848.4 1 0
github.com/linuxdeepin/lastore-daemon/src/lastore-daemon/manager_update.go:850.3,850.9 1 0
github.com/linuxdeepin/lastore-daemon/src/lastore-daemon/manager_update.go:852.2,852.122 1 0
github.com/linuxdeepin/lastore-daemon/src/lastore-daemon/manager_update.go:852.122,854.13 2 0
github.com/linuxdeepin/lastore-daemon/src/lastore-daemon/manager_update.go:854.13,857.18 3 0
github.com/linuxdeepin/lastore-daemon/src/lastore-daemon/manager_update.go:857.18,859.5 1 0
github.com/linuxdeepin/lastore-daemon/src/lastore-daemon/manager_update.go:860.4,860.31 1 0
github.com/linuxdeepin/lastore-daemon/src/lastore-daemon/manager_update.go:865.69,873.2 7 0
github.com/linuxdeepin/lastore-daemon/src/lastore-daemon/manager_update.go:875.44,880.16 4 0
github.com/linuxdeepin/lastore-daemon/src/lastore-daemon/manager_update.go:880.16,882.3 1 0
github.com/linuxdeepin/lastore-daemon/src/lastore-daemon/manager_update.go:884.2,885.16 2 0
github.com/linuxdeepin/lastore-daemon/src/lastore-daemon/manager_update.go:885.16,888.3 2 0
github.com/linuxdeepin/lastore-daemon/src/lastore-daemon/manager_update.go:894.39,896.15 2 0
github.com/linuxdeepin/lastore-daemon/src/lastore-daemon/manager_update.go:896.15,899.3 2 0
github.com/linuxdeepin/lastore-daemon/src/lastore-daemon/manager_update.go:900.2,904.86 3 0
github.com/linuxdeepin/lastore-daemon/src/lastore-daemon/manager_update.go:904.86,907.17 2 0
github.com/linuxdeepin/lastore-daemon/src/lastore-daemon/manager_update.go:907.17,908.20 1 0
github.com/linuxdeepin/lastore-daemon/src/lastore-daemon/manager_update.go:908.20,910.5 1 0
github.com/linuxdeepin/lastore-daemon/src/lastore-daemon/manager_update.go:911.4,911.14 1 0
github.com/linuxdeepin/lastore-daemon/src/lastore-daemon/manager_update.go:913.3,913.19 1 0
github.com/linuxdeepin/lastore-daemon/src/lastore-daemon/manager_update.go:913.19,918.4 1 0
github.com/linuxdeepin/lastore-daemon/src/lastore-daemon/manager_update.go:918.9,923.4 1 0
github.com/linuxdeepin/lastore-daemon/src/lastore-daemon/manager_update.go:924.3,925.43 1 0
github.com/linuxdeepin/lastore-daemon/src/lastore-daemon/manager_update.go:925.43,926.21 1 0
github.com/linuxdeepin/lastore-daemon/src/lastore-daemon/manager_update.go:926.21,928.6 1 0
github.com/linuxdeepin/lastore-daemon/src/lastore-daemon/manager_update.go:929.5,929.15 1 0
github.com/linuxdeepin/lastore-daemon/src/lastore-daemon/manager_update.go:932.3,932.13 1 0
github.com/linuxdeepin/lastore-daemon/src/lastore-daemon/manager_update.go:934.2,934.16 1 0
github.com/linuxdeepin/lastore-daemon/src/lastore-daemon/manager_update.go:934.16,936.3 1 0
github.com/linuxdeepin/lastore-daemon/src/lastore-daemon/manager_upgrade.go:34.76,35.23 1 0
github.com/linuxdeepin/lastore-daemon/src/lastore-daemon/manager_upgrade.go:35.23,37.3 1 0
github.com/linuxdeepin/lastore-daemon/src/lastore-daemon/manager_upgrade.go:38.2,43.22 4 0
github.com/linuxdeepin/lastore-daemon/src/lastore-daemon/manager_upgrade.go:43.22,44.48 1 0
github.com/linuxdeepin/lastore-daemon/src/lastore-daemon/manager_upgrade.go:44.48,46.4 1 0
github.com/linuxdeepin/lastore-daemon/src/lastore-daemon/manager_upgrade.go:48.3,48.17 1 0
github.com/linuxdeepin/lastore-daemon/src/lastore-daemon/manager_upgrade.go:48.17,50.63 1 0
github.com/linuxdeepin/lastore-daemon/src/lastore-daemon/manager_upgrade.go:50.63,53.5 2 0
github.com/linuxdeepin/lastore-daemon/src/lastore-daemon/manager_upgrade.go:54.4,54.14 1 0
github.com/linuxdeepin/lastore-daemon/src/lastore-daemon/manager_upgrade.go:58.3,58.61 1 0
github.com/linuxdeepin/lastore-daemon/src/lastore-daemon/manager_upgrade.go:58.61,61.4 2 0
github.com/linuxdeepin/lastore-daemon/src/lastore-daemon/manager_upgrade.go:62.8,64.3 1 0
github.com/linuxdeepin/lastore-daemon/src/lastore-daemon/manager_upgrade.go:67.2,67.62 1 0
github.com/linuxdeepin/lastore-daemon/src/lastore-daemon/manager_upgrade.go:67.62,70.3 2 0
github.com/linuxdeepin/lastore-daemon/src/lastore-daemon/manager_upgrade.go:71.2,71.12 1 0
github.com/linuxdeepin/lastore-daemon/src/lastore-daemon/manager_upgrade.go:74.142,83.16 7 0
github.com/linuxdeepin/lastore-daemon/src/lastore-daemon/manager_upgrade.go:83.16,86.3 2 0
github.com/linuxdeepin/lastore-daemon/src/lastore-daemon/manager_upgrade.go:87.2,91.15 4 0
github.com/linuxdeepin/lastore-daemon/src/lastore-daemon/manager_upgrade.go:91.15,93.3 1 0
github.com/linuxdeepin/lastore-daemon/src/lastore-daemon/manager_upgrade.go:95.2,95.55 1 0
github.com/linuxdeepin/lastore-daemon/src/lastore-daemon/manager_upgrade.go:95.55,97.3 1 0
github.com/linuxdeepin/lastore-daemon/src/lastore-daemon/manager_upgrade.go:98.2,99.25 2 0
github.com/linuxdeepin/lastore-daemon/src/lastore-daemon/manager_upgrade.go:99.25,100.45 1 0
github.com/linuxdeepin/lastore-daemon/src/lastore-daemon/manager_upgrade.go:100.45,103.18 2 0
github.com/linuxdeepin/lastore-daemon/src/lastore-daemon/manager_upgrade.go:103.18,106.5 2 0
github.com/linuxdeepin/lastore-daemon/src/lastore-daemon/manager_upgrade.go:107.4,107.36 1 0
github.com/linuxdeepin/lastore-daemon/src/lastore-daemon/manager_upgrade.go:109.3,109.45 1 0
github.com/linuxdeepin/lastore-daemon/src/lastore-daemon/manager_upgrade.go:111.2,113.31 3 0
github.com/linuxdeepin/lastore-daemon/src/lastore-daemon/manager_upgrade.go:113.31,115.13 2 0
github.com/linuxdeepin/lastore-daemon/src/lastore-daemon/manager_upgrade.go:115.13,116.19 1 0
github.com/linuxdeepin/lastore-daemon/src/lastore-daemon/manager_upgrade.go:116.19,118.5 1 0
github.com/linuxdeepin/lastore-daemon/src/lastore-daemon/manager_upgrade.go:119.4,120.18 2 0
github.com/linuxdeepin/lastore-daemon/src/lastore-daemon/manager_upgrade.go:120.18,123.5 2 0
github.com/linuxdeepin/lastore-daemon/src/lastore-daemon/manager_upgrade.go:124.4,125.22 2 0
github.com/linuxdeepin/lastore-daemon/src/lastore-daemon/manager_upgrade.go:126.9,127.20 1 0
github.com/linuxdeepin/lastore-daemon/src/lastore-daemon/manager_upgrade.go:127.20,129.5 1 0
github.com/linuxdeepin/lastore-daemon/src/lastore-daemon/manager_upgrade.go:130.4,131.18 2 0
github.com/linuxdeepin/lastore-daemon/src/lastore-daemon/manager_upgrade.go:131.18,134.5 2 0
github.com/linuxdeepin/lastore-daemon/src/lastore-daemon/manager_upgrade.go:135.4,136.23 2 0
github.com/linuxdeepin/lastore-daemon/src/lastore-daemon/manager_upgrade.go:140.2,140.31 1 0
github.com/linuxdeepin/lastore-daemon/src/lastore-daemon/manager_upgrade.go:140.31,157.3 7 0
github.com/linuxdeepin/lastore-daemon/src/lastore-daemon/manager_upgrade.go:160.2,161.42 1 0
github.com/linuxdeepin/lastore-daemon/src/lastore-daemon/manager_upgrade.go:161.42,164.4 2 0
github.com/linuxdeepin/lastore-daemon/src/lastore-daemon/manager_upgrade.go:165.46,169.4 3 0
github.com/linuxdeepin/lastore-daemon/src/lastore-daemon/manager_upgrade.go:170.45,174.4 3 0
github.com/linuxdeepin/lastore-daemon/src/lastore-daemon/manager_upgrade.go:175.46,179.4 3 0
github.com/linuxdeepin/lastore-daemon/src/lastore-daemon/manager_upgrade.go:181.2,185.16 4 0
github.com/linuxdeepin/lastore-daemon/src/lastore-daemon/manager_upgrade.go:185.16,188.3 2 0
github.com/linuxdeepin/lastore-daemon/src/lastore-daemon/manager_upgrade.go:189.2,192.74 4 0
github.com/linuxdeepin/lastore-daemon/src/lastore-daemon/manager_upgrade.go:192.74,194.14 2 0
github.com/linuxdeepin/lastore-daemon/src/lastore-daemon/manager_upgrade.go:194.14,196.4 1 0
github.com/linuxdeepin/lastore-daemon/src/lastore-daemon/manager_upgrade.go:197.3,199.47 2 0
github.com/linuxdeepin/lastore-daemon/src/lastore-daemon/manager_upgrade.go:199.47,204.71 4 0
github.com/linuxdeepin/lastore-daemon/src/lastore-daemon/manager_upgrade.go:204.71,206.6 1 0
github.com/linuxdeepin/lastore-daemon/src/lastore-daemon/manager_upgrade.go:207.5,208.19 2 0
github.com/linuxdeepin/lastore-daemon/src/lastore-daemon/manager_upgrade.go:208.19,210.6 1 0
github.com/linuxdeepin/lastore-daemon/src/lastore-daemon/manager_upgrade.go:211.5,215.32 4 0
github.com/linuxdeepin/lastore-daemon/src/lastore-daemon/manager_upgrade.go:215.32,218.6 2 0
github.com/linuxdeepin/lastore-daemon/src/lastore-daemon/manager_upgrade.go:220.5,228.107 3 0
github.com/linuxdeepin/lastore-daemon/src/lastore-daemon/manager_upgrade.go:228.107,230.36 2 0
github.com/linuxdeepin/lastore-daemon/src/lastore-daemon/manager_upgrade.go:230.36,237.7 1 0
github.com/linuxdeepin/lastore-daemon/src/lastore-daemon/manager_upgrade.go:238.11,245.6 1 0
github.com/linuxdeepin/lastore-daemon/src/lastore-daemon/manager_upgrade.go:247.5,247.15 1 0
github.com/linuxdeepin/lastore-daemon/src/lastore-daemon/manager_upgrade.go:249.47,260.107 5 0
github.com/linuxdeepin/lastore-daemon/src/lastore-daemon/manager_upgrade.go:260.107,262.36 2 0
github.com/linuxdeepin/lastore-daemon/src/lastore-daemon/manager_upgrade.go:262.36,269.7 1 0
github.com/linuxdeepin/lastore-daemon/src/lastore-daemon/manager_upgrade.go:270.11,277.6 1 0
github.com/linuxdeepin/lastore-daemon/src/lastore-daemon/manager_upgrade.go:279.5,279.15 1 0
github.com/linuxdeepin/lastore-daemon/src/lastore-daemon/manager_upgrade.go:281.46,304.107 10 0
github.com/linuxdeepin/lastore-daemon/src/lastore-daemon/manager_upgrade.go:304.107,306.36 2 0
github.com/linuxdeepin/lastore-daemon/src/lastore-daemon/manager_upgrade.go:306.36,313.7 1 0
github.com/linuxdeepin/lastore-daemon/src/lastore-daemon/manager_upgrade.go:314.11,321.6 1 0
github.com/linuxdeepin/lastore-daemon/src/lastore-daemon/manager_upgrade.go:323.5,323.15 1 0
github.com/linuxdeepin/lastore-daemon/src/lastore-daemon/manager_upgrade.go:326.3,327.47 1 0
github.com/linuxdeepin/lastore-daemon/src/lastore-daemon/manager_upgrade.go:327.47,329.27 2 0
github.com/linuxdeepin/lastore-daemon/src/lastore-daemon/manager_upgrade.go:329.27,331.6 1 0
github.com/linuxdeepin/lastore-daemon/src/lastore-daemon/manager_upgrade.go:332.5,332.15 1 0
github.com/linuxdeepin/lastore-daemon/src/lastore-daemon/manager_upgrade.go:335.3,335.55 1 0
github.com/linuxdeepin/lastore-daemon/src/lastore-daemon/manager_upgrade.go:335.55,338.4 2 0
github.com/linuxdeepin/lastore-daemon/src/lastore-daemon/manager_upgrade.go:339.3,339.34 1 0
github.com/linuxdeepin/lastore-daemon/src/lastore-daemon/manager_upgrade.go:341.2,341.15 1 0
github.com/linuxdeepin/lastore-daemon/src/lastore-daemon/manager_upgrade.go:341.15,343.25 1 0
github.com/linuxdeepin/lastore-daemon/src/lastore-daemon/manager_upgrade.go:343.25,345.18 2 0
github.com/linuxdeepin/lastore-daemon/src/lastore-daemon/manager_upgrade.go:345.18,347.5 1 0
github.com/linuxdeepin/lastore-daemon/src/lastore-daemon/manager_upgrade.go:348.4,348.60 1 0
github.com/linuxdeepin/lastore-daemon/src/lastore-daemon/manager_upgrade.go:351.2,353.24 3 0
github.com/linuxdeepin/lastore-daemon/src/lastore-daemon/manager_upgrade.go:353.24,356.3 2 0
github.com/linuxdeepin/lastore-daemon/src/lastore-daemon/manager_upgrade.go:357.2,357.34 1 0
github.com/linuxdeepin/lastore-daemon/src/lastore-daemon/manager_upgrade.go:361.84,377.2 3 1
github.com/linuxdeepin/lastore-daemon/src/lastore-daemon/manager_upgrade.go:381.64,382.38 1 0
github.com/linuxdeepin/lastore-daemon/src/lastore-daemon/manager_upgrade.go:382.38,384.3 1 0
github.com/linuxdeepin/lastore-daemon/src/lastore-daemon/manager_upgrade.go:385.2,385.28 1 0
github.com/linuxdeepin/lastore-daemon/src/lastore-daemon/manager_upgrade.go:385.28,387.3 1 0
github.com/linuxdeepin/lastore-daemon/src/lastore-daemon/manager_upgrade.go:389.2,391.16 3 0
github.com/linuxdeepin/lastore-daemon/src/lastore-daemon/manager_upgrade.go:391.16,393.3 1 0
github.com/linuxdeepin/lastore-daemon/src/lastore-daemon/manager_upgrade.go:394.2,398.24 4 0
github.com/linuxdeepin/lastore-daemon/src/lastore-daemon/manager_upgrade.go:398.24,400.3 1 0
github.com/linuxdeepin/lastore-daemon/src/lastore-daemon/manager_upgrade.go:402.2,406.34 5 0
github.com/linuxdeepin/lastore-daemon/src/lastore-daemon/manager_upgrade.go:406.34,408.3 1 0
github.com/linuxdeepin/lastore-daemon/src/lastore-daemon/manager_upgrade.go:414.2,414.84 1 0
github.com/linuxdeepin/lastore-daemon/src/lastore-daemon/manager_upgrade.go:414.84,417.3 3 0
github.com/linuxdeepin/lastore-daemon/src/lastore-daemon/manager_upgrade.go:417.3,423.4 2 0
github.com/linuxdeepin/lastore-daemon/src/lastore-daemon/manager_upgrade.go:424.3,424.17 1 0
github.com/linuxdeepin/lastore-daemon/src/lastore-daemon/manager_upgrade.go:424.17,426.20 2 0
github.com/linuxdeepin/lastore-daemon/src/lastore-daemon/manager_upgrade.go:426.20,428.5 1 0
github.com/linuxdeepin/lastore-daemon/src/lastore-daemon/manager_upgrade.go:429.4,429.14 1 0
github.com/linuxdeepin/lastore-daemon/src/lastore-daemon/manager_upgrade.go:431.3,431.14 1 0
github.com/linuxdeepin/lastore-daemon/src/lastore-daemon/manager_upgrade.go:431.14,434.4 2 0
github.com/linuxdeepin/lastore-daemon/src/lastore-daemon/manager_upgrade.go:436.3,436.24 1 0
github.com/linuxdeepin/lastore-daemon/src/lastore-daemon/manager_upgrade.go:436.24,441.4 1 0
github.com/linuxdeepin/lastore-daemon/src/lastore-daemon/manager_upgrade.go:441.9,446.4 1 0
github.com/linuxdeepin/lastore-daemon/src/lastore-daemon/manager_upgrade.go:448.3,448.64 1 0
github.com/linuxdeepin/lastore-daemon/src/lastore-daemon/manager_upgrade.go:448.64,450.4 1 0
github.com/linuxdeepin/lastore-daemon/src/lastore-daemon/manager_upgrade.go:452.3,458.22 4 0
github.com/linuxdeepin/lastore-daemon/src/lastore-daemon/manager_upgrade.go:458.22,460.4 1 0
github.com/linuxdeepin/lastore-daemon/src/lastore-daemon/manager_upgrade.go:460.9,462.4 1 0
github.com/linuxdeepin/lastore-daemon/src/lastore-daemon/manager_upgrade.go:463.3,464.47 1 0
github.com/linuxdeepin/lastore-daemon/src/lastore-daemon/manager_upgrade.go:464.47,468.19 3 0
github.com/linuxdeepin/lastore-daemon/src/lastore-daemon/manager_upgrade.go:468.19,484.22 5 0
github.com/linuxdeepin/lastore-daemon/src/lastore-daemon/manager_upgrade.go:484.22,486.7 1 0
github.com/linuxdeepin/lastore-daemon/src/lastore-daemon/manager_upgrade.go:487.6,487.16 1 0
github.com/linuxdeepin/lastore-daemon/src/lastore-daemon/manager_upgrade.go:489.5,492.107 4 0
github.com/linuxdeepin/lastore-daemon/src/lastore-daemon/manager_upgrade.go:492.107,494.36 2 0
github.com/linuxdeepin/lastore-daemon/src/lastore-daemon/manager_upgrade.go:494.36,508.7 2 0
github.com/linuxdeepin/lastore-daemon/src/lastore-daemon/manager_upgrade.go:510.6,510.22 1 0
github.com/linuxdeepin/lastore-daemon/src/lastore-daemon/manager_upgrade.go:511.11,518.6 1 0
github.com/linuxdeepin/lastore-daemon/src/lastore-daemon/manager_upgrade.go:519.5,519.42 1 0
github.com/linuxdeepin/lastore-daemon/src/lastore-daemon/manager_upgrade.go:519.42,525.6 1 0
github.com/linuxdeepin/lastore-daemon/src/lastore-daemon/manager_upgrade.go:526.5,527.15 2 0
github.com/linuxdeepin/lastore-daemon/src/lastore-daemon/manager_upgrade.go:529.46,532.5 2 0
github.com/linuxdeepin/lastore-daemon/src/lastore-daemon/manager_upgrade.go:535.3,536.47 1 0
github.com/linuxdeepin/lastore-daemon/src/lastore-daemon/manager_upgrade.go:536.47,538.107 2 0
github.com/linuxdeepin/lastore-daemon/src/lastore-daemon/manager_upgrade.go:538.107,540.36 2 0
github.com/linuxdeepin/lastore-daemon/src/lastore-daemon/manager_upgrade.go:540.36,554.7 2 0
github.com/linuxdeepin/lastore-daemon/src/lastore-daemon/manager_upgrade.go:556.6,556.22 1 0
github.com/linuxdeepin/lastore-daemon/src/lastore-daemon/manager_upgrade.go:557.11,564.6 1 0
github.com/linuxdeepin/lastore-daemon/src/lastore-daemon/manager_upgrade.go:565.5,565.38 1 0
github.com/linuxdeepin/lastore-daemon/src/lastore-daemon/manager_upgrade.go:565.38,567.6 1 0
github.com/linuxdeepin/lastore-daemon/src/lastore-daemon/manager_upgrade.go:569.5,569.40 1 0
github.com/linuxdeepin/lastore-daemon/src/lastore-daemon/manager_upgrade.go:569.40,571.6 1 0
github.com/linuxdeepin/lastore-daemon/src/lastore-daemon/manager_upgrade.go:572.5,572.73 1 0
github.com/linuxdeepin/lastore-daemon/src/lastore-daemon/manager_upgrade.go:574.46,577.5 2 0
github.com/linuxdeepin/lastore-daemon/src/lastore-daemon/manager_upgrade.go:580.3,581.47 1 0
github.com/linuxdeepin/lastore-daemon/src/lastore-daemon/manager_upgrade.go:581.47,583.19 2 0
github.com/linuxdeepin/lastore-daemon/src/lastore-daemon/manager_upgrade.go:583.19,585.6 1 0
github.com/linuxdeepin/lastore-daemon/src/lastore-daemon/manager_upgrade.go:586.5,586.42 1 0
github.com/linuxdeepin/lastore-daemon/src/lastore-daemon/manager_upgrade.go:588.43,589.21 1 0
github.com/linuxdeepin/lastore-daemon/src/lastore-daemon/manager_upgrade.go:589.21,591.6 1 0
github.com/linuxdeepin/lastore-daemon/src/lastore-daemon/manager_upgrade.go:592.5,592.15 1 0
github.com/linuxdeepin/lastore-daemon/src/lastore-daemon/manager_upgrade.go:595.3,595.14 1 0
github.com/linuxdeepin/lastore-daemon/src/lastore-daemon/manager_upgrade.go:595.14,596.51 1 0
github.com/linuxdeepin/lastore-daemon/src/lastore-daemon/manager_upgrade.go:596.51,597.21 1 0
github.com/linuxdeepin/lastore-daemon/src/lastore-daemon/manager_upgrade.go:597.21,599.6 1 0
github.com/linuxdeepin/lastore-daemon/src/lastore-daemon/manager_upgrade.go:600.5,600.15 1 0
github.com/linuxdeepin/lastore-daemon/src/lastore-daemon/manager_upgrade.go:603.3,603.13 1 0
github.com/linuxdeepin/lastore-daemon/src/lastore-daemon/manager_upgrade.go:605.2,605.50 1 0
github.com/linuxdeepin/lastore-daemon/src/lastore-daemon/manager_upgrade.go:605.50,608.3 2 0
github.com/linuxdeepin/lastore-daemon/src/lastore-daemon/manager_upgrade.go:609.2,610.22 2 0
github.com/linuxdeepin/lastore-daemon/src/lastore-daemon/manager_upgrade.go:610.22,612.3 1 0
github.com/linuxdeepin/lastore-daemon/src/lastore-daemon/manager_upgrade.go:613.2,613.17 1 0
github.com/linuxdeepin/lastore-daemon/src/lastore-daemon/manager_upgrade.go:616.43,618.29 2 0
github.com/linuxdeepin/lastore-daemon/src/lastore-daemon/manager_upgrade.go:618.29,620.3 1 0
github.com/linuxdeepin/lastore-daemon/src/lastore-daemon/manager_upgrade.go:621.2,621.32 1 0
github.com/linuxdeepin/lastore-daemon/src/lastore-daemon/manager_upgrade.go:621.32,638.40 5 0
github.com/linuxdeepin/lastore-daemon/src/lastore-daemon/manager_upgrade.go:638.40,641.109 3 0
github.com/linuxdeepin/lastore-daemon/src/lastore-daemon/manager_upgrade.go:641.109,644.5 2 0
github.com/linuxdeepin/lastore-daemon/src/lastore-daemon/manager_upgrade.go:646.4,646.49 1 0
github.com/linuxdeepin/lastore-daemon/src/lastore-daemon/manager_upgrade.go:646.49,648.24 2 0
github.com/linuxdeepin/lastore-daemon/src/lastore-daemon/manager_upgrade.go:648.24,650.6 1 0
github.com/linuxdeepin/lastore-daemon/src/lastore-daemon/manager_upgrade.go:650.11,652.6 1 0
github.com/linuxdeepin/lastore-daemon/src/lastore-daemon/manager_upgrade.go:656.3,657.88 2 0
github.com/linuxdeepin/lastore-daemon/src/lastore-daemon/manager_upgrade.go:657.88,658.17 1 0
github.com/linuxdeepin/lastore-daemon/src/lastore-daemon/manager_upgrade.go:658.17,660.5 1 0
github.com/linuxdeepin/lastore-daemon/src/lastore-daemon/manager_upgrade.go:661.4,662.35 2 0
github.com/linuxdeepin/lastore-daemon/src/lastore-daemon/manager_upgrade.go:664.3,664.81 1 0
github.com/linuxdeepin/lastore-daemon/src/lastore-daemon/manager_upgrade.go:664.81,665.17 1 0
github.com/linuxdeepin/lastore-daemon/src/lastore-daemon/manager_upgrade.go:665.17,667.5 1 0
github.com/linuxdeepin/lastore-daemon/src/lastore-daemon/manager_upgrade.go:668.4,669.35 2 0
github.com/linuxdeepin/lastore-daemon/src/lastore-daemon/manager_upgrade.go:674.79,677.16 2 0
github.com/linuxdeepin/lastore-daemon/src/lastore-daemon/manager_upgrade.go:677.16,679.3 1 0
github.com/linuxdeepin/lastore-daemon/src/lastore-daemon/manager_upgrade.go:680.2,682.35 2 0
github.com/linuxdeepin/lastore-daemon/src/lastore-daemon/manager_upgrade.go:682.35,684.3 1 0
github.com/linuxdeepin/lastore-daemon/src/lastore-daemon/manager_upgrade.go:687.86,691.16 3 0
github.com/linuxdeepin/lastore-daemon/src/lastore-daemon/manager_upgrade.go:691.16,694.17 3 0
github.com/linuxdeepin/lastore-daemon/src/lastore-daemon/manager_upgrade.go:694.17,696.4 1 0
github.com/linuxdeepin/lastore-daemon/src/lastore-daemon/manager_upgrade.go:697.8,700.17 3 0
github.com/linuxdeepin/lastore-daemon/src/lastore-daemon/manager_upgrade.go:700.17,702.4 1 0
github.com/linuxdeepin/lastore-daemon/src/lastore-daemon/manager_upgrade.go:703.3,703.68 1 0
github.com/linuxdeepin/lastore-daemon/src/lastore-daemon/manager_upgrade.go:703.68,708.31 4 0
github.com/linuxdeepin/lastore-daemon/src/lastore-daemon/manager_upgrade.go:708.31,710.5 1 0
github.com/linuxdeepin/lastore-daemon/src/lastore-daemon/manager_upgrade.go:710.10,713.5 2 0
github.com/linuxdeepin/lastore-daemon/src/lastore-daemon/manager_upgrade.go:714.9,714.79 1 0
github.com/linuxdeepin/lastore-daemon/src/lastore-daemon/manager_upgrade.go:714.79,723.54 4 0
github.com/linuxdeepin/lastore-daemon/src/lastore-daemon/manager_upgrade.go:723.54,727.5 3 0
github.com/linuxdeepin/lastore-daemon/src/lastore-daemon/manager_upgrade.go:728.4,728.31 1 0
github.com/linuxdeepin/lastore-daemon/src/lastore-daemon/manager_upgrade.go:728.31,730.5 1 0
github.com/linuxdeepin/lastore-daemon/src/lastore-daemon/manager_upgrade.go:730.10,732.5 1 0
github.com/linuxdeepin/lastore-daemon/src/lastore-daemon/manager_upgrade.go:733.9,742.54 4 0
github.com/linuxdeepin/lastore-daemon/src/lastore-daemon/manager_upgrade.go:742.54,746.5 3 0
github.com/linuxdeepin/lastore-daemon/src/lastore-daemon/manager_upgrade.go:747.4,747.31 1 0
github.com/linuxdeepin/lastore-daemon/src/lastore-daemon/manager_upgrade.go:747.31,749.5 1 0
github.com/linuxdeepin/lastore-daemon/src/lastore-daemon/manager_upgrade.go:749.10,751.5 1 0
github.com/linuxdeepin/lastore-daemon/src/lastore-daemon/manager_upgrade.go:754.2,754.31 1 0
github.com/linuxdeepin/lastore-daemon/src/lastore-daemon/manager_upgrade.go:754.31,756.3 1 0
github.com/linuxdeepin/lastore-daemon/src/lastore-daemon/manager_upgrade.go:756.8,761.3 3 0
github.com/linuxdeepin/lastore-daemon/src/lastore-daemon/manager_upgrade.go:763.2,763.12 1 0
github.com/linuxdeepin/lastore-daemon/src/lastore-daemon/manager_upgrade.go:763.12,768.42 5 0
github.com/linuxdeepin/lastore-daemon/src/lastore-daemon/manager_upgrade.go:768.42,770.18 2 0
github.com/linuxdeepin/lastore-daemon/src/lastore-daemon/manager_upgrade.go:770.18,772.5 1 0
github.com/linuxdeepin/lastore-daemon/src/lastore-daemon/manager_upgrade.go:773.4,773.50 1 0
github.com/linuxdeepin/lastore-daemon/src/lastore-daemon/manager_upgrade.go:775.3,775.33 1 0
github.com/linuxdeepin/lastore-daemon/src/lastore-daemon/manager_upgrade.go:775.33,777.18 2 0
github.com/linuxdeepin/lastore-daemon/src/lastore-daemon/manager_upgrade.go:777.18,779.5 1 0
github.com/linuxdeepin/lastore-daemon/src/lastore-daemon/manager_upgrade.go:779.10,782.5 2 0
github.com/linuxdeepin/lastore-daemon/src/lastore-daemon/manager_upgrade.go:783.4,794.6 3 0
github.com/linuxdeepin/lastore-daemon/src/lastore-daemon/manager_upgrade.go:797.2,800.12 2 0
github.com/linuxdeepin/lastore-daemon/src/lastore-daemon/manager_upgrade.go:803.120,804.68 1 0
github.com/linuxdeepin/lastore-daemon/src/lastore-daemon/manager_upgrade.go:804.68,807.17 2 0
github.com/linuxdeepin/lastore-daemon/src/lastore-daemon/manager_upgrade.go:807.17,809.4 1 0
github.com/linuxdeepin/lastore-daemon/src/lastore-daemon/manager_upgrade.go:810.8,812.3 1 0
github.com/linuxdeepin/lastore-daemon/src/lastore-daemon/manager_upgrade.go:814.2,814.52 1 0
github.com/linuxdeepin/lastore-daemon/src/lastore-daemon/manager_upgrade.go:814.52,815.76 1 0
github.com/linuxdeepin/lastore-daemon/src/lastore-daemon/manager_upgrade.go:815.76,821.4 2 0
github.com/linuxdeepin/lastore-daemon/src/lastore-daemon/manager_upgrade.go:824.2,826.29 3 0
github.com/linuxdeepin/lastore-daemon/src/lastore-daemon/manager_upgrade.go:826.29,828.3 1 0
github.com/linuxdeepin/lastore-daemon/src/lastore-daemon/manager_upgrade.go:830.2,834.12 2 0
github.com/linuxdeepin/lastore-daemon/src/lastore-daemon/manager_upgrade.go:837.54,840.16 2 0
github.com/linuxdeepin/lastore-daemon/src/lastore-daemon/manager_upgrade.go:840.16,842.3 1 0
github.com/linuxdeepin/lastore-daemon/src/lastore-daemon/manager_upgrade.go:843.2,850.12 6 0
github.com/linuxdeepin/lastore-daemon/src/lastore-daemon/manager_upgrade.go:854.94,856.12 2 0
github.com/linuxdeepin/lastore-daemon/src/lastore-daemon/manager_upgrade.go:856.12,860.3 3 0
github.com/linuxdeepin/lastore-daemon/src/lastore-daemon/manager_upgrade.go:862.2,862.35 1 0
github.com/linuxdeepin/lastore-daemon/src/lastore-daemon/manager_upgrade.go:862.35,865.3 2 0
github.com/linuxdeepin/lastore-daemon/src/lastore-daemon/manager_upgrade.go:869.46,871.42 2 0
github.com/linuxdeepin/lastore-daemon/src/lastore-daemon/manager_upgrade.go:871.42,872.77 1 0
github.com/linuxdeepin/lastore-daemon/src/lastore-daemon/manager_upgrade.go:872.77,874.4 1 0
github.com/linuxdeepin/lastore-daemon/src/lastore-daemon/manager_upgrade.go:877.2,877.37 1 0
github.com/linuxdeepin/lastore-daemon/src/lastore-daemon/manager_upgrade.go:877.37,879.17 2 0
github.com/linuxdeepin/lastore-daemon/src/lastore-daemon/manager_upgrade.go:879.17,881.4 1 0
github.com/linuxdeepin/lastore-daemon/src/lastore-daemon/manager_upgrade.go:883.2,883.12 1 0
github.com/linuxdeepin/lastore-daemon/src/lastore-daemon/manager_upgrade.go:887.75,897.25 6 0
github.com/linuxdeepin/lastore-daemon/src/lastore-daemon/manager_upgrade.go:897.25,898.38 1 0
github.com/linuxdeepin/lastore-daemon/src/lastore-daemon/manager_upgrade.go:898.38,904.4 1 0
github.com/linuxdeepin/lastore-daemon/src/lastore-daemon/manager_upgrade.go:905.8,906.56 1 0
github.com/linuxdeepin/lastore-daemon/src/lastore-daemon/manager_upgrade.go:906.56,909.18 3 0
github.com/linuxdeepin/lastore-daemon/src/lastore-daemon/manager_upgrade.go:909.18,911.5 1 0
github.com/linuxdeepin/lastore-daemon/src/lastore-daemon/manager_upgrade.go:912.4,914.18 3 0
github.com/linuxdeepin/lastore-daemon/src/lastore-daemon/manager_upgrade.go:914.18,916.5 1 0
github.com/linuxdeepin/lastore-daemon/src/lastore-daemon/manager_upgrade.go:917.4,917.40 1 0
github.com/linuxdeepin/lastore-daemon/src/lastore-daemon/manager_upgrade.go:917.40,923.5 1 0
github.com/linuxdeepin/lastore-daemon/src/lastore-daemon/manager_upgrade.go:924.4,924.14 1 0
github.com/linuxdeepin/lastore-daemon/src/lastore-daemon/manager_upgrade.go:926.3,926.31 1 0
github.com/linuxdeepin/lastore-daemon/src/lastore-daemon/manager_upgrade.go:929.2,931.16 2 0
github.com/linuxdeepin/lastore-daemon/src/lastore-daemon/manager_upgrade.go:931.16,933.4 1 0
github.com/linuxdeepin/lastore-daemon/src/lastore-daemon/manager_upgrade.go:935.3,937.17 2 0
github.com/linuxdeepin/lastore-daemon/src/lastore-daemon/manager_upgrade.go:937.17,940.4 2 0
github.com/linuxdeepin/lastore-daemon/src/lastore-daemon/manager_upgrade.go:942.2,942.18 1 0
github.com/linuxdeepin/lastore-daemon/src/lastore-daemon/manager_upgrade.go:946.73,948.58 2 0
github.com/linuxdeepin/lastore-daemon/src/lastore-daemon/manager_upgrade.go:948.58,955.17 3 0
github.com/linuxdeepin/lastore-daemon/src/lastore-daemon/manager_upgrade.go:955.17,957.12 2 0
github.com/linuxdeepin/lastore-daemon/src/lastore-daemon/manager_upgrade.go:959.3,962.38 4 0
github.com/linuxdeepin/lastore-daemon/src/lastore-daemon/manager_upgrade.go:964.2,964.18 1 0
github.com/linuxdeepin/lastore-daemon/src/lastore-daemon/manager_upgrade.go:967.75,971.34 4 0
github.com/linuxdeepin/lastore-daemon/src/lastore-daemon/manager_upgrade.go:971.34,973.3 1 0
github.com/linuxdeepin/lastore-daemon/src/lastore-daemon/manager_upgrade.go:974.2,974.36 1 0
github.com/linuxdeepin/lastore-daemon/src/lastore-daemon/manager_upgrade.go:974.36,976.3 1 0
github.com/linuxdeepin/lastore-daemon/src/lastore-daemon/manager_upgrade.go:977.2,977.35 1 0
github.com/linuxdeepin/lastore-daemon/src/lastore-daemon/manager_upgrade.go:977.35,979.3 1 0
github.com/linuxdeepin/lastore-daemon/src/lastore-daemon/manager_upgrade.go:980.2,980.31 1 0
github.com/linuxdeepin/lastore-daemon/src/lastore-daemon/manager_upgrade.go:980.31,982.3 1 0
github.com/linuxdeepin/lastore-daemon/src/lastore-daemon/manager_upgrade.go:983.2,984.27 2 0
github.com/linuxdeepin/lastore-daemon/src/lastore-daemon/manager_upgrade.go:984.27,986.3 1 0
github.com/linuxdeepin/lastore-daemon/src/lastore-daemon/manager_upgrade.go:987.2,988.16 2 0
github.com/linuxdeepin/lastore-daemon/src/lastore-daemon/manager_upgrade.go:988.16,991.3 2 0
github.com/linuxdeepin/lastore-daemon/src/lastore-daemon/manager_upgrade.go:992.2,992.29 1 0
github.com/linuxdeepin/lastore-daemon/src/lastore-daemon/manager_upgrade.go:992.29,993.49 1 0
github.com/linuxdeepin/lastore-daemon/src/lastore-daemon/manager_upgrade.go:993.49,994.39 1 0
github.com/linuxdeepin/lastore-daemon/src/lastore-daemon/manager_upgrade.go:994.39,996.47 2 0
github.com/linuxdeepin/lastore-daemon/src/lastore-daemon/manager_upgrade.go:996.47,998.6 1 0
github.com/linuxdeepin/lastore-daemon/src/lastore-daemon/manager_upgrade.go:1002.2,1002.12 1 0
github.com/linuxdeepin/lastore-daemon/src/lastore-daemon/manager_upgrade.go:1008.44,1010.16 2 0
github.com/linuxdeepin/lastore-daemon/src/lastore-daemon/manager_upgrade.go:1010.16,1012.3 1 0
github.com/linuxdeepin/lastore-daemon/src/lastore-daemon/manager_upgrade.go:1013.2,1013.38 1 0
github.com/linuxdeepin/lastore-daemon/src/lastore-daemon/peakOffPeakMonitor.go:24.79,32.2 1 0
github.com/linuxdeepin/lastore-daemon/src/lastore-daemon/peakOffPeakMonitor.go:34.38,35.27 1 0
github.com/linuxdeepin/lastore-daemon/src/lastore-daemon/peakOffPeakMonitor.go:35.27,42.3 6 0
github.com/linuxdeepin/lastore-daemon/src/lastore-daemon/peakOffPeakMonitor.go:44.2,44.22 1 0
github.com/linuxdeepin/lastore-daemon/src/lastore-daemon/peakOffPeakMonitor.go:44.22,50.3 5 0
github.com/linuxdeepin/lastore-daemon/src/lastore-daemon/peakOffPeakMonitor.go:52.2,57.12 5 0
github.com/linuxdeepin/lastore-daemon/src/lastore-daemon/peakOffPeakMonitor.go:60.37,63.15 3 0
github.com/linuxdeepin/lastore-daemon/src/lastore-daemon/peakOffPeakMonitor.go:63.15,65.3 1 0
github.com/linuxdeepin/lastore-daemon/src/lastore-daemon/peakOffPeakMonitor.go:66.2,69.46 4 0
github.com/linuxdeepin/lastore-daemon/src/lastore-daemon/peakOffPeakMonitor.go:72.55,74.2 1 0
github.com/linuxdeepin/lastore-daemon/src/lastore-daemon/peakOffPeakMonitor.go:76.49,79.2 2 0
github.com/linuxdeepin/lastore-daemon/src/lastore-daemon/peakOffPeakMonitor.go:81.36,87.6 4 0
github.com/linuxdeepin/lastore-daemon/src/lastore-daemon/peakOffPeakMonitor.go:87.6,88.10 1 0
github.com/linuxdeepin/lastore-daemon/src/lastore-daemon/peakOffPeakMonitor.go:89.17,90.10 1 0
github.com/linuxdeepin/lastore-daemon/src/lastore-daemon/peakOffPeakMonitor.go:91.19,92.15 1 0
github.com/linuxdeepin/lastore-daemon/src/lastore-daemon/peakOffPeakMonitor.go:97.40,101.37 3 0
github.com/linuxdeepin/lastore-daemon/src/lastore-daemon/peakOffPeakMonitor.go:101.37,105.3 3 0
github.com/linuxdeepin/lastore-daemon/src/lastore-daemon/peakOffPeakMonitor.go:108.54,111.16 3 1
github.com/linuxdeepin/lastore-daemon/src/lastore-daemon/peakOffPeakMonitor.go:111.16,114.3 2 1
github.com/linuxdeepin/lastore-daemon/src/lastore-daemon/peakOffPeakMonitor.go:115.2,117.31 3 1
github.com/linuxdeepin/lastore-daemon/src/lastore-daemon/speed_meter.go:21.50,22.25 1 1
github.com/linuxdeepin/lastore-daemon/src/lastore-daemon/speed_meter.go:22.25,24.3 1 1
github.com/linuxdeepin/lastore-daemon/src/lastore-daemon/speed_meter.go:27.76,30.26 2 1
github.com/linuxdeepin/lastore-daemon/src/lastore-daemon/speed_meter.go:30.26,32.3 1 1
github.com/linuxdeepin/lastore-daemon/src/lastore-daemon/speed_meter.go:34.2,35.17 2 1
github.com/linuxdeepin/lastore-daemon/src/lastore-daemon/speed_meter.go:35.17,39.3 3 1
github.com/linuxdeepin/lastore-daemon/src/lastore-daemon/speed_meter.go:41.2,41.69 1 1
github.com/linuxdeepin/lastore-daemon/src/lastore-daemon/speed_meter.go:41.69,42.25 1 1
github.com/linuxdeepin/lastore-daemon/src/lastore-daemon/speed_meter.go:42.25,44.4 1 1
github.com/linuxdeepin/lastore-daemon/src/lastore-daemon/speed_meter.go:44.9,46.4 1 1
github.com/linuxdeepin/lastore-daemon/src/lastore-daemon/speed_meter.go:47.3,48.27 2 1
github.com/linuxdeepin/lastore-daemon/src/lastore-daemon/speed_meter.go:50.2,50.16 1 1
github.com/linuxdeepin/lastore-daemon/src/lastore-daemon/start_job.go:16.54,17.14 1 0
github.com/linuxdeepin/lastore-daemon/src/lastore-daemon/start_job.go:17.14,18.35 1 0
github.com/linuxdeepin/lastore-daemon/src/lastore-daemon/start_job.go:20.2,24.16 5 0
github.com/linuxdeepin/lastore-daemon/src/lastore-daemon/start_job.go:24.16,26.3 1 0
github.com/linuxdeepin/lastore-daemon/src/lastore-daemon/start_job.go:27.2,27.16 1 0
github.com/linuxdeepin/lastore-daemon/src/lastore-daemon/start_job.go:28.30,29.69 1 0
github.com/linuxdeepin/lastore-daemon/src/lastore-daemon/start_job.go:31.40,32.67 1 0
github.com/linuxdeepin/lastore-daemon/src/lastore-daemon/start_job.go:34.29,35.60 1 0
github.com/linuxdeepin/lastore-daemon/src/lastore-daemon/start_job.go:37.33,38.64 1 0
github.com/linuxdeepin/lastore-daemon/src/lastore-daemon/start_job.go:40.28,41.49 1 0
github.com/linuxdeepin/lastore-daemon/src/lastore-daemon/start_job.go:43.34,44.53 1 0
github.com/linuxdeepin/lastore-daemon/src/lastore-daemon/start_job.go:46.28,47.60 1 0
github.com/linuxdeepin/lastore-daemon/src/lastore-daemon/start_job.go:49.27,50.25 1 0
github.com/linuxdeepin/lastore-daemon/src/lastore-daemon/start_job.go:52.30,54.27 2 0
github.com/linuxdeepin/lastore-daemon/src/lastore-daemon/start_job.go:54.27,56.4 1 0
github.com/linuxdeepin/lastore-daemon/src/lastore-daemon/start_job.go:57.3,57.58 1 0
github.com/linuxdeepin/lastore-daemon/src/lastore-daemon/start_job.go:59.33,61.27 2 0
github.com/linuxdeepin/lastore-daemon/src/lastore-daemon/start_job.go:61.27,63.4 1 0
github.com/linuxdeepin/lastore-daemon/src/lastore-daemon/start_job.go:64.3,64.57 1 0
github.com/linuxdeepin/lastore-daemon/src/lastore-daemon/start_job.go:65.28,66.28 1 0
github.com/linuxdeepin/lastore-daemon/src/lastore-daemon/start_job.go:67.10,68.75 1 0
github.com/linuxdeepin/lastore-daemon/src/lastore-daemon/start_job.go:72.73,99.9 3 1
github.com/linuxdeepin/lastore-daemon/src/lastore-daemon/start_job.go:99.9,101.3 1 1
github.com/linuxdeepin/lastore-daemon/src/lastore-daemon/start_job.go:102.2,102.24 1 1
github.com/linuxdeepin/lastore-daemon/src/lastore-daemon/start_job.go:102.24,103.14 1 1
github.com/linuxdeepin/lastore-daemon/src/lastore-daemon/start_job.go:103.14,105.4 1 1
github.com/linuxdeepin/lastore-daemon/src/lastore-daemon/start_job.go:107.2,107.14 1 1
github.com/linuxdeepin/lastore-daemon/src/lastore-daemon/start_job.go:111.57,113.44 2 1
github.com/linuxdeepin/lastore-daemon/src/lastore-daemon/start_job.go:113.44,115.3 1 0
github.com/linuxdeepin/lastore-daemon/src/lastore-daemon/start_job.go:117.2,117.153 1 1
github.com/linuxdeepin/lastore-daemon/src/lastore-daemon/start_job.go:117.153,119.3 1 0
github.com/linuxdeepin/lastore-daemon/src/lastore-daemon/start_job.go:120.2,121.46 2 1
github.com/linuxdeepin/lastore-daemon/src/lastore-daemon/start_job.go:121.46,124.3 2 0
github.com/linuxdeepin/lastore-daemon/src/lastore-daemon/start_job.go:125.2,126.19 2 1
github.com/linuxdeepin/lastore-daemon/src/lastore-daemon/start_job.go:126.19,131.79 4 0
github.com/linuxdeepin/lastore-daemon/src/lastore-daemon/start_job.go:131.79,134.4 2 0
github.com/linuxdeepin/lastore-daemon/src/lastore-daemon/start_job.go:136.2,138.16 3 1
github.com/linuxdeepin/lastore-daemon/src/lastore-daemon/start_job.go:138.16,140.3 1 1
github.com/linuxdeepin/lastore-daemon/src/lastore-daemon/start_job.go:141.2,141.24 1 0
github.com/linuxdeepin/lastore-daemon/src/lastore-daemon/start_job.go:141.24,143.17 2 0
github.com/linuxdeepin/lastore-daemon/src/lastore-daemon/start_job.go:143.17,145.4 1 0
github.com/linuxdeepin/lastore-daemon/src/lastore-daemon/start_job.go:147.2,148.19 2 0
github.com/linuxdeepin/lastore-daemon/src/lastore-daemon/start_job.go:148.19,153.79 4 0
github.com/linuxdeepin/lastore-daemon/src/lastore-daemon/start_job.go:153.79,156.4 2 0
github.com/linuxdeepin/lastore-daemon/src/lastore-daemon/start_job.go:158.2,158.38 1 0
github.com/linuxdeepin/lastore-daemon/src/lastore-daemon/start_job.go:158.38,160.3 1 0
github.com/linuxdeepin/lastore-daemon/src/lastore-daemon/start_job.go:161.2,161.12 1 0
github.com/linuxdeepin/lastore-daemon/src/lastore-daemon/stub.go:21.43,23.2 1 1
github.com/linuxdeepin/lastore-daemon/src/lastore-daemon/stub.go:25.39,27.2 1 1
github.com/linuxdeepin/lastore-daemon/src/lastore-daemon/stub.go:29.43,31.2 1 1
github.com/linuxdeepin/lastore-daemon/src/lastore-daemon/stub.go:33.35,44.26 8 0
github.com/linuxdeepin/lastore-daemon/src/lastore-daemon/stub.go:44.26,49.20 4 0
github.com/linuxdeepin/lastore-daemon/src/lastore-daemon/stub.go:49.20,52.4 2 0
github.com/linuxdeepin/lastore-daemon/src/lastore-daemon/stub.go:54.3,54.17 1 0
github.com/linuxdeepin/lastore-daemon/src/lastore-daemon/stub.go:54.17,55.12 1 0
github.com/linuxdeepin/lastore-daemon/src/lastore-daemon/stub.go:58.3,61.21 4 0
github.com/linuxdeepin/lastore-daemon/src/lastore-daemon/stub.go:61.21,63.12 1 0
github.com/linuxdeepin/lastore-daemon/src/lastore-daemon/stub.go:66.3,68.23 2 0
github.com/linuxdeepin/lastore-daemon/src/lastore-daemon/stub.go:68.23,69.9 1 0
github.com/linuxdeepin/lastore-daemon/src/lastore-daemon/stub.go:73.2,73.16 1 0
github.com/linuxdeepin/lastore-daemon/src/lastore-daemon/stub.go:73.16,76.26 3 0
github.com/linuxdeepin/lastore-daemon/src/lastore-daemon/stub.go:76.26,78.4 1 0
github.com/linuxdeepin/lastore-daemon/src/lastore-daemon/stub.go:79.3,82.21 4 0
github.com/linuxdeepin/lastore-daemon/src/lastore-daemon/stub.go:85.2,85.44 1 0
github.com/linuxdeepin/lastore-daemon/src/lastore-daemon/stub.go:85.44,89.3 3 0
github.com/linuxdeepin/lastore-daemon/src/lastore-daemon/stub.go:92.48,97.14 4 0
github.com/linuxdeepin/lastore-daemon/src/lastore-daemon/stub.go:97.14,98.28 1 0
github.com/linuxdeepin/lastore-daemon/src/lastore-daemon/stub.go:98.28,99.34 1 0
github.com/linuxdeepin/lastore-daemon/src/lastore-daemon/stub.go:99.34,101.10 2 0
github.com/linuxdeepin/lastore-daemon/src/lastore-daemon/stub.go:105.2,105.13 1 0
github.com/linuxdeepin/lastore-daemon/src/lastore-daemon/stub.go:105.13,107.30 2 0
github.com/linuxdeepin/lastore-daemon/src/lastore-daemon/stub.go:107.30,109.18 2 0
github.com/linuxdeepin/lastore-daemon/src/lastore-daemon/stub.go:109.18,111.5 1 0
github.com/linuxdeepin/lastore-daemon/src/lastore-daemon/stub.go:116.50,121.14 4 0
github.com/linuxdeepin/lastore-daemon/src/lastore-daemon/stub.go:121.14,122.26 1 0
github.com/linuxdeepin/lastore-daemon/src/lastore-daemon/stub.go:122.26,123.32 1 0
github.com/linuxdeepin/lastore-daemon/src/lastore-daemon/stub.go:123.32,125.10 2 0
github.com/linuxdeepin/lastore-daemon/src/lastore-daemon/stub.go:129.2,129.13 1 0
github.com/linuxdeepin/lastore-daemon/src/lastore-daemon/stub.go:129.13,132.3 2 0
github.com/linuxdeepin/lastore-daemon/src/lastore-daemon/stub.go:135.54,140.14 4 0
github.com/linuxdeepin/lastore-daemon/src/lastore-daemon/stub.go:140.14,141.26 1 0
github.com/linuxdeepin/lastore-daemon/src/lastore-daemon/stub.go:141.26,142.36 1 0
github.com/linuxdeepin/lastore-daemon/src/lastore-daemon/stub.go:142.36,144.10 2 0
github.com/linuxdeepin/lastore-daemon/src/lastore-daemon/stub.go:148.2,148.13 1 0
github.com/linuxdeepin/lastore-daemon/src/lastore-daemon/stub.go:148.13,151.3 2 0
github.com/linuxdeepin/lastore-daemon/src/lastore-daemon/stub.go:154.29,155.16 1 1
github.com/linuxdeepin/lastore-daemon/src/lastore-daemon/stub.go:155.16,157.3 1 1
github.com/linuxdeepin/lastore-daemon/src/lastore-daemon/stub.go:159.2,159.19 1 0
github.com/linuxdeepin/lastore-daemon/src/lastore-daemon/stub.go:159.19,161.3 1 0
github.com/linuxdeepin/lastore-daemon/src/lastore-daemon/stub.go:162.2,164.16 3 0
github.com/linuxdeepin/lastore-daemon/src/lastore-daemon/stub.go:164.16,166.3 1 0
github.com/linuxdeepin/lastore-daemon/src/lastore-daemon/stub.go:169.41,171.2 1 1
github.com/linuxdeepin/lastore-daemon/src/lastore-daemon/stub.go:173.27,180.2 6 0
github.com/linuxdeepin/lastore-daemon/src/lastore-daemon/update_infos.go:21.41,25.41 4 0
github.com/linuxdeepin/lastore-daemon/src/lastore-daemon/update_infos.go:25.41,26.32 1 0
github.com/linuxdeepin/lastore-daemon/src/lastore-daemon/update_infos.go:26.32,28.4 1 0
github.com/linuxdeepin/lastore-daemon/src/lastore-daemon/update_infos.go:30.2,31.26 2 0
github.com/linuxdeepin/lastore-daemon/src/lastore-daemon/update_infos.go:34.52,38.2 3 1
github.com/linuxdeepin/lastore-daemon/src/lastore-daemon/update_infos.go:40.43,44.2 3 1
github.com/linuxdeepin/lastore-daemon/src/lastore-daemon/update_status.go:51.104,59.2 2 0
github.com/linuxdeepin/lastore-daemon/src/lastore-daemon/update_status.go:61.52,64.16 3 0
github.com/linuxdeepin/lastore-daemon/src/lastore-daemon/update_status.go:64.16,66.3 1 0
github.com/linuxdeepin/lastore-daemon/src/lastore-daemon/update_status.go:67.2,67.40 1 0
github.com/linuxdeepin/lastore-daemon/src/lastore-daemon/update_status.go:67.40,69.3 1 0
github.com/linuxdeepin/lastore-daemon/src/lastore-daemon/update_status.go:70.2,71.16 2 0
github.com/linuxdeepin/lastore-daemon/src/lastore-daemon/update_status.go:71.16,73.3 1 0
github.com/linuxdeepin/lastore-daemon/src/lastore-daemon/update_status.go:74.2,74.39 1 0
github.com/linuxdeepin/lastore-daemon/src/lastore-daemon/update_status.go:74.39,76.3 1 0
github.com/linuxdeepin/lastore-daemon/src/lastore-daemon/update_status.go:77.2,85.16 4 0
github.com/linuxdeepin/lastore-daemon/src/lastore-daemon/update_status.go:85.16,88.53 3 0
github.com/linuxdeepin/lastore-daemon/src/lastore-daemon/update_status.go:88.53,90.4 1 0
github.com/linuxdeepin/lastore-daemon/src/lastore-daemon/update_status.go:91.3,94.29 4 0
github.com/linuxdeepin/lastore-daemon/src/lastore-daemon/update_status.go:95.8,100.20 5 0
github.com/linuxdeepin/lastore-daemon/src/lastore-daemon/update_status.go:100.20,101.50 1 0
github.com/linuxdeepin/lastore-daemon/src/lastore-daemon/update_status.go:101.50,102.18 1 0
github.com/linuxdeepin/lastore-daemon/src/lastore-daemon/update_status.go:103.73,104.53 1 0
github.com/linuxdeepin/lastore-daemon/src/lastore-daemon/update_status.go:105.88,106.53 1 0
github.com/linuxdeepin/lastore-daemon/src/lastore-daemon/update_status.go:107.26,108.50 1 0
github.com/linuxdeepin/lastore-daemon/src/lastore-daemon/update_status.go:111.4,115.18 5 0
github.com/linuxdeepin/lastore-daemon/src/lastore-daemon/update_status.go:115.18,117.5 1 0
github.com/linuxdeepin/lastore-daemon/src/lastore-daemon/update_status.go:119.3,119.29 1 0
github.com/linuxdeepin/lastore-daemon/src/lastore-daemon/update_status.go:121.2,122.56 2 0
github.com/linuxdeepin/lastore-daemon/src/lastore-daemon/update_status.go:126.97,130.52 3 1
github.com/linuxdeepin/lastore-daemon/src/lastore-daemon/update_status.go:130.52,131.26 1 1
github.com/linuxdeepin/lastore-daemon/src/lastore-daemon/update_status.go:131.26,133.26 2 1
github.com/linuxdeepin/lastore-daemon/src/lastore-daemon/update_status.go:133.26,135.5 1 1
github.com/linuxdeepin/lastore-daemon/src/lastore-daemon/update_status.go:139.2,139.47 1 1
github.com/linuxdeepin/lastore-daemon/src/lastore-daemon/update_status.go:139.47,141.17 2 1
github.com/linuxdeepin/lastore-daemon/src/lastore-daemon/update_status.go:141.17,143.4 1 0
github.com/linuxdeepin/lastore-daemon/src/lastore-daemon/update_status.go:144.3,144.32 1 1
github.com/linuxdeepin/lastore-daemon/src/lastore-daemon/update_status.go:146.2,146.46 1 1
github.com/linuxdeepin/lastore-daemon/src/lastore-daemon/update_status.go:146.46,148.3 1 1
github.com/linuxdeepin/lastore-daemon/src/lastore-daemon/update_status.go:150.2,150.19 1 1
github.com/linuxdeepin/lastore-daemon/src/lastore-daemon/update_status.go:161.103,162.13 1 0
github.com/linuxdeepin/lastore-daemon/src/lastore-daemon/update_status.go:163.27,164.39 1 0
github.com/linuxdeepin/lastore-daemon/src/lastore-daemon/update_status.go:165.28,166.40 1 0
github.com/linuxdeepin/lastore-daemon/src/lastore-daemon/update_status.go:167.30,168.48 1 0
github.com/linuxdeepin/lastore-daemon/src/lastore-daemon/update_status.go:169.32,170.50 1 0
github.com/linuxdeepin/lastore-daemon/src/lastore-daemon/update_status.go:171.31,172.49 1 0
github.com/linuxdeepin/lastore-daemon/src/lastore-daemon/update_status.go:173.10,174.37 1 0
github.com/linuxdeepin/lastore-daemon/src/lastore-daemon/update_status.go:179.66,183.16 4 1
github.com/linuxdeepin/lastore-daemon/src/lastore-daemon/update_status.go:183.16,186.3 2 0
github.com/linuxdeepin/lastore-daemon/src/lastore-daemon/update_status.go:187.2,187.24 1 1
github.com/linuxdeepin/lastore-daemon/src/lastore-daemon/update_status.go:190.98,194.2 3 1
github.com/linuxdeepin/lastore-daemon/src/lastore-daemon/update_status.go:196.71,197.76 1 1
github.com/linuxdeepin/lastore-daemon/src/lastore-daemon/update_status.go:197.76,199.3 1 1
github.com/linuxdeepin/lastore-daemon/src/lastore-daemon/update_status.go:200.2,200.73 1 1
github.com/linuxdeepin/lastore-daemon/src/lastore-daemon/update_status.go:200.73,202.3 1 1
github.com/linuxdeepin/lastore-daemon/src/lastore-daemon/update_status.go:203.2,203.71 1 1
github.com/linuxdeepin/lastore-daemon/src/lastore-daemon/update_status.go:203.71,205.3 1 1
github.com/linuxdeepin/lastore-daemon/src/lastore-daemon/update_status.go:206.2,206.72 1 1
github.com/linuxdeepin/lastore-daemon/src/lastore-daemon/update_status.go:206.72,208.3 1 1
github.com/linuxdeepin/lastore-daemon/src/lastore-daemon/update_status.go:209.2,209.69 1 1
github.com/linuxdeepin/lastore-daemon/src/lastore-daemon/update_status.go:209.69,211.3 1 1
github.com/linuxdeepin/lastore-daemon/src/lastore-daemon/update_status.go:212.2,212.71 1 1
github.com/linuxdeepin/lastore-daemon/src/lastore-daemon/update_status.go:212.71,214.3 1 1
github.com/linuxdeepin/lastore-daemon/src/lastore-daemon/update_status.go:215.2,215.75 1 1
github.com/linuxdeepin/lastore-daemon/src/lastore-daemon/update_status.go:215.75,217.3 1 1
github.com/linuxdeepin/lastore-daemon/src/lastore-daemon/update_status.go:218.2,218.77 1 1
github.com/linuxdeepin/lastore-daemon/src/lastore-daemon/update_status.go:218.77,220.3 1 1
github.com/linuxdeepin/lastore-daemon/src/lastore-daemon/update_status.go:221.2,221.73 1 1
github.com/linuxdeepin/lastore-daemon/src/lastore-daemon/update_status.go:221.73,223.3 1 1
github.com/linuxdeepin/lastore-daemon/src/lastore-daemon/update_status.go:224.2,224.71 1 1
github.com/linuxdeepin/lastore-daemon/src/lastore-daemon/update_status.go:224.71,226.3 1 1
github.com/linuxdeepin/lastore-daemon/src/lastore-daemon/update_status.go:227.2,227.70 1 1
github.com/linuxdeepin/lastore-daemon/src/lastore-daemon/update_status.go:227.70,229.3 1 1
github.com/linuxdeepin/lastore-daemon/src/lastore-daemon/update_status.go:230.2,230.72 1 1
github.com/linuxdeepin/lastore-daemon/src/lastore-daemon/update_status.go:230.72,232.3 1 1
github.com/linuxdeepin/lastore-daemon/src/lastore-daemon/update_status.go:233.2,233.13 1 1
github.com/linuxdeepin/lastore-daemon/src/lastore-daemon/update_status.go:237.110,240.52 3 0
github.com/linuxdeepin/lastore-daemon/src/lastore-daemon/update_status.go:240.52,241.44 1 0
github.com/linuxdeepin/lastore-daemon/src/lastore-daemon/update_status.go:241.44,243.44 2 0
github.com/linuxdeepin/lastore-daemon/src/lastore-daemon/update_status.go:243.44,245.13 2 0
github.com/linuxdeepin/lastore-daemon/src/lastore-daemon/update_status.go:247.4,247.30 1 0
github.com/linuxdeepin/lastore-daemon/src/lastore-daemon/update_status.go:247.30,251.5 3 0
github.com/linuxdeepin/lastore-daemon/src/lastore-daemon/update_status.go:255.2,255.14 1 0
github.com/linuxdeepin/lastore-daemon/src/lastore-daemon/update_status.go:255.14,258.3 2 0
github.com/linuxdeepin/lastore-daemon/src/lastore-daemon/update_status.go:259.2,261.39 3 0
github.com/linuxdeepin/lastore-daemon/src/lastore-daemon/update_status.go:267.85,282.9 3 1
github.com/linuxdeepin/lastore-daemon/src/lastore-daemon/update_status.go:282.9,284.3 1 0
github.com/linuxdeepin/lastore-daemon/src/lastore-daemon/update_status.go:285.2,285.24 1 1
github.com/linuxdeepin/lastore-daemon/src/lastore-daemon/update_status.go:285.24,286.21 1 1
github.com/linuxdeepin/lastore-daemon/src/lastore-daemon/update_status.go:286.21,288.4 1 1
github.com/linuxdeepin/lastore-daemon/src/lastore-daemon/update_status.go:290.2,290.13 1 1
github.com/linuxdeepin/lastore-daemon/src/lastore-daemon/update_status.go:293.120,294.88 1 0
github.com/linuxdeepin/lastore-daemon/src/lastore-daemon/update_status.go:294.88,296.3 1 0
github.com/linuxdeepin/lastore-daemon/src/lastore-daemon/update_status.go:297.2,298.16 2 0
github.com/linuxdeepin/lastore-daemon/src/lastore-daemon/update_status.go:299.24,300.29 1 0
github.com/linuxdeepin/lastore-daemon/src/lastore-daemon/update_status.go:301.27,302.28 1 0
github.com/linuxdeepin/lastore-daemon/src/lastore-daemon/update_status.go:303.44,304.25 1 0
github.com/linuxdeepin/lastore-daemon/src/lastore-daemon/update_status.go:306.2,308.28 3 0
github.com/linuxdeepin/lastore-daemon/src/lastore-daemon/update_status.go:311.60,320.16 3 0
github.com/linuxdeepin/lastore-daemon/src/lastore-daemon/update_status.go:320.16,323.3 2 0
github.com/linuxdeepin/lastore-daemon/src/lastore-daemon/update_status.go:324.2,325.42 2 0
github.com/linuxdeepin/lastore-daemon/src/lastore-daemon/update_status.go:325.42,327.3 1 0
github.com/linuxdeepin/lastore-daemon/src/lastore-daemon/update_status.go:328.2,328.49 1 0
github.com/linuxdeepin/lastore-daemon/src/lastore-daemon/update_status.go:331.69,333.2 1 0
github.com/linuxdeepin/lastore-daemon/src/lastore-daemon/update_status.go:335.68,337.2 1 0
github.com/linuxdeepin/lastore-daemon/src/lastore-daemon/update_status.go:339.99,340.34 1 0
github.com/linuxdeepin/lastore-daemon/src/lastore-daemon/update_status.go:340.34,342.3 1 0
github.com/linuxdeepin/lastore-daemon/src/lastore-daemon/update_status.go:343.2,349.16 6 0
github.com/linuxdeepin/lastore-daemon/src/lastore-daemon/update_status.go:349.16,351.3 1 0
github.com/linuxdeepin/lastore-daemon/src/lastore-daemon/update_status.go:352.2,352.40 1 0
github.com/linuxdeepin/lastore-daemon/src/lastore-daemon/update_status.go:352.40,354.3 1 0
github.com/linuxdeepin/lastore-daemon/src/lastore-daemon/update_status.go:357.2,357.52 1 0
github.com/linuxdeepin/lastore-daemon/src/lastore-daemon/update_status.go:357.52,361.35 3 0
github.com/linuxdeepin/lastore-daemon/src/lastore-daemon/update_status.go:361.35,364.4 1 0
github.com/linuxdeepin/lastore-daemon/src/lastore-daemon/update_status.go:366.3,366.35 1 0
github.com/linuxdeepin/lastore-daemon/src/lastore-daemon/update_status.go:366.35,369.4 1 0
github.com/linuxdeepin/lastore-daemon/src/lastore-daemon/update_status.go:371.2,372.21 2 0
github.com/linuxdeepin/lastore-daemon/src/lastore-daemon/update_status.go:375.90,376.25 1 0
github.com/linuxdeepin/lastore-daemon/src/lastore-daemon/update_status.go:376.25,378.3 1 0
github.com/linuxdeepin/lastore-daemon/src/lastore-daemon/update_status.go:379.2,381.16 3 0
github.com/linuxdeepin/lastore-daemon/src/lastore-daemon/update_status.go:381.16,383.3 1 0
github.com/linuxdeepin/lastore-daemon/src/lastore-daemon/update_status.go:384.2,384.39 1 0
github.com/linuxdeepin/lastore-daemon/src/lastore-daemon/update_status.go:384.39,386.3 1 0
github.com/linuxdeepin/lastore-daemon/src/lastore-daemon/update_status.go:387.2,390.18 3 0
github.com/linuxdeepin/lastore-daemon/src/lastore-daemon/update_status.go:394.80,396.2 1 0
github.com/linuxdeepin/lastore-daemon/src/lastore-daemon/update_status.go:399.101,405.52 5 0
github.com/linuxdeepin/lastore-daemon/src/lastore-daemon/update_status.go:405.52,406.20 1 0
github.com/linuxdeepin/lastore-daemon/src/lastore-daemon/update_status.go:406.20,407.12 1 0
github.com/linuxdeepin/lastore-daemon/src/lastore-daemon/update_status.go:409.3,411.13 3 0
github.com/linuxdeepin/lastore-daemon/src/lastore-daemon/update_status.go:411.13,416.18 5 0
github.com/linuxdeepin/lastore-daemon/src/lastore-daemon/update_status.go:416.18,422.102 2 0
github.com/linuxdeepin/lastore-daemon/src/lastore-daemon/update_status.go:422.102,423.53 1 0
github.com/linuxdeepin/lastore-daemon/src/lastore-daemon/update_status.go:423.53,424.39 1 0
github.com/linuxdeepin/lastore-daemon/src/lastore-daemon/update_status.go:424.39,427.8 2 0
github.com/linuxdeepin/lastore-daemon/src/lastore-daemon/update_status.go:430.5,430.37 1 0
github.com/linuxdeepin/lastore-daemon/src/lastore-daemon/update_status.go:430.37,433.6 2 0
github.com/linuxdeepin/lastore-daemon/src/lastore-daemon/update_status.go:434.10,437.31 3 0
github.com/linuxdeepin/lastore-daemon/src/lastore-daemon/update_status.go:437.31,438.33 1 0
github.com/linuxdeepin/lastore-daemon/src/lastore-daemon/update_status.go:438.33,440.7 1 0
github.com/linuxdeepin/lastore-daemon/src/lastore-daemon/update_status.go:440.12,442.7 1 0
github.com/linuxdeepin/lastore-daemon/src/lastore-daemon/update_status.go:444.5,444.111 1 0
github.com/linuxdeepin/lastore-daemon/src/lastore-daemon/update_status.go:444.111,446.6 1 0
github.com/linuxdeepin/lastore-daemon/src/lastore-daemon/update_status.go:448.5,455.28 5 0
github.com/linuxdeepin/lastore-daemon/src/lastore-daemon/update_status.go:455.28,456.38 1 0
github.com/linuxdeepin/lastore-daemon/src/lastore-daemon/update_status.go:456.38,458.7 1 0
github.com/linuxdeepin/lastore-daemon/src/lastore-daemon/update_status.go:459.11,463.23 1 0
github.com/linuxdeepin/lastore-daemon/src/lastore-daemon/update_status.go:464.27,465.32 1 0
github.com/linuxdeepin/lastore-daemon/src/lastore-daemon/update_status.go:465.32,467.8 1 0
github.com/linuxdeepin/lastore-daemon/src/lastore-daemon/update_status.go:467.13,469.8 1 0
github.com/linuxdeepin/lastore-daemon/src/lastore-daemon/update_status.go:470.30,471.32 1 0
github.com/linuxdeepin/lastore-daemon/src/lastore-daemon/update_status.go:471.32,473.8 1 0
github.com/linuxdeepin/lastore-daemon/src/lastore-daemon/update_status.go:473.13,476.8 1 0
github.com/linuxdeepin/lastore-daemon/src/lastore-daemon/update_status.go:477.32,478.32 1 0
github.com/linuxdeepin/lastore-daemon/src/lastore-daemon/update_status.go:478.32,480.8 1 0
github.com/linuxdeepin/lastore-daemon/src/lastore-daemon/update_status.go:480.13,483.8 1 0
github.com/linuxdeepin/lastore-daemon/src/lastore-daemon/update_status.go:484.32,485.32 1 0
github.com/linuxdeepin/lastore-daemon/src/lastore-daemon/update_status.go:485.32,487.8 1 0
github.com/linuxdeepin/lastore-daemon/src/lastore-daemon/update_status.go:487.13,490.8 1 0
github.com/linuxdeepin/lastore-daemon/src/lastore-daemon/update_status.go:491.30,492.32 1 0
github.com/linuxdeepin/lastore-daemon/src/lastore-daemon/update_status.go:492.32,494.8 1 0
github.com/linuxdeepin/lastore-daemon/src/lastore-daemon/update_status.go:494.13,497.8 1 0
github.com/linuxdeepin/lastore-daemon/src/lastore-daemon/update_status.go:498.29,499.32 1 0
github.com/linuxdeepin/lastore-daemon/src/lastore-daemon/update_status.go:499.32,502.8 1 0
github.com/linuxdeepin/lastore-daemon/src/lastore-daemon/update_status.go:502.13,504.8 1 0
github.com/linuxdeepin/lastore-daemon/src/lastore-daemon/update_status.go:505.33,507.40 1 0
github.com/linuxdeepin/lastore-daemon/src/lastore-daemon/update_status.go:508.28,509.32 1 0
github.com/linuxdeepin/lastore-daemon/src/lastore-daemon/update_status.go:509.32,512.8 1 0
github.com/linuxdeepin/lastore-daemon/src/lastore-daemon/update_status.go:512.13,515.8 1 0
github.com/linuxdeepin/lastore-daemon/src/lastore-daemon/update_status.go:516.29,517.32 1 0
github.com/linuxdeepin/lastore-daemon/src/lastore-daemon/update_status.go:517.32,520.8 1 0
github.com/linuxdeepin/lastore-daemon/src/lastore-daemon/update_status.go:520.13,522.8 1 0
github.com/linuxdeepin/lastore-daemon/src/lastore-daemon/update_status.go:523.27,524.32 1 0
github.com/linuxdeepin/lastore-daemon/src/lastore-daemon/update_status.go:524.32,527.8 1 0
github.com/linuxdeepin/lastore-daemon/src/lastore-daemon/update_status.go:527.13,529.8 1 0
github.com/linuxdeepin/lastore-daemon/src/lastore-daemon/update_status.go:533.4,533.30 1 0
github.com/linuxdeepin/lastore-daemon/src/lastore-daemon/update_status.go:533.30,536.5 2 0
github.com/linuxdeepin/lastore-daemon/src/lastore-daemon/update_status.go:539.2,540.13 2 0
github.com/linuxdeepin/lastore-daemon/src/lastore-daemon/update_status.go:540.13,542.3 1 0
github.com/linuxdeepin/lastore-daemon/src/lastore-daemon/update_status.go:543.2,543.51 1 0
github.com/linuxdeepin/lastore-daemon/src/lastore-daemon/update_status.go:546.68,548.26 2 0
github.com/linuxdeepin/lastore-daemon/src/lastore-daemon/update_status.go:548.26,550.3 1 0
github.com/linuxdeepin/lastore-daemon/src/lastore-daemon/update_status.go:551.2,553.16 3 0
github.com/linuxdeepin/lastore-daemon/src/lastore-daemon/update_status.go:553.16,555.3 1 0
github.com/linuxdeepin/lastore-daemon/src/lastore-daemon/update_status.go:559.71,560.25 1 0
github.com/linuxdeepin/lastore-daemon/src/lastore-daemon/update_status.go:560.25,563.3 2 0
github.com/linuxdeepin/lastore-daemon/src/lastore-daemon/update_status.go:564.2,568.52 5 0
github.com/linuxdeepin/lastore-daemon/src/lastore-daemon/update_status.go:568.52,570.25 1 0
github.com/linuxdeepin/lastore-daemon/src/lastore-daemon/update_status.go:570.25,571.12 1 0
github.com/linuxdeepin/lastore-daemon/src/lastore-daemon/update_status.go:574.3,575.10 2 0
github.com/linuxdeepin/lastore-daemon/src/lastore-daemon/update_status.go:575.10,578.4 1 0
github.com/linuxdeepin/lastore-daemon/src/lastore-daemon/update_status.go:578.9,580.66 1 0
github.com/linuxdeepin/lastore-daemon/src/lastore-daemon/update_status.go:580.66,582.10 2 0
github.com/linuxdeepin/lastore-daemon/src/lastore-daemon/update_status.go:586.2,586.43 1 0
github.com/linuxdeepin/lastore-daemon/src/lastore-daemon/update_status.go:590.108,595.52 5 1
github.com/linuxdeepin/lastore-daemon/src/lastore-daemon/update_status.go:595.52,596.22 1 1
github.com/linuxdeepin/lastore-daemon/src/lastore-daemon/update_status.go:596.22,597.12 1 1
github.com/linuxdeepin/lastore-daemon/src/lastore-daemon/update_status.go:600.3,600.25 1 1
github.com/linuxdeepin/lastore-daemon/src/lastore-daemon/update_status.go:600.25,601.12 1 0
github.com/linuxdeepin/lastore-daemon/src/lastore-daemon/update_status.go:604.3,605.10 2 1
github.com/linuxdeepin/lastore-daemon/src/lastore-daemon/update_status.go:605.10,606.12 1 0
github.com/linuxdeepin/lastore-daemon/src/lastore-daemon/update_status.go:607.9,609.167 1 1
github.com/linuxdeepin/lastore-daemon/src/lastore-daemon/update_status.go:609.167,611.5 1 1
github.com/linuxdeepin/lastore-daemon/src/lastore-daemon/update_status.go:614.2,614.30 1 1
github.com/linuxdeepin/lastore-daemon/src/lastore-daemon/update_status.go:618.101,625.52 7 1
github.com/linuxdeepin/lastore-daemon/src/lastore-daemon/update_status.go:625.52,626.22 1 1
github.com/linuxdeepin/lastore-daemon/src/lastore-daemon/update_status.go:626.22,627.12 1 1
github.com/linuxdeepin/lastore-daemon/src/lastore-daemon/update_status.go:630.3,630.25 1 1
github.com/linuxdeepin/lastore-daemon/src/lastore-daemon/update_status.go:630.25,631.12 1 0
github.com/linuxdeepin/lastore-daemon/src/lastore-daemon/update_status.go:634.3,635.10 2 1
github.com/linuxdeepin/lastore-daemon/src/lastore-daemon/update_status.go:635.10,636.12 1 0
github.com/linuxdeepin/lastore-daemon/src/lastore-daemon/update_status.go:637.9,642.100 1 1
github.com/linuxdeepin/lastore-daemon/src/lastore-daemon/update_status.go:642.100,645.5 2 1
github.com/linuxdeepin/lastore-daemon/src/lastore-daemon/update_status.go:646.4,646.35 1 1
github.com/linuxdeepin/lastore-daemon/src/lastore-daemon/update_status.go:646.35,648.5 1 1
github.com/linuxdeepin/lastore-daemon/src/lastore-daemon/update_status.go:651.2,651.26 1 1
github.com/linuxdeepin/lastore-daemon/src/lastore-daemon/update_status.go:651.26,653.3 1 1
github.com/linuxdeepin/lastore-daemon/src/lastore-daemon/update_status.go:653.8,655.3 1 1
github.com/linuxdeepin/lastore-daemon/src/lastore-daemon/update_status.go:658.85,660.2 1 1
github.com/linuxdeepin/lastore-daemon/src/lastore-daemon/update_status.go:663.67,665.29 2 0
github.com/linuxdeepin/lastore-daemon/src/lastore-daemon/update_status.go:665.29,667.3 1 0
github.com/linuxdeepin/lastore-daemon/src/lastore-daemon/update_status.go:668.2,670.16 3 0
github.com/linuxdeepin/lastore-daemon/src/lastore-daemon/update_status.go:670.16,672.3 1 0
github.com/linuxdeepin/lastore-daemon/src/lastore-daemon/update_status.go:675.54,678.42 3 1
github.com/linuxdeepin/lastore-daemon/src/lastore-daemon/update_status.go:678.42,679.58 1 1
github.com/linuxdeepin/lastore-daemon/src/lastore-daemon/update_status.go:679.58,681.4 1 1
github.com/linuxdeepin/lastore-daemon/src/lastore-daemon/update_status.go:683.2,683.14 1 1
github.com/linuxdeepin/lastore-daemon/src/lastore-daemon/updater.go:97.81,114.16 3 0
github.com/linuxdeepin/lastore-daemon/src/lastore-daemon/updater.go:114.16,116.3 1 0
github.com/linuxdeepin/lastore-daemon/src/lastore-daemon/updater.go:117.2,118.16 2 0
github.com/linuxdeepin/lastore-daemon/src/lastore-daemon/updater.go:118.16,120.3 1 0
github.com/linuxdeepin/lastore-daemon/src/lastore-daemon/updater.go:121.2,122.10 2 0
github.com/linuxdeepin/lastore-daemon/src/lastore-daemon/updater.go:125.64,127.25 2 1
github.com/linuxdeepin/lastore-daemon/src/lastore-daemon/updater.go:127.25,129.126 2 1
github.com/linuxdeepin/lastore-daemon/src/lastore-daemon/updater.go:129.126,131.4 1 1
github.com/linuxdeepin/lastore-daemon/src/lastore-daemon/updater.go:134.2,135.23 2 1
github.com/linuxdeepin/lastore-daemon/src/lastore-daemon/updater.go:135.23,137.3 1 1
github.com/linuxdeepin/lastore-daemon/src/lastore-daemon/updater.go:139.2,139.22 1 1
github.com/linuxdeepin/lastore-daemon/src/lastore-daemon/updater.go:143.45,144.18 1 1
github.com/linuxdeepin/lastore-daemon/src/lastore-daemon/updater.go:144.18,146.3 1 1
github.com/linuxdeepin/lastore-daemon/src/lastore-daemon/updater.go:148.2,149.16 2 1
github.com/linuxdeepin/lastore-daemon/src/lastore-daemon/updater.go:149.16,151.3 1 0
github.com/linuxdeepin/lastore-daemon/src/lastore-daemon/updater.go:154.2,154.57 1 1
github.com/linuxdeepin/lastore-daemon/src/lastore-daemon/updater.go:154.57,156.3 1 1
github.com/linuxdeepin/lastore-daemon/src/lastore-daemon/updater.go:158.2,158.12 1 1
github.com/linuxdeepin/lastore-daemon/src/lastore-daemon/updater.go:161.42,165.2 1 0
github.com/linuxdeepin/lastore-daemon/src/lastore-daemon/updater.go:167.52,168.38 1 0
github.com/linuxdeepin/lastore-daemon/src/lastore-daemon/updater.go:168.38,170.3 1 0
github.com/linuxdeepin/lastore-daemon/src/lastore-daemon/updater.go:172.2,173.44 2 0
github.com/linuxdeepin/lastore-daemon/src/lastore-daemon/updater.go:173.44,174.17 1 0
github.com/linuxdeepin/lastore-daemon/src/lastore-daemon/updater.go:174.17,175.12 1 0
github.com/linuxdeepin/lastore-daemon/src/lastore-daemon/updater.go:177.3,178.18 2 0
github.com/linuxdeepin/lastore-daemon/src/lastore-daemon/updater.go:178.18,180.4 1 0
github.com/linuxdeepin/lastore-daemon/src/lastore-daemon/updater.go:181.3,181.50 1 0
github.com/linuxdeepin/lastore-daemon/src/lastore-daemon/updater.go:181.50,184.4 2 0
github.com/linuxdeepin/lastore-daemon/src/lastore-daemon/updater.go:185.3,185.50 1 0
github.com/linuxdeepin/lastore-daemon/src/lastore-daemon/updater.go:185.50,188.4 2 0
github.com/linuxdeepin/lastore-daemon/src/lastore-daemon/updater.go:190.2,190.12 1 0
github.com/linuxdeepin/lastore-daemon/src/lastore-daemon/updater.go:190.12,192.3 1 0
github.com/linuxdeepin/lastore-daemon/src/lastore-daemon/updater.go:193.2,193.53 1 0
github.com/linuxdeepin/lastore-daemon/src/lastore-daemon/updater.go:193.53,195.3 1 0
github.com/linuxdeepin/lastore-daemon/src/lastore-daemon/updater.go:196.2,197.12 2 0
github.com/linuxdeepin/lastore-daemon/src/lastore-daemon/updater.go:200.50,202.103 2 0
github.com/linuxdeepin/lastore-daemon/src/lastore-daemon/updater.go:202.103,204.3 1 0
github.com/linuxdeepin/lastore-daemon/src/lastore-daemon/updater.go:206.2,206.94 1 0
github.com/linuxdeepin/lastore-daemon/src/lastore-daemon/updater.go:206.94,208.3 1 0
github.com/linuxdeepin/lastore-daemon/src/lastore-daemon/updater.go:209.2,209.12 1 0
github.com/linuxdeepin/lastore-daemon/src/lastore-daemon/updater.go:215.51,216.29 1 0
github.com/linuxdeepin/lastore-daemon/src/lastore-daemon/updater.go:216.29,218.64 1 0
github.com/linuxdeepin/lastore-daemon/src/lastore-daemon/updater.go:218.64,221.4 2 0
github.com/linuxdeepin/lastore-daemon/src/lastore-daemon/updater.go:223.2,223.45 1 0
github.com/linuxdeepin/lastore-daemon/src/lastore-daemon/updater.go:223.45,227.3 3 0
github.com/linuxdeepin/lastore-daemon/src/lastore-daemon/updater.go:229.2,230.16 2 0
github.com/linuxdeepin/lastore-daemon/src/lastore-daemon/updater.go:230.16,234.3 3 0
github.com/linuxdeepin/lastore-daemon/src/lastore-daemon/updater.go:235.2,240.16 6 0
github.com/linuxdeepin/lastore-daemon/src/lastore-daemon/updater.go:240.16,244.3 3 0
github.com/linuxdeepin/lastore-daemon/src/lastore-daemon/updater.go:245.2,249.57 4 0
github.com/linuxdeepin/lastore-daemon/src/lastore-daemon/updater.go:249.57,251.3 1 0
github.com/linuxdeepin/lastore-daemon/src/lastore-daemon/updater.go:252.2,255.25 3 0
github.com/linuxdeepin/lastore-daemon/src/lastore-daemon/updater.go:255.25,257.52 1 0
github.com/linuxdeepin/lastore-daemon/src/lastore-daemon/updater.go:257.52,260.18 2 0
github.com/linuxdeepin/lastore-daemon/src/lastore-daemon/updater.go:260.18,263.5 2 0
github.com/linuxdeepin/lastore-daemon/src/lastore-daemon/updater.go:263.10,265.5 1 0
github.com/linuxdeepin/lastore-daemon/src/lastore-daemon/updater.go:266.9,269.4 1 0
github.com/linuxdeepin/lastore-daemon/src/lastore-daemon/updater.go:270.8,274.52 1 0
github.com/linuxdeepin/lastore-daemon/src/lastore-daemon/updater.go:274.52,276.4 1 0
github.com/linuxdeepin/lastore-daemon/src/lastore-daemon/updater.go:277.3,277.34 1 0
github.com/linuxdeepin/lastore-daemon/src/lastore-daemon/updater.go:284.60,285.37 1 1
github.com/linuxdeepin/lastore-daemon/src/lastore-daemon/updater.go:285.37,287.3 1 1
github.com/linuxdeepin/lastore-daemon/src/lastore-daemon/updater.go:289.2,290.16 2 1
github.com/linuxdeepin/lastore-daemon/src/lastore-daemon/updater.go:290.16,292.3 1 0
github.com/linuxdeepin/lastore-daemon/src/lastore-daemon/updater.go:295.2,295.57 1 1
github.com/linuxdeepin/lastore-daemon/src/lastore-daemon/updater.go:295.57,298.49 2 1
github.com/linuxdeepin/lastore-daemon/src/lastore-daemon/updater.go:298.49,299.12 1 1
github.com/linuxdeepin/lastore-daemon/src/lastore-daemon/updater.go:301.3,301.44 1 1
github.com/linuxdeepin/lastore-daemon/src/lastore-daemon/updater.go:301.44,303.4 1 1
github.com/linuxdeepin/lastore-daemon/src/lastore-daemon/updater.go:305.2,305.14 1 1
github.com/linuxdeepin/lastore-daemon/src/lastore-daemon/updater.go:308.85,309.16 1 1
github.com/linuxdeepin/lastore-daemon/src/lastore-daemon/updater.go:309.16,311.3 1 1
github.com/linuxdeepin/lastore-daemon/src/lastore-daemon/updater.go:312.2,312.32 1 1
github.com/linuxdeepin/lastore-daemon/src/lastore-daemon/updater.go:312.32,314.3 1 1
github.com/linuxdeepin/lastore-daemon/src/lastore-daemon/updater.go:315.2,315.72 1 1
github.com/linuxdeepin/lastore-daemon/src/lastore-daemon/updater.go:324.71,328.82 3 0
github.com/linuxdeepin/lastore-daemon/src/lastore-daemon/updater.go:328.82,334.38 2 0
github.com/linuxdeepin/lastore-daemon/src/lastore-daemon/updater.go:334.38,336.4 1 0
github.com/linuxdeepin/lastore-daemon/src/lastore-daemon/updater.go:337.3,337.12 1 0
github.com/linuxdeepin/lastore-daemon/src/lastore-daemon/updater.go:340.2,341.27 2 0
github.com/linuxdeepin/lastore-daemon/src/lastore-daemon/updater.go:341.27,342.21 1 0
github.com/linuxdeepin/lastore-daemon/src/lastore-daemon/updater.go:342.21,343.12 1 0
github.com/linuxdeepin/lastore-daemon/src/lastore-daemon/updater.go:345.3,345.45 1 0
github.com/linuxdeepin/lastore-daemon/src/lastore-daemon/updater.go:347.2,347.10 1 0
github.com/linuxdeepin/lastore-daemon/src/lastore-daemon/updater.go:351.88,356.16 3 0
github.com/linuxdeepin/lastore-daemon/src/lastore-daemon/updater.go:356.16,358.3 1 0
github.com/linuxdeepin/lastore-daemon/src/lastore-daemon/updater.go:360.2,360.23 1 0
github.com/linuxdeepin/lastore-daemon/src/lastore-daemon/updater.go:360.23,362.3 1 0
github.com/linuxdeepin/lastore-daemon/src/lastore-daemon/updater.go:362.8,362.86 1 0
github.com/linuxdeepin/lastore-daemon/src/lastore-daemon/updater.go:362.86,364.3 1 0
github.com/linuxdeepin/lastore-daemon/src/lastore-daemon/updater.go:364.8,366.17 2 0
github.com/linuxdeepin/lastore-daemon/src/lastore-daemon/updater.go:366.17,369.18 3 0
github.com/linuxdeepin/lastore-daemon/src/lastore-daemon/updater.go:369.18,372.5 2 0
github.com/linuxdeepin/lastore-daemon/src/lastore-daemon/updater.go:374.3,374.65 1 0
github.com/linuxdeepin/lastore-daemon/src/lastore-daemon/updater.go:377.2,378.16 2 0
github.com/linuxdeepin/lastore-daemon/src/lastore-daemon/updater.go:378.16,381.3 2 0
github.com/linuxdeepin/lastore-daemon/src/lastore-daemon/updater.go:382.2,382.12 1 0
github.com/linuxdeepin/lastore-daemon/src/lastore-daemon/updater.go:390.80,395.2 4 0
github.com/linuxdeepin/lastore-daemon/src/lastore-daemon/updater.go:397.91,398.67 1 0
github.com/linuxdeepin/lastore-daemon/src/lastore-daemon/updater.go:398.67,400.3 1 0
github.com/linuxdeepin/lastore-daemon/src/lastore-daemon/updater.go:401.2,401.74 1 0
github.com/linuxdeepin/lastore-daemon/src/lastore-daemon/updater.go:404.97,405.67 1 0
github.com/linuxdeepin/lastore-daemon/src/lastore-daemon/updater.go:405.67,407.3 1 0
github.com/linuxdeepin/lastore-daemon/src/lastore-daemon/updater.go:408.2,408.98 1 0
github.com/linuxdeepin/lastore-daemon/src/lastore-daemon/updater.go:411.49,415.2 3 1
github.com/linuxdeepin/lastore-daemon/src/lastore-daemon/updater.go:418.50,424.16 5 0
github.com/linuxdeepin/lastore-daemon/src/lastore-daemon/updater.go:424.16,426.3 1 0
github.com/linuxdeepin/lastore-daemon/src/lastore-daemon/updater.go:427.2,427.12 1 0
github.com/linuxdeepin/lastore-daemon/src/lastore-daemon/updater.go:432.66,435.16 2 0
github.com/linuxdeepin/lastore-daemon/src/lastore-daemon/updater.go:435.16,438.3 1 0
github.com/linuxdeepin/lastore-daemon/src/lastore-daemon/updater.go:441.2,441.16 1 0
github.com/linuxdeepin/lastore-daemon/src/lastore-daemon/updater.go:441.16,443.3 1 0
github.com/linuxdeepin/lastore-daemon/src/lastore-daemon/updater.go:445.2,449.16 3 0
github.com/linuxdeepin/lastore-daemon/src/lastore-daemon/updater.go:449.16,450.38 1 0
github.com/linuxdeepin/lastore-daemon/src/lastore-daemon/updater.go:450.38,452.4 1 0
github.com/linuxdeepin/lastore-daemon/src/lastore-daemon/updater.go:455.2,473.28 6 0
github.com/linuxdeepin/lastore-daemon/src/lastore-daemon/updater.go:473.28,475.3 1 0
github.com/linuxdeepin/lastore-daemon/src/lastore-daemon/updater.go:478.2,479.16 2 0
github.com/linuxdeepin/lastore-daemon/src/lastore-daemon/updater.go:479.16,481.3 1 0
github.com/linuxdeepin/lastore-daemon/src/lastore-daemon/updater.go:482.2,482.18 1 0
github.com/linuxdeepin/lastore-daemon/src/lastore-daemon/updater.go:488.114,489.45 1 0
github.com/linuxdeepin/lastore-daemon/src/lastore-daemon/updater.go:489.45,493.3 2 0
github.com/linuxdeepin/lastore-daemon/src/lastore-daemon/updater.go:495.2,496.16 2 0
github.com/linuxdeepin/lastore-daemon/src/lastore-daemon/updater.go:496.16,498.3 1 0
github.com/linuxdeepin/lastore-daemon/src/lastore-daemon/updater.go:499.2,500.22 2 0
github.com/linuxdeepin/lastore-daemon/src/lastore-daemon/updater.go:500.22,503.3 1 0
github.com/linuxdeepin/lastore-daemon/src/lastore-daemon/updater.go:503.8,506.3 1 0
github.com/linuxdeepin/lastore-daemon/src/lastore-daemon/updater.go:507.2,507.12 1 0
github.com/linuxdeepin/lastore-daemon/src/lastore-daemon/updater.go:517.119,518.16 1 0
github.com/linuxdeepin/lastore-daemon/src/lastore-daemon/updater.go:518.16,520.17 2 0
github.com/linuxdeepin/lastore-daemon/src/lastore-daemon/updater.go:520.17,522.4 1 0
github.com/linuxdeepin/lastore-daemon/src/lastore-daemon/updater.go:525.2,526.15 2 0
github.com/linuxdeepin/lastore-daemon/src/lastore-daemon/updater.go:526.15,528.17 1 0
github.com/linuxdeepin/lastore-daemon/src/lastore-daemon/updater.go:528.17,530.53 2 0
github.com/linuxdeepin/lastore-daemon/src/lastore-daemon/updater.go:530.53,532.5 1 0
github.com/linuxdeepin/lastore-daemon/src/lastore-daemon/updater.go:537.2,538.16 2 0
github.com/linuxdeepin/lastore-daemon/src/lastore-daemon/updater.go:538.16,540.3 1 0
github.com/linuxdeepin/lastore-daemon/src/lastore-daemon/updater.go:541.2,541.13 1 0
github.com/linuxdeepin/lastore-daemon/src/lastore-daemon/updater.go:541.13,544.3 2 0
github.com/linuxdeepin/lastore-daemon/src/lastore-daemon/updater.go:546.2,547.16 2 0
github.com/linuxdeepin/lastore-daemon/src/lastore-daemon/updater.go:547.16,549.3 1 0
github.com/linuxdeepin/lastore-daemon/src/lastore-daemon/updater.go:550.2,550.13 1 0
github.com/linuxdeepin/lastore-daemon/src/lastore-daemon/updater.go:550.13,553.3 2 0
github.com/linuxdeepin/lastore-daemon/src/lastore-daemon/updater.go:556.2,557.44 2 0
github.com/linuxdeepin/lastore-daemon/src/lastore-daemon/updater.go:557.44,559.17 2 0
github.com/linuxdeepin/lastore-daemon/src/lastore-daemon/updater.go:559.17,561.4 1 0
github.com/linuxdeepin/lastore-daemon/src/lastore-daemon/updater.go:562.3,562.14 1 0
github.com/linuxdeepin/lastore-daemon/src/lastore-daemon/updater.go:562.14,565.4 2 0
github.com/linuxdeepin/lastore-daemon/src/lastore-daemon/updater.go:566.8,568.17 2 0
github.com/linuxdeepin/lastore-daemon/src/lastore-daemon/updater.go:568.17,570.4 1 0
github.com/linuxdeepin/lastore-daemon/src/lastore-daemon/updater.go:571.3,571.14 1 0
github.com/linuxdeepin/lastore-daemon/src/lastore-daemon/updater.go:571.14,574.4 2 0
github.com/linuxdeepin/lastore-daemon/src/lastore-daemon/updater.go:577.2,577.12 1 0
github.com/linuxdeepin/lastore-daemon/src/lastore-daemon/updater.go:581.74,585.16 2 0
github.com/linuxdeepin/lastore-daemon/src/lastore-daemon/updater.go:585.16,587.3 1 0
github.com/linuxdeepin/lastore-daemon/src/lastore-daemon/updater.go:589.2,589.29 1 0
github.com/linuxdeepin/lastore-daemon/src/lastore-daemon/updater.go:589.29,591.17 2 0
github.com/linuxdeepin/lastore-daemon/src/lastore-daemon/updater.go:591.17,593.4 1 0
github.com/linuxdeepin/lastore-daemon/src/lastore-daemon/updater.go:596.2,596.30 1 0
github.com/linuxdeepin/lastore-daemon/src/lastore-daemon/updater.go:600.74,603.16 2 0
github.com/linuxdeepin/lastore-daemon/src/lastore-daemon/updater.go:603.16,605.3 1 0
github.com/linuxdeepin/lastore-daemon/src/lastore-daemon/updater.go:607.2,607.29 1 0
github.com/linuxdeepin/lastore-daemon/src/lastore-daemon/updater.go:607.29,609.17 2 0
github.com/linuxdeepin/lastore-daemon/src/lastore-daemon/updater.go:609.17,611.4 1 0
github.com/linuxdeepin/lastore-daemon/src/lastore-daemon/updater.go:614.2,614.30 1 0
github.com/linuxdeepin/lastore-daemon/src/lastore-daemon/updater.go:617.85,621.50 4 0
github.com/linuxdeepin/lastore-daemon/src/lastore-daemon/updater.go:621.50,622.24 1 0
github.com/linuxdeepin/lastore-daemon/src/lastore-daemon/updater.go:622.24,624.25 2 0
github.com/linuxdeepin/lastore-daemon/src/lastore-daemon/updater.go:624.25,626.5 1 0
github.com/linuxdeepin/lastore-daemon/src/lastore-daemon/updater.go:629.2,630.22 2 0
github.com/linuxdeepin/lastore-daemon/src/lastore-daemon/updater.go:633.131,639.50 5 0
github.com/linuxdeepin/lastore-daemon/src/lastore-daemon/updater.go:639.50,640.24 1 0
github.com/linuxdeepin/lastore-daemon/src/lastore-daemon/updater.go:640.24,642.25 2 0
github.com/linuxdeepin/lastore-daemon/src/lastore-daemon/updater.go:642.25,645.5 2 0
github.com/linuxdeepin/lastore-daemon/src/lastore-daemon/updater.go:648.2,649.40 2 0
github.com/linuxdeepin/lastore-daemon/src/lastore-daemon/updater.go:652.57,654.2 1 1
github.com/linuxdeepin/lastore-daemon/src/lastore-daemon/updater.go:656.55,658.16 2 0
github.com/linuxdeepin/lastore-daemon/src/lastore-daemon/updater.go:658.16,660.3 1 0
github.com/linuxdeepin/lastore-daemon/src/lastore-daemon/updater.go:661.2,662.16 2 0
github.com/linuxdeepin/lastore-daemon/src/lastore-daemon/updater.go:662.16,664.3 1 0
github.com/linuxdeepin/lastore-daemon/src/lastore-daemon/updater.go:665.2,665.18 1 0
github.com/linuxdeepin/lastore-daemon/src/lastore-daemon/updater.go:668.61,669.25 1 0
github.com/linuxdeepin/lastore-daemon/src/lastore-daemon/updater.go:669.25,671.3 1 0
github.com/linuxdeepin/lastore-daemon/src/lastore-daemon/updater.go:672.2,672.33 1 0
github.com/linuxdeepin/lastore-daemon/src/lastore-daemon/updater.go:672.33,674.3 1 0
github.com/linuxdeepin/lastore-daemon/src/lastore-daemon/updater.go:675.2,676.12 2 0
github.com/linuxdeepin/lastore-daemon/src/lastore-daemon/updater.go:676.12,678.17 2 0
github.com/linuxdeepin/lastore-daemon/src/lastore-daemon/updater.go:678.17,680.4 1 0
github.com/linuxdeepin/lastore-daemon/src/lastore-daemon/updater.go:681.3,682.17 2 0
github.com/linuxdeepin/lastore-daemon/src/lastore-daemon/updater.go:682.17,684.4 1 0
github.com/linuxdeepin/lastore-daemon/src/lastore-daemon/updater.go:685.8,687.17 2 0
github.com/linuxdeepin/lastore-daemon/src/lastore-daemon/updater.go:687.17,689.4 1 0
github.com/linuxdeepin/lastore-daemon/src/lastore-daemon/updater.go:690.3,691.17 2 0
github.com/linuxdeepin/lastore-daemon/src/lastore-daemon/updater.go:691.17,693.4 1 0
github.com/linuxdeepin/lastore-daemon/src/lastore-daemon/updater.go:695.2,696.12 2 0
github.com/linuxdeepin/lastore-daemon/src/lastore-daemon/updater_ifc.go:18.120,20.64 2 0
github.com/linuxdeepin/lastore-daemon/src/lastore-daemon/updater_ifc.go:20.64,22.3 1 0
github.com/linuxdeepin/lastore-daemon/src/lastore-daemon/updater_ifc.go:23.2,25.8 3 0
github.com/linuxdeepin/lastore-daemon/src/lastore-daemon/updater_ifc.go:28.84,30.64 2 0
github.com/linuxdeepin/lastore-daemon/src/lastore-daemon/updater_ifc.go:30.64,32.3 1 0
github.com/linuxdeepin/lastore-daemon/src/lastore-daemon/updater_ifc.go:33.2,33.34 1 0
github.com/linuxdeepin/lastore-daemon/src/lastore-daemon/updater_ifc.go:33.34,35.3 1 0
github.com/linuxdeepin/lastore-daemon/src/lastore-daemon/updater_ifc.go:38.2,39.16 2 0
github.com/linuxdeepin/lastore-daemon/src/lastore-daemon/updater_ifc.go:39.16,41.3 1 0
github.com/linuxdeepin/lastore-daemon/src/lastore-daemon/updater_ifc.go:43.2,45.12 3 0
github.com/linuxdeepin/lastore-daemon/src/lastore-daemon/updater_ifc.go:48.87,50.64 2 0
github.com/linuxdeepin/lastore-daemon/src/lastore-daemon/updater_ifc.go:50.64,52.3 1 0
github.com/linuxdeepin/lastore-daemon/src/lastore-daemon/updater_ifc.go:53.2,53.59 1 0
github.com/linuxdeepin/lastore-daemon/src/lastore-daemon/updater_ifc.go:56.61,57.37 1 0
github.com/linuxdeepin/lastore-daemon/src/lastore-daemon/updater_ifc.go:57.37,59.3 1 0
github.com/linuxdeepin/lastore-daemon/src/lastore-daemon/updater_ifc.go:60.2,63.66 4 0
github.com/linuxdeepin/lastore-daemon/src/lastore-daemon/updater_ifc.go:63.66,66.17 3 0
github.com/linuxdeepin/lastore-daemon/src/lastore-daemon/updater_ifc.go:66.17,68.4 1 0
github.com/linuxdeepin/lastore-daemon/src/lastore-daemon/updater_ifc.go:68.9,70.18 2 0
github.com/linuxdeepin/lastore-daemon/src/lastore-daemon/updater_ifc.go:70.18,72.5 1 0
github.com/linuxdeepin/lastore-daemon/src/lastore-daemon/updater_ifc.go:76.2,77.16 2 0
github.com/linuxdeepin/lastore-daemon/src/lastore-daemon/updater_ifc.go:77.16,79.3 1 0
github.com/linuxdeepin/lastore-daemon/src/lastore-daemon/updater_ifc.go:81.2,83.12 3 0
github.com/linuxdeepin/lastore-daemon/src/lastore-daemon/updater_ifc.go:86.127,88.64 2 0
github.com/linuxdeepin/lastore-daemon/src/lastore-daemon/updater_ifc.go:88.64,90.3 1 0
github.com/linuxdeepin/lastore-daemon/src/lastore-daemon/updater_ifc.go:91.2,91.39 1 0
github.com/linuxdeepin/lastore-daemon/src/lastore-daemon/updater_ifc.go:95.78,100.16 3 0
github.com/linuxdeepin/lastore-daemon/src/lastore-daemon/updater_ifc.go:100.16,102.3 1 0
github.com/linuxdeepin/lastore-daemon/src/lastore-daemon/updater_ifc.go:104.2,104.48 1 0
github.com/linuxdeepin/lastore-daemon/src/lastore-daemon/updater_ifc.go:107.80,109.64 2 0
github.com/linuxdeepin/lastore-daemon/src/lastore-daemon/updater_ifc.go:109.64,111.3 1 0
github.com/linuxdeepin/lastore-daemon/src/lastore-daemon/updater_ifc.go:112.2,112.30 1 0
github.com/linuxdeepin/lastore-daemon/src/lastore-daemon/updater_ifc.go:112.30,114.3 1 0
github.com/linuxdeepin/lastore-daemon/src/lastore-daemon/updater_ifc.go:115.2,116.16 2 0
github.com/linuxdeepin/lastore-daemon/src/lastore-daemon/updater_ifc.go:116.16,118.3 1 0
github.com/linuxdeepin/lastore-daemon/src/lastore-daemon/updater_ifc.go:119.2,123.12 3 0
github.com/linuxdeepin/lastore-daemon/src/lastore-daemon/updater_ifc.go:127.92,128.64 1 0
github.com/linuxdeepin/lastore-daemon/src/lastore-daemon/updater_ifc.go:128.64,130.3 1 0
github.com/linuxdeepin/lastore-daemon/src/lastore-daemon/updater_ifc.go:131.2,131.62 1 0
github.com/linuxdeepin/lastore-daemon/src/lastore-daemon/updater_ifc.go:134.66,137.16 3 0
github.com/linuxdeepin/lastore-daemon/src/lastore-daemon/updater_ifc.go:137.16,140.3 2 0
github.com/linuxdeepin/lastore-daemon/src/lastore-daemon/updater_ifc.go:142.2,144.41 3 0
github.com/linuxdeepin/lastore-daemon/src/lastore-daemon/updater_ifc.go:144.41,145.69 1 0
github.com/linuxdeepin/lastore-daemon/src/lastore-daemon/updater_ifc.go:145.69,150.18 5 0
github.com/linuxdeepin/lastore-daemon/src/lastore-daemon/updater_ifc.go:150.18,153.5 2 0
github.com/linuxdeepin/lastore-daemon/src/lastore-daemon/updater_ifc.go:154.4,155.15 2 0
github.com/linuxdeepin/lastore-daemon/src/lastore-daemon/updater_ifc.go:155.15,157.19 2 0
github.com/linuxdeepin/lastore-daemon/src/lastore-daemon/updater_ifc.go:157.19,160.6 2 0
github.com/linuxdeepin/lastore-daemon/src/lastore-daemon/updater_ifc.go:161.5,162.19 2 0
github.com/linuxdeepin/lastore-daemon/src/lastore-daemon/updater_ifc.go:162.19,165.6 2 0
github.com/linuxdeepin/lastore-daemon/src/lastore-daemon/updater_ifc.go:168.8,173.3 3 0
github.com/linuxdeepin/lastore-daemon/src/lastore-daemon/updater_ifc.go:174.2,175.12 2 0
github.com/linuxdeepin/lastore-daemon/src/lastore-daemon/updater_ifc.go:178.93,179.64 1 0
github.com/linuxdeepin/lastore-daemon/src/lastore-daemon/updater_ifc.go:179.64,181.3 1 0
github.com/linuxdeepin/lastore-daemon/src/lastore-daemon/updater_ifc.go:182.2,183.77 2 0
github.com/linuxdeepin/lastore-daemon/src/lastore-daemon/updater_ifc.go:183.77,186.3 2 0
github.com/linuxdeepin/lastore-daemon/src/lastore-daemon/updater_ifc.go:187.2,187.54 1 0
github.com/linuxdeepin/lastore-daemon/src/lastore-daemon/updater_ifc.go:187.54,190.3 1 0
github.com/linuxdeepin/lastore-daemon/src/lastore-daemon/updater_ifc.go:192.2,193.64 2 0
github.com/linuxdeepin/lastore-daemon/src/lastore-daemon/updater_ifc.go:193.64,196.3 2 0
github.com/linuxdeepin/lastore-daemon/src/lastore-daemon/updater_ifc.go:197.2,197.12 1 0
github.com/linuxdeepin/lastore-daemon/src/lastore-daemon/updater_ifc.go:200.88,206.16 5 0
github.com/linuxdeepin/lastore-daemon/src/lastore-daemon/updater_ifc.go:206.16,210.3 3 0
github.com/linuxdeepin/lastore-daemon/src/lastore-daemon/updater_ifc.go:211.2,212.14 2 0
github.com/linuxdeepin/lastore-daemon/src/lastore-daemon/updater_ifc.go:212.14,215.3 2 0
github.com/linuxdeepin/lastore-daemon/src/lastore-daemon/updater_ifc.go:217.2,217.41 1 0
github.com/linuxdeepin/lastore-daemon/src/lastore-daemon/updater_ifc.go:217.41,220.3 2 0
github.com/linuxdeepin/lastore-daemon/src/lastore-daemon/updater_ifc.go:221.2,222.68 2 0
github.com/linuxdeepin/lastore-daemon/src/lastore-daemon/updater_ifc.go:222.68,224.56 2 0
github.com/linuxdeepin/lastore-daemon/src/lastore-daemon/updater_ifc.go:224.56,226.79 2 0
github.com/linuxdeepin/lastore-daemon/src/lastore-daemon/updater_ifc.go:226.79,228.5 1 0
github.com/linuxdeepin/lastore-daemon/src/lastore-daemon/updater_ifc.go:229.9,231.74 2 0
github.com/linuxdeepin/lastore-daemon/src/lastore-daemon/updater_ifc.go:231.74,233.5 1 0
github.com/linuxdeepin/lastore-daemon/src/lastore-daemon/updater_ifc.go:235.3,236.21 2 0
github.com/linuxdeepin/lastore-daemon/src/lastore-daemon/updater_ifc.go:239.2,240.12 2 0
github.com/linuxdeepin/lastore-daemon/src/lastore-daemon/updater_ifc.go:243.83,245.12 2 0
github.com/linuxdeepin/lastore-daemon/src/lastore-daemon/updater_ifc.go:245.12,247.3 1 0
github.com/linuxdeepin/lastore-daemon/src/lastore-daemon/updater_ifc.go:247.8,249.3 1 0
github.com/linuxdeepin/lastore-daemon/src/lastore-daemon/updater_ifc.go:250.2,251.16 2 0
github.com/linuxdeepin/lastore-daemon/src/lastore-daemon/updater_ifc.go:251.16,254.3 2 0
github.com/linuxdeepin/lastore-daemon/src/lastore-daemon/updater_ifc.go:255.2,256.16 2 0
github.com/linuxdeepin/lastore-daemon/src/lastore-daemon/updater_ifc.go:256.16,259.3 2 0
github.com/linuxdeepin/lastore-daemon/src/lastore-daemon/updater_ifc.go:261.2,261.69 1 0
github.com/linuxdeepin/lastore-daemon/src/lastore-daemon/updater_ifc.go:261.69,263.52 1 0
github.com/linuxdeepin/lastore-daemon/src/lastore-daemon/updater_ifc.go:263.52,265.4 1 0
github.com/linuxdeepin/lastore-daemon/src/lastore-daemon/updater_ifc.go:267.2,267.12 1 0
github.com/linuxdeepin/lastore-daemon/src/lastore-daemon/updater_ifc.go:270.74,272.16 2 0
github.com/linuxdeepin/lastore-daemon/src/lastore-daemon/updater_ifc.go:272.16,275.3 2 0
github.com/linuxdeepin/lastore-daemon/src/lastore-daemon/updater_ifc.go:276.2,277.16 2 0
github.com/linuxdeepin/lastore-daemon/src/lastore-daemon/updater_ifc.go:277.16,280.3 2 0
github.com/linuxdeepin/lastore-daemon/src/lastore-daemon/updater_ifc.go:281.2,283.16 3 0
github.com/linuxdeepin/lastore-daemon/src/lastore-daemon/updater_ifc.go:283.16,286.3 2 0
github.com/linuxdeepin/lastore-daemon/src/lastore-daemon/updater_ifc.go:287.2,287.12 1 0
github.com/linuxdeepin/lastore-daemon/src/lastore-daemon/updater_ifc.go:290.101,291.64 1 0
github.com/linuxdeepin/lastore-daemon/src/lastore-daemon/updater_ifc.go:291.64,293.3 1 0
github.com/linuxdeepin/lastore-daemon/src/lastore-daemon/updater_ifc.go:294.2,295.79 2 0
github.com/linuxdeepin/lastore-daemon/src/lastore-daemon/updater_ifc.go:295.79,297.3 1 0
github.com/linuxdeepin/lastore-daemon/src/lastore-daemon/updater_ifc.go:299.2,301.40 3 0
github.com/linuxdeepin/lastore-daemon/src/lastore-daemon/updater_ifc.go:301.40,303.17 2 0
github.com/linuxdeepin/lastore-daemon/src/lastore-daemon/updater_ifc.go:303.17,305.4 1 0
github.com/linuxdeepin/lastore-daemon/src/lastore-daemon/updater_ifc.go:306.3,307.89 2 0
github.com/linuxdeepin/lastore-daemon/src/lastore-daemon/updater_ifc.go:307.89,309.4 1 0
github.com/linuxdeepin/lastore-daemon/src/lastore-daemon/updater_ifc.go:310.3,314.4 1 0
github.com/linuxdeepin/lastore-daemon/src/lastore-daemon/updater_ifc.go:315.8,322.3 2 0
github.com/linuxdeepin/lastore-daemon/src/lastore-daemon/updater_ifc.go:325.2,325.70 1 0
github.com/linuxdeepin/lastore-daemon/src/lastore-daemon/updater_ifc.go:325.70,327.3 1 0
github.com/linuxdeepin/lastore-daemon/src/lastore-daemon/updater_ifc.go:329.2,329.70 1 0
github.com/linuxdeepin/lastore-daemon/src/lastore-daemon/updater_ifc.go:329.70,331.3 1 0
github.com/linuxdeepin/lastore-daemon/src/lastore-daemon/updater_ifc.go:333.2,334.16 2 0
github.com/linuxdeepin/lastore-daemon/src/lastore-daemon/updater_ifc.go:334.16,336.3 1 0
github.com/linuxdeepin/lastore-daemon/src/lastore-daemon/updater_ifc.go:337.2,337.91 1 0
github.com/linuxdeepin/lastore-daemon/src/lastore-daemon/updater_ifc.go:337.91,339.3 1 0
github.com/linuxdeepin/lastore-daemon/src/lastore-daemon/updater_ifc.go:341.2,341.12 1 0
github.com/linuxdeepin/lastore-daemon/src/lastore-daemon/updater_ifc.go:344.99,345.64 1 0
github.com/linuxdeepin/lastore-daemon/src/lastore-daemon/updater_ifc.go:345.64,347.3 1 0
github.com/linuxdeepin/lastore-daemon/src/lastore-daemon/updater_ifc.go:348.2,349.79 2 0
github.com/linuxdeepin/lastore-daemon/src/lastore-daemon/updater_ifc.go:349.79,351.3 1 0
github.com/linuxdeepin/lastore-daemon/src/lastore-daemon/updater_ifc.go:353.2,355.40 3 0
github.com/linuxdeepin/lastore-daemon/src/lastore-daemon/updater_ifc.go:355.40,357.17 2 0
github.com/linuxdeepin/lastore-daemon/src/lastore-daemon/updater_ifc.go:357.17,359.4 1 0
github.com/linuxdeepin/lastore-daemon/src/lastore-daemon/updater_ifc.go:360.3,361.89 2 0
github.com/linuxdeepin/lastore-daemon/src/lastore-daemon/updater_ifc.go:361.89,363.4 1 0
github.com/linuxdeepin/lastore-daemon/src/lastore-daemon/updater_ifc.go:364.3,368.4 1 0
github.com/linuxdeepin/lastore-daemon/src/lastore-daemon/updater_ifc.go:369.8,376.3 2 0
github.com/linuxdeepin/lastore-daemon/src/lastore-daemon/updater_ifc.go:379.2,379.68 1 0
github.com/linuxdeepin/lastore-daemon/src/lastore-daemon/updater_ifc.go:379.68,381.3 1 0
github.com/linuxdeepin/lastore-daemon/src/lastore-daemon/updater_ifc.go:383.2,383.68 1 0
github.com/linuxdeepin/lastore-daemon/src/lastore-daemon/updater_ifc.go:383.68,385.3 1 0
github.com/linuxdeepin/lastore-daemon/src/lastore-daemon/updater_ifc.go:386.2,387.16 2 0
github.com/linuxdeepin/lastore-daemon/src/lastore-daemon/updater_ifc.go:387.16,389.3 1 0
github.com/linuxdeepin/lastore-daemon/src/lastore-daemon/updater_ifc.go:390.2,390.89 1 0
github.com/linuxdeepin/lastore-daemon/src/lastore-daemon/updater_ifc.go:390.89,392.3 1 0
github.com/linuxdeepin/lastore-daemon/src/lastore-daemon/updater_ifc.go:394.2,394.12 1 0
